country,state,city,station,last_update,latitude,longitude,pollutant_id,pollutant_min,pollutant_max,pollutant_avg
India,Chhattisgarh,Chhal,"Nawapara SECL Colony, Chhal - CECB","20-07-2026 15:00:00",22.118125,83.140608,NO2,4,10,7
India,Chhattisgarh,Chhal,"Nawapara SECL Colony, Chhal - CECB","20-07-2026 15:00:00",22.118125,83.140608,SO2,8,11,9
India,Chhattisgarh,Chhal,"Nawapara SECL Colony, Chhal - CECB","20-07-2026 15:00:00",22.118125,83.140608,OZONE,74,80,77
India,Chhattisgarh,Korba,"Rampur, Korba - CECB","20-07-2026 15:00:00",22.368195,82.746431,PM2.5,2,26,11
India,Chhattisgarh,Korba,"Rampur, Korba - CECB","20-07-2026 15:00:00",22.368195,82.746431,NH3,2,2,2
India,Chhattisgarh,Korba,"Urja Nagar, Korba - CECB","20-07-2026 15:00:00",22.348441,82.549611,PM2.5,8,22,17
India,Chhattisgarh,Korba,"Urja Nagar, Korba - CECB","20-07-2026 15:00:00",22.348441,82.549611,PM10,12,28,20
India,Chhattisgarh,Korba,"Urja Nagar, Korba - CECB","20-07-2026 15:00:00",22.348441,82.549611,OZONE,2,2,2
India,Chhattisgarh,Kunjemura,"OP Jindal School, Kunjemura - CECB","20-07-2026 15:00:00",22.12665,83.483212,NH3,2,2,2
India,Chhattisgarh,Kunjemura,"OP Jindal School, Kunjemura - CECB","20-07-2026 15:00:00",22.12665,83.483212,CO,21,31,25
India,Chhattisgarh,Milupara,"Govt. Higher Secondary School, Milupara - CECB","20-07-2026 15:00:00",22.1910172,83.5197009,NH3,1,2,2
India,Chhattisgarh,Milupara,"Govt. Higher Secondary School, Milupara - CECB","20-07-2026 15:00:00",22.1910172,83.5197009,SO2,4,29,14
India,Chhattisgarh,Raipur,"AIIMS, Raipur - CECB","20-07-2026 15:00:00",21.258815,81.578979,SO2,3,9,5
India,Chhattisgarh,Raipur,"AIIMS, Raipur - CECB","20-07-2026 15:00:00",21.258815,81.578979,OZONE,12,28,17
India,Chhattisgarh,Raipur,"Siltara Phase-II, Raipur - CECB","20-07-2026 15:00:00",21.371751,81.664929,PM2.5,NA,NA,NA
India,Chhattisgarh,Raipur,"Siltara Phase-II, Raipur - CECB","20-07-2026 15:00:00",21.371751,81.664929,OZONE,5,8,7
India,Chhattisgarh,Raipur,"Bhatagaon New ISBT, Raipur - CECB","20-07-2026 15:00:00",21.219665,81.630094,PM2.5,2,12,6
India,Chhattisgarh,Raipur,"Bhatagaon New ISBT, Raipur - CECB","20-07-2026 15:00:00",21.219665,81.630094,NO2,0,5,1
India,Chhattisgarh,Raipur,"Krishak Nagar, Raipur - CECB","20-07-2026 15:00:00",21.237755,81.705301,NO2,2,8,4
India,"Andhra Pradesh",Tirupati,"Vaikuntapuram, Tirupati - APPCB","20-07-2026 15:00:00",13.615387,79.40923,SO2,NA,NA,NA
India,"Andhra Pradesh",Tirupati,"Vaikuntapuram, Tirupati - APPCB","20-07-2026 15:00:00",13.615387,79.40923,CO,21,32,26
India,"Andhra Pradesh",Vijayawada,"Rajiv Gandhi Park, Vijayawada - APPCB","20-07-2026 15:00:00",16.509717,80.612222,SO2,11,16,14
India,"Andhra Pradesh",Vijayawada,"Rajiv Nagar, Vijayawada - APPCB","20-07-2026 15:00:00",16.554731,80.64911,PM2.5,50,75,56
India,"Andhra Pradesh",Vijayawada,"Rajiv Nagar, Vijayawada - APPCB","20-07-2026 15:00:00",16.554731,80.64911,NH3,3,5,5
India,"Andhra Pradesh",Vijayawada,"Rajiv Nagar, Vijayawada - APPCB","20-07-2026 15:00:00",16.554731,80.64911,SO2,11,29,23
India,"Andhra Pradesh",Vijayawada,"HB Colony, Vijayawada - APPCB","20-07-2026 15:00:00",16.536107,80.594233,PM2.5,55,123,66
India,"Andhra Pradesh",Vijayawada,"HB Colony, Vijayawada - APPCB","20-07-2026 15:00:00",16.536107,80.594233,CO,19,35,25
India,"Andhra Pradesh",Visakhapatnam,"GVM Corporation, Visakhapatnam - APPCB","20-07-2026 15:00:00",17.72,83.3,PM10,70,148,107
India,"Andhra Pradesh",Visakhapatnam,"GVM Corporation, Visakhapatnam - APPCB","20-07-2026 15:00:00",17.72,83.3,NO2,29,123,73
India,"Andhra Pradesh",Visakhapatnam,"GVM Corporation, Visakhapatnam - APPCB","20-07-2026 15:00:00",17.72,83.3,SO2,3,21,11
India,"Arunachal Pradesh",Naharlagun,"Naharlagun, Naharlagun - APSPCB","20-07-2026 15:00:00",27.103358,93.679645,PM10,1,29,11
India,"Arunachal Pradesh",Naharlagun,"Naharlagun, Naharlagun - APSPCB","20-07-2026 15:00:00",27.103358,93.679645,NO2,7,8,8
India,"Arunachal Pradesh",Naharlagun,"Naharlagun, Naharlagun - APSPCB","20-07-2026 15:00:00",27.103358,93.679645,OZONE,6,6,6
India,Assam,Byrnihat,"Central Academy for SFS, Byrnihat - PCBA","20-07-2026 15:00:00",26.071318,91.87488,NO2,4,9,7
India,Bihar,Samastipur,"DM Office_Kasipur, Samastipur - BSPCB","20-07-2026 15:00:00",25.859655,85.77944,NO2,8,8,8
India,Bihar,Samastipur,"DM Office_Kasipur, Samastipur - BSPCB","20-07-2026 15:00:00",25.859655,85.77944,NH3,1,1,1
India,Bihar,Sasaram,"Dada Peer, Sasaram - BSPCB","20-07-2026 15:00:00",24.952822,84.002396,SO2,0,5,3
India,Bihar,Sasaram,"Dada Peer, Sasaram - BSPCB","20-07-2026 15:00:00",24.952822,84.002396,OZONE,2,17,12
India,Chandigarh,Chandigarh,"Sector 22, Chandigarh - CPCC","20-07-2026 15:00:00",30.735567,76.775714,PM2.5,5,60,38
India,Chandigarh,Chandigarh,"Sector 22, Chandigarh - CPCC","20-07-2026 15:00:00",30.735567,76.775714,SO2,4,6,5
India,Chandigarh,Chandigarh,"Sector 22, Chandigarh - CPCC","20-07-2026 15:00:00",30.735567,76.775714,OZONE,4,9,6
India,Chandigarh,Chandigarh,"Sector-53, Chandigarh - CPCC","20-07-2026 15:00:00",30.719859,76.738637,PM10,NA,NA,NA
India,Chhattisgarh,Bhilai,"Hathkhoj, Bhilai - CECB","20-07-2026 15:00:00",21.224231,81.40835,NO2,7,28,16
India,Chhattisgarh,Bhilai,"Hathkhoj, Bhilai - CECB","20-07-2026 15:00:00",21.224231,81.40835,CO,15,21,18
India,Chhattisgarh,Bhilai,"32Bungalows, Bhilai - CECB","20-07-2026 15:00:00",21.194815,81.31477,NO2,3,14,7
India,Chhattisgarh,Bhilai,"Civic Center, Bhilai - Bhilai Steel Plant","20-07-2026 15:00:00",21.185571,81.343175,PM2.5,3,20,9
India,Chhattisgarh,Bhilai,"Civic Center, Bhilai - Bhilai Steel Plant","20-07-2026 15:00:00",21.185571,81.343175,OZONE,10,12,11
India,Chhattisgarh,Bilaspur,"Mangala, Bilaspur - NTPC","20-07-2026 15:00:00",22.08815,82.13737,PM2.5,9,73,23
India,Bihar,Manguraha,"Forest Rest House, Manguraha - BSPCB","20-07-2026 15:00:00",27.308328,84.531742,PM2.5,NA,NA,NA
India,Bihar,Manguraha,"Forest Rest House, Manguraha - BSPCB","20-07-2026 15:00:00",27.308328,84.531742,NH3,0,2,1
India,Bihar,Motihari,"Gandak Colony, Motihari - BSPCB","20-07-2026 15:00:00",26.63086,84.90051,NO2,2,3,3
India,Bihar,Munger,"Town Hall, Munger - BSPCB","20-07-2026 15:00:00",25.376776,86.471523,NH3,2,3,3
India,Bihar,Muzaffarpur,"Buddha Colony, Muzaffarpur - BSPCB","20-07-2026 15:00:00",26.11442,85.39813,NH3,6,8,7
India,Bihar,Muzaffarpur,"Buddha Colony, Muzaffarpur - BSPCB","20-07-2026 15:00:00",26.11442,85.39813,SO2,3,17,9
India,Bihar,Muzaffarpur,"Buddha Colony, Muzaffarpur - BSPCB","20-07-2026 15:00:00",26.11442,85.39813,CO,20,21,20
India,Bihar,Muzaffarpur,"Muzaffarpur Collectorate, Muzaffarpur - BSPCB","20-07-2026 15:00:00",26.1209,85.3647,NO2,15,25,20
India,Bihar,Muzaffarpur,"Muzaffarpur Collectorate, Muzaffarpur - BSPCB","20-07-2026 15:00:00",26.1209,85.3647,CO,28,51,35
India,Bihar,Patna,"Govt. High School Shikarpur, Patna - BSPCB","20-07-2026 15:00:00",25.592539,85.227158,PM2.5,39,45,43
India,Bihar,Patna,"Govt. High School Shikarpur, Patna - BSPCB","20-07-2026 15:00:00",25.592539,85.227158,NH3,6,7,6
India,Bihar,Patna,"Rajbansi Nagar, Patna - BSPCB","20-07-2026 15:00:00",25.599486,85.113666,NH3,2,3,3
India,"Andhra Pradesh",Guntur,"Rajendra Nagar North, Guntur - APPCB","20-07-2026 15:00:00",16.316553,80.413302,NO2,16,58,34
India,"Andhra Pradesh",Guntur,"Rajendra Nagar North, Guntur - APPCB","20-07-2026 15:00:00",16.316553,80.413302,SO2,13,20,14
India,"Andhra Pradesh",Kadapa,"Yerramukkapalli, Kadapa - APPCB","20-07-2026 15:00:00",14.465052,78.824187,PM2.5,39,57,42
India,"Andhra Pradesh",Kadapa,"Yerramukkapalli, Kadapa - APPCB","20-07-2026 15:00:00",14.465052,78.824187,NO2,27,29,28
India,"Andhra Pradesh",Kadapa,"Yerramukkapalli, Kadapa - APPCB","20-07-2026 15:00:00",14.465052,78.824187,CO,20,25,23
India,"Andhra Pradesh",Kurnool,"Sita Rama Nagar, Kurnool - APPCB","20-07-2026 15:00:00",15.83411,78.028546,CO,7,12,9
India,"Andhra Pradesh",Rajamahendravaram,"Anand Kala Kshetram, Rajamahendravaram - APPCB","20-07-2026 15:00:00",16.9872867,81.7363176,NH3,NA,NA,NA
India,"Andhra Pradesh",Rajamahendravaram,"Anand Kala Kshetram, Rajamahendravaram - APPCB","20-07-2026 15:00:00",16.9872867,81.7363176,SO2,NA,NA,NA
India,"Andhra Pradesh",Tirumala,"Toll Gate, Tirumala - APPCB","20-07-2026 15:00:00",13.67,79.35,NH3,2,3,3
India,"Andhra Pradesh",Tirupati,"Vaikuntapuram, Tirupati - APPCB","20-07-2026 15:00:00",13.615387,79.40923,PM2.5,NA,NA,NA
India,Assam,Sivasagar,"Girls College, Sivasagar - PCBA","20-07-2026 15:00:00",26.987634,94.636574,OZONE,32,44,39
India,Bihar,Aurangabad,"Gurdeo Nagar, Aurangabad - BSPCB","20-07-2026 15:00:00",24.75746,84.366208,SO2,NA,NA,NA
India,Bihar,Begusarai,"Lohiyanagar, Begusarai - BSPCB","20-07-2026 15:00:00",25.42742023,86.13886079,CO,16,17,17
India,Bihar,Bettiah,"Kamalnath Nagar, Bettiah - BSPCB","20-07-2026 15:00:00",26.80365,84.51954,NH3,2,4,3
India,Bihar,Bettiah,"Kamalnath Nagar, Bettiah - BSPCB","20-07-2026 15:00:00",26.80365,84.51954,SO2,10,13,12
India,Bihar,Bhagalpur,"Mayaganj, Bhagalpur - BSPCB","20-07-2026 15:00:00",25.265194,87.012947,PM2.5,NA,NA,NA
India,Bihar,Bhagalpur,"Mayaganj, Bhagalpur - BSPCB","20-07-2026 15:00:00",25.265194,87.012947,NH3,0,2,2
India,Bihar,"Bihar Sharif","D M Colony, Bihar Sharif - BSPCB","20-07-2026 15:00:00",25.204762,85.51496,NH3,NA,NA,NA
India,Bihar,"Bihar Sharif","D M Colony, Bihar Sharif - BSPCB","20-07-2026 15:00:00",25.204762,85.51496,OZONE,2,2,2
India,Bihar,Patna,"Rajbansi Nagar, Patna - BSPCB","20-07-2026 15:00:00",25.599486,85.113666,CO,9,99,36
India,Bihar,Patna,"Samanpura, Patna - BSPCB","20-07-2026 15:00:00",25.596727,85.085624,NO2,24,25,24
India,Bihar,Patna,"IGSC Planetarium Complex, Patna - BSPCB","20-07-2026 15:00:00",25.610369,85.132568,PM10,NA,NA,NA
India,Bihar,Patna,"IGSC Planetarium Complex, Patna - BSPCB","20-07-2026 15:00:00",25.610369,85.132568,NO2,2,3,3
India,Bihar,Patna,"IGSC Planetarium Complex, Patna - BSPCB","20-07-2026 15:00:00",25.610369,85.132568,NH3,NA,NA,NA
India,Bihar,Patna,"DRM Office Danapur, Patna - BSPCB","20-07-2026 15:00:00",25.586562,85.043586,NH3,8,9,9
India,Bihar,Patna,"DRM Office Danapur, Patna - BSPCB","20-07-2026 15:00:00",25.586562,85.043586,SO2,5,7,6
India,Bihar,Rajgir,"Dangi Tola, Rajgir - BSPCB","20-07-2026 15:00:00",25.0328,85.41948,NO2,13,15,14
India,Bihar,Saharsa,"Police Line, Saharsa - BSPCB","20-07-2026 15:00:00",25.892357,86.590325,NH3,4,4,4
India,"Andhra Pradesh",Amaravati,"Secretariat, Amaravati - APPCB","20-07-2026 15:00:00",16.5150833,80.5181667,NH3,3,4,4
India,"Andhra Pradesh",Amaravati,"Secretariat, Amaravati - APPCB","20-07-2026 15:00:00",16.5150833,80.5181667,CO,1,10,5
India,"Andhra Pradesh",Anantapur,"Gulzarpet, Anantapur - APPCB","20-07-2026 15:00:00",14.675886,77.593027,NH3,3,5,3
India,"Andhra Pradesh",Anantapur,"Gulzarpet, Anantapur - APPCB","20-07-2026 15:00:00",14.675886,77.593027,CO,27,37,30
India,"Andhra Pradesh",Chittoor,"Gangineni Cheruvu, Chittoor - APPCB","20-07-2026 15:00:00",13.20488,79.097889,PM2.5,53,85,67
India,"Andhra Pradesh",Chittoor,"Gangineni Cheruvu, Chittoor - APPCB","20-07-2026 15:00:00",13.20488,79.097889,PM10,48,81,62
India,"Andhra Pradesh",Guntur,"Rajendra Nagar North, Guntur - APPCB","20-07-2026 15:00:00",16.316553,80.413302,PM2.5,48,65,53
India,Assam,Guwahati,"IITG, Guwahati - PCBA","20-07-2026 15:00:00",26.2028636,91.70046436,OZONE,6,12,9
India,Assam,Guwahati,"Pan Bazaar, Guwahati - PCBA","20-07-2026 15:00:00",26.1875,91.744194,NH3,0,1,1
India,Assam,Nagaon,"Christianpatty, Nagaon - PCBA","20-07-2026 15:00:00",26.349082,92.68449,PM2.5,41,64,50
India,Assam,Nagaon,"Christianpatty, Nagaon - PCBA","20-07-2026 15:00:00",26.349082,92.68449,CO,10,23,17
India,Assam,Silchar,"Tarapur, Silchar - PCBA","20-07-2026 15:00:00",24.82827,92.79525,OZONE,2,2,2
India,Assam,Sivasagar,"Girls College, Sivasagar - PCBA","20-07-2026 15:00:00",26.987634,94.636574,CO,9,19,14
India,Bihar,Gaya,"Collectorate, Gaya - BSPCB","20-07-2026 15:00:00",24.7955,84.9994,NH3,NA,NA,NA
India,Bihar,Gaya,"Collectorate, Gaya - BSPCB","20-07-2026 15:00:00",24.7955,84.9994,SO2,NA,NA,NA
India,Bihar,Gaya,"SFTI Kusdihra, Gaya - BSPCB","20-07-2026 15:00:00",24.762518,84.982348,SO2,7,9,8
India,Bihar,Gaya,"SFTI Kusdihra, Gaya - BSPCB","20-07-2026 15:00:00",24.762518,84.982348,OZONE,11,25,19
India,Bihar,Hajipur,"Industrial Area, Hajipur - BSPCB","20-07-2026 15:00:00",25.697189,85.2459,CO,20,29,25
India,Bihar,Hajipur,"Industrial Area, Hajipur - BSPCB","20-07-2026 15:00:00",25.697189,85.2459,OZONE,21,43,32
India,Bihar,Katihar,"Mirchaibari, Katihar - BSPCB","20-07-2026 15:00:00",25.560083,87.553265,OZONE,4,25,19
India,Delhi,Delhi,"Nehru Nagar, Delhi - DPCC","20-07-2026 15:00:00",28.56789,77.250515,OZONE,2,12,7
India,Delhi,Delhi,"Talkatora Garden, Delhi - DPCC","20-07-2026 15:00:00",28.62181,77.1944633,PM10,77,151,112
India,Delhi,Delhi,"Talkatora Garden, Delhi - DPCC","20-07-2026 15:00:00",28.62181,77.1944633,SO2,1,3,2
India,Delhi,Delhi,"Talkatora Garden, Delhi - DPCC","20-07-2026 15:00:00",28.62181,77.1944633,CO,53,66,60
India,Delhi,Delhi,"Sonia Vihar, Delhi - DPCC","20-07-2026 15:00:00",28.710508,77.249485,PM10,105,283,147
India,Delhi,Delhi,"IGNOU_Maidan Garhi, Delhi - DPCC","20-07-2026 15:00:00",28.493624,77.201159,OZONE,6,8,7
India,Gujarat,Ahmedabad,"SVPI Airport Hansol, Ahmedabad - IITM","20-07-2026 15:00:00",23.076793,72.627874,NH3,NA,NA,NA
India,Gujarat,Ahmedabad,"SVPI Airport Hansol, Ahmedabad - IITM","20-07-2026 15:00:00",23.076793,72.627874,SO2,NA,NA,NA
India,Gujarat,Ahmedabad,"SAC ISRO Bopal, Ahmedabad - IITM","20-07-2026 15:00:00",23.041137,72.456691,PM10,29,72,46
India,Gujarat,Ahmedabad,"SAC ISRO Bopal, Ahmedabad - IITM","20-07-2026 15:00:00",23.041137,72.456691,NH3,2,3,2
India,Gujarat,Ahmedabad,"SAC ISRO Bopal, Ahmedabad - IITM","20-07-2026 15:00:00",23.041137,72.456691,OZONE,1,18,10
India,Gujarat,Ahmedabad,"Gyaspur, Ahmedabad - IITM","20-07-2026 15:00:00",22.977134,72.553024,CO,2,49,12
India,Gujarat,Ahmedabad,"Chandkheda, Ahmedabad - IITM","20-07-2026 15:00:00",23.107969,72.574648,OZONE,3,9,5
India,Gujarat,Ahmedabad,"SAC ISRO Satellite, Ahmedabad - IITM","20-07-2026 15:00:00",23.023389,72.515201,PM10,32,82,54
India,Gujarat,Ahmedabad,"SAC ISRO Satellite, Ahmedabad - IITM","20-07-2026 15:00:00",23.023389,72.515201,SO2,1,6,3
India,Gujarat,Ahmedabad,"Raikhad, Ahmedabad - IITM","20-07-2026 15:00:00",23.020509,72.579261,CO,27,48,38
India,Haryana,Ambala,"Patti Mehar, Ambala - HSPCB","20-07-2026 15:00:00",30.379589,76.778328,PM10,40,120,75
India,Haryana,Ballabgarh,"Nathu Colony, Ballabgarh - HSPCB","20-07-2026 15:00:00",28.3419248,77.319699,PM2.5,38,347,116
India,Haryana,Ballabgarh,"Nathu Colony, Ballabgarh - HSPCB","20-07-2026 15:00:00",28.3419248,77.319699,CO,30,75,52
India,Haryana,Bhiwani,"H.B. Colony, Bhiwani - HSPCB","20-07-2026 15:00:00",28.806223,76.141105,NO2,6,9,8
India,Haryana,Bhiwani,"H.B. Colony, Bhiwani - HSPCB","20-07-2026 15:00:00",28.806223,76.141105,SO2,12,13,13
India,Haryana,Bhiwani,"H.B. Colony, Bhiwani - HSPCB","20-07-2026 15:00:00",28.806223,76.141105,OZONE,7,23,15
India,Haryana,Dharuhera,"Municipal Corporation Office, Dharuhera -  HSPCB","20-07-2026 15:00:00",28.2068,76.7997,PM2.5,76,125,90
India,Haryana,Dharuhera,"Municipal Corporation Office, Dharuhera -  HSPCB","20-07-2026 15:00:00",28.2068,76.7997,NO2,9,32,23
India,Haryana,Dharuhera,"Municipal Corporation Office, Dharuhera -  HSPCB","20-07-2026 15:00:00",28.2068,76.7997,NH3,5,10,7
India,Haryana,Faridabad,"Sector 11, Faridabad - HSPCB","20-07-2026 15:00:00",28.376058,77.315741,NH3,8,9,8
India,Haryana,Faridabad,"Sector 11, Faridabad - HSPCB","20-07-2026 15:00:00",28.376058,77.315741,SO2,4,11,7
India,Haryana,Faridabad,"New Industrial Town, Faridabad - HSPCB","20-07-2026 15:00:00",28.39072,77.30059,NO2,24,26,25
India,Haryana,Faridabad,"New Industrial Town, Faridabad - HSPCB","20-07-2026 15:00:00",28.39072,77.30059,NH3,10,12,11
India,Haryana,Faridabad,"New Industrial Town, Faridabad - HSPCB","20-07-2026 15:00:00",28.39072,77.30059,CO,22,30,25
India,Haryana,Faridabad,"Sector 30, Faridabad - HSPCB","20-07-2026 15:00:00",28.4417,77.3217,PM2.5,39,57,42
India,Haryana,Faridabad,"Sector 30, Faridabad - HSPCB","20-07-2026 15:00:00",28.4417,77.3217,NH3,1,4,2
India,Gujarat,Bhavnagar,"Vidhyanagar, Bhavnagar - Nexteng Enviro","20-07-2026 15:00:00",21.755417,72.139056,CO,83,84,83
India,Gujarat,Bhavnagar,"Vidhyanagar, Bhavnagar - Nexteng Enviro","20-07-2026 15:00:00",21.755417,72.139056,OZONE,16,23,20
India,Gujarat,Gandhinagar,"Sector-10, Gandhinagar - GPCB","20-07-2026 15:00:00",23.221714,72.654328,SO2,4,6,5
India,Gujarat,Gandhinagar,"Sector-10, Gandhinagar - GPCB","20-07-2026 15:00:00",23.221714,72.654328,OZONE,3,5,4
India,Gujarat,Gandhinagar,"IIPHG Lekawada, Gandhinagar - IITM","20-07-2026 15:00:00",23.243639,72.68994,SO2,2,3,2
India,Gujarat,Gandhinagar,"GIFT City, Gandhinagar - IITM","20-07-2026 15:00:00",23.163798,72.677768,NO2,21,30,27
India,Gujarat,Mehsana,"Sadanand Nagar, Mehsana - Nexteng Enviro","20-07-2026 15:00:00",23.59315,72.372792,NO2,9,12,10
India,Gujarat,Mehsana,"Sadanand Nagar, Mehsana - Nexteng Enviro","20-07-2026 15:00:00",23.59315,72.372792,CO,70,73,71
India,Gujarat,Nandesari,"GIDC, Nandesari - Nandesari Ind. Association","20-07-2026 15:00:00",22.410802,73.097923,NO2,NA,NA,NA
India,Gujarat,Nandesari,"GIDC, Nandesari - Nandesari Ind. Association","20-07-2026 15:00:00",22.410802,73.097923,NH3,NA,NA,NA
India,Gujarat,Nandesari,"GIDC, Nandesari - Nandesari Ind. Association","20-07-2026 15:00:00",22.410802,73.097923,CO,8,69,43
India,Gujarat,Rajkot,"Mavdi, Rajkot - Nexteng Enviro ","20-07-2026 15:00:00",22.248853,70.776774,NO2,6,62,44
India,Delhi,Delhi,"Sri Aurobindo Marg, Delhi - DPCC","20-07-2026 15:00:00",28.531346,77.190156,NO2,18,34,26
India,Delhi,Delhi,"Sri Aurobindo Marg, Delhi - DPCC","20-07-2026 15:00:00",28.531346,77.190156,OZONE,1,28,12
India,Delhi,Delhi,"Major Dhyan Chand National Stadium, Delhi - DPCC","20-07-2026 15:00:00",28.611281,77.237738,NH3,8,12,9
India,Delhi,Delhi,"Major Dhyan Chand National Stadium, Delhi - DPCC","20-07-2026 15:00:00",28.611281,77.237738,CO,29,41,36
India,Delhi,Delhi,"IGI Airport (T3), Delhi - IITM","20-07-2026 15:00:00",28.5627763,77.1180053,NH3,NA,NA,NA
India,Delhi,Delhi,"IGI Airport (T3), Delhi - IITM","20-07-2026 15:00:00",28.5627763,77.1180053,OZONE,30,63,47
India,Delhi,Delhi,"Jawaharlal Nehru Stadium, Delhi - DPCC","20-07-2026 15:00:00",28.58028,77.233829,PM2.5,50,127,76
India,Delhi,Delhi,"Jawaharlal Nehru Stadium, Delhi - DPCC","20-07-2026 15:00:00",28.58028,77.233829,NH3,14,23,17
India,Delhi,Delhi,"Jawaharlal Nehru Stadium, Delhi - DPCC","20-07-2026 15:00:00",28.58028,77.233829,CO,34,69,59
India,Delhi,Delhi,"Patparganj, Delhi - DPCC","20-07-2026 15:00:00",28.623763,77.287209,SO2,2,7,3
India,Delhi,Delhi,"Punjabi Bagh, Delhi - DPCC","20-07-2026 15:00:00",28.674045,77.131023,PM2.5,55,203,100
India,Delhi,Delhi,"Shadipur, Delhi - CPCB","20-07-2026 15:00:00",28.6514781,77.1473105,PM10,61,172,97
India,Delhi,Delhi,"Najafgarh, Delhi - DPCC","20-07-2026 15:00:00",28.570173,76.933762,OZONE,8,13,11
India,Delhi,Delhi,"Jahangirpuri, Delhi - DPCC","20-07-2026 15:00:00",28.73282,77.170633,NO2,16,41,24
India,Delhi,Delhi,"Jahangirpuri, Delhi - DPCC","20-07-2026 15:00:00",28.73282,77.170633,NH3,10,13,12
India,Delhi,Delhi,"Cantonment Area, Delhi - DPCC","20-07-2026 15:00:00",28.594169,77.1251,PM10,54,140,102
India,Delhi,Delhi,"Cantonment Area, Delhi - DPCC","20-07-2026 15:00:00",28.594169,77.1251,NO2,6,19,11
India,Delhi,Delhi,"Cantonment Area, Delhi - DPCC","20-07-2026 15:00:00",28.594169,77.1251,SO2,0,2,1
India,Delhi,Delhi,"Cantonment Area, Delhi - DPCC","20-07-2026 15:00:00",28.594169,77.1251,CO,37,50,43
India,Delhi,Delhi,"Vivek Vihar, Delhi - DPCC","20-07-2026 15:00:00",28.672342,77.31526,PM10,106,219,146
India,Delhi,Delhi,"Rohini, Delhi - DPCC","20-07-2026 15:00:00",28.732528,77.11992,NH3,4,9,6
India,Delhi,Delhi,"Rohini, Delhi - DPCC","20-07-2026 15:00:00",28.732528,77.11992,CO,44,56,52
India,Delhi,Delhi,"Pusa, Delhi - DPCC","20-07-2026 15:00:00",28.639652,77.146275,NH3,8,17,13
India,Delhi,Delhi,"Mandir Marg, Delhi - DPCC","20-07-2026 15:00:00",28.636429,77.201067,OZONE,4,184,38
India,Delhi,Delhi,"Aya Nagar, Delhi - IITM","20-07-2026 15:00:00",28.4706914,77.1099364,NH3,NA,NA,NA
India,Delhi,Delhi,"Commonwealth Sports Complex, Delhi - DPCC","20-07-2026 15:00:00",28.615828,77.271992,PM10,88,168,118
India,Delhi,Delhi,"ITO, Delhi - CPCB","20-07-2026 15:00:00",28.628624,77.24106,PM2.5,57,113,86
India,Delhi,Delhi,"ITO, Delhi - CPCB","20-07-2026 15:00:00",28.628624,77.24106,PM10,84,156,110
India,Delhi,Delhi,"ITO, Delhi - CPCB","20-07-2026 15:00:00",28.628624,77.24106,CO,47,77,64
India,Delhi,Delhi,"R K Puram, Delhi - DPCC","20-07-2026 15:00:00",28.563262,77.186937,NH3,6,6,6
India,Delhi,Delhi,"Sirifort, Delhi - CPCB","20-07-2026 15:00:00",28.5504249,77.2159377,NH3,3,7,4
India,Delhi,Delhi,"Sirifort, Delhi - CPCB","20-07-2026 15:00:00",28.5504249,77.2159377,SO2,18,20,19
India,Delhi,Delhi,"IIT Delhi, Delhi - IITM","20-07-2026 15:00:00",28.54246,77.191651,NO2,NA,NA,NA
India,Delhi,Delhi,"Narela, Delhi - DPCC","20-07-2026 15:00:00",28.822836,77.101981,SO2,7,15,10
India,Delhi,Delhi,"DTU, Delhi - CPCB","20-07-2026 15:00:00",28.7500499,77.1112615,PM10,79,179,112
India,Delhi,Delhi,"NSIT Dwarka, Delhi - CPCB","20-07-2026 15:00:00",28.60909,77.0325413,SO2,11,16,13
India,Delhi,Delhi,"Ashok Vihar, Delhi - DPCC","20-07-2026 15:00:00",28.695381,77.181665,OZONE,3,9,5
India,Delhi,Delhi,"Dr. Karni Singh Shooting Range, Delhi - DPCC","20-07-2026 15:00:00",28.498571,77.26484,NH3,6,8,7
India,Delhi,Delhi,"Dr. Karni Singh Shooting Range, Delhi - DPCC","20-07-2026 15:00:00",28.498571,77.26484,SO2,5,7,6
India,Delhi,Delhi,"Dr. Karni Singh Shooting Range, Delhi - DPCC","20-07-2026 15:00:00",28.498571,77.26484,OZONE,9,16,12
India,Delhi,Delhi,"North Campus, DU, Delhi - IITM","20-07-2026 15:00:00",28.6573814,77.1585447,NH3,NA,NA,NA
India,Delhi,Delhi,"Mundka, Delhi - DPCC","20-07-2026 15:00:00",28.684678,77.076574,PM2.5,30,127,73
India,Delhi,Delhi,"Najafgarh, Delhi - DPCC","20-07-2026 15:00:00",28.570173,76.933762,NH3,5,16,9
India,Delhi,Delhi,"IMD Lodhi Road, Delhi - IITM","20-07-2026 15:00:00",28.5918245,77.2273074,PM2.5,51,152,90
India,Delhi,Delhi,"NSUT Jaffarpur, Delhi - DPCC","20-07-2026 15:00:00",28.594004,76.909423,PM10,86,157,112
India,Delhi,Delhi,"Okhla Phase-2, Delhi - DPCC","20-07-2026 15:00:00",28.530785,77.271255,PM2.5,38,127,70
India,Delhi,Delhi,"JNU, Delhi - DPCC","20-07-2026 15:00:00",28.540721,77.168544,PM10,73,154,109
India,Delhi,Delhi,"JNU, Delhi - DPCC","20-07-2026 15:00:00",28.540721,77.168544,OZONE,14,25,19
India,Delhi,Delhi,"Chandni Chowk, Delhi - IITM","20-07-2026 15:00:00",28.656756,77.227234,CO,69,76,73
India,Gujarat,Surat,"Science Center, Surat - SMC","20-07-2026 15:00:00",21.170046,72.795405,PM10,NA,NA,NA
India,Gujarat,Surat,"Katargam, Surat - Nexteng Enviro","20-07-2026 15:00:00",21.217779,72.834787,PM2.5,15,74,34
India,Gujarat,Vadodara,"Bapunagar, Vadodara - Nexteng Enviro","20-07-2026 15:00:00",22.320153,73.216285,NO2,11,13,12
India,Gujarat,Vapi,"Phase-1 GIDC, Vapi - GPCB","20-07-2026 15:00:00",20.362421,72.918013,CO,NA,NA,NA
India,Gujarat,Vatva,"Phase-4 GIDC, Vatva - GPCB","20-07-2026 15:00:00",22.969611,72.6435,OZONE,9,25,16
India,Haryana,"Yamuna Nagar","Gobind Pura, Yamuna Nagar - HSPCB","20-07-2026 15:00:00",30.1480566,77.2893471,OZONE,25,64,47
India,"Jammu and Kashmir",Pampore,"Khrew, Pampore - JKPCC","20-07-2026 15:00:00",34.031606,75.009712,NH3,NA,NA,NA
India,"Jammu and Kashmir",Pampore,"Khrew, Pampore - JKPCC","20-07-2026 15:00:00",34.031606,75.009712,CO,NA,NA,NA
India,"Jammu and Kashmir",Srinagar,"Rajbagh, Srinagar - JKPCC","20-07-2026 15:00:00",34.066206,74.81982,NO2,19,20,19
India,"Jammu and Kashmir",Srinagar,"Rajbagh, Srinagar - JKPCC","20-07-2026 15:00:00",34.066206,74.81982,NH3,9,9,9
India,"Jammu and Kashmir",Srinagar,"Khunmoh, Srinagar - JKPCC","20-07-2026 15:00:00",34.06313,74.96017,PM2.5,23,91,46
India,"Jammu and Kashmir",Srinagar,"Khunmoh, Srinagar - JKPCC","20-07-2026 15:00:00",34.06313,74.96017,OZONE,NA,NA,NA
India,Jharkhand,Dhanbad,"Sardar Patel Nagar, Dhanbad - JSPCB","20-07-2026 15:00:00",23.80569,86.44268,NH3,NA,NA,NA
India,Jharkhand,Dhanbad,"Sardar Patel Nagar, Dhanbad - JSPCB","20-07-2026 15:00:00",23.80569,86.44268,CO,1,6,3
India,Jharkhand,Jorapokhar,"Tata Stadium, Jorapokhar - JSPCB","20-07-2026 15:00:00",23.707909,86.41467,NO2,8,8,8
India,Jharkhand,Jorapokhar,"Tata Stadium, Jorapokhar - JSPCB","20-07-2026 15:00:00",23.707909,86.41467,CO,38,40,39
India,Karnataka,Bagalkot,"Vidayagiri, Bagalkot - KSPCB","20-07-2026 15:00:00",16.172806,75.659694,PM10,51,52,51
India,Karnataka,Shivamogga,"Vinoba Nagara, Shivamogga - KSPCB","20-07-2026 15:00:00",13.94,75.555917,SO2,3,4,4
India,Karnataka,Shivamogga,"Vinoba Nagara, Shivamogga - KSPCB","20-07-2026 15:00:00",13.94,75.555917,OZONE,46,59,50
India,Karnataka,Tumakuru,"Thimmalapura, Tumakuru - KSPCB","20-07-2026 15:00:00",13.377516,77.099072,PM2.5,27,33,29
India,Karnataka,Yadgir,"Collector Office, Yadgir - KSPCB","20-07-2026 15:00:00",16.7602,77.1428,OZONE,22,29,25
India,Kerala,Kannur,"Thavakkara, Kannur - Kerala PCB","20-07-2026 15:00:00",11.875,75.3732,PM10,44,47,45
India,Kerala,Kannur,"Thavakkara, Kannur - Kerala PCB","20-07-2026 15:00:00",11.875,75.3732,NH3,1,1,1
India,Kerala,Kannur,"Thavakkara, Kannur - Kerala PCB","20-07-2026 15:00:00",11.875,75.3732,SO2,0,0,0
India,Kerala,Kollam,"Polayathode, Kollam - Kerala PCB","20-07-2026 15:00:00",8.8787,76.6073,NO2,NA,NA,NA
India,Kerala,Thiruvananthapuram,"Kariavattom, Thiruvananthapuram - Kerala PCB","20-07-2026 15:00:00",8.5637,76.8865,PM10,26,106,51
India,Kerala,Thiruvananthapuram,"Plammoodu, Thiruvananthapuram - Kerala PCB","20-07-2026 15:00:00",8.5149093,76.9435879,SO2,8,19,14
India,Kerala,Thiruvananthapuram,"Plammoodu, Thiruvananthapuram - Kerala PCB","20-07-2026 15:00:00",8.5149093,76.9435879,OZONE,10,13,12
India,Haryana,Manesar,"Sector-2 IMT, Manesar - HSPCB","20-07-2026 15:00:00",28.360699,76.93609,SO2,6,38,14
India,Haryana,Manesar,"Sector-2 IMT, Manesar - HSPCB","20-07-2026 15:00:00",28.360699,76.93609,OZONE,22,50,36
India,Haryana,Narnaul,"Shastri Nagar, Narnaul - HSPCB","20-07-2026 15:00:00",28.060249,76.113115,NH3,5,6,5
India,Haryana,Panchgaon,"Amity University, Panchgaon - IITM","20-07-2026 15:00:00",28.3153,76.9143,NH3,3,10,5
India,Haryana,Panchkula,"Sector-6, Panchkula - HSPCB ","20-07-2026 15:00:00",30.7057778,76.8531805555555,CO,18,21,19
India,Haryana,Rohtak,"MD University, Rohtak - HSPCB","20-07-2026 15:00:00",28.52123,76.37138,NO2,9,12,11
India,Haryana,Rohtak,"MD University, Rohtak - HSPCB","20-07-2026 15:00:00",28.52123,76.37138,SO2,9,12,11
India,Haryana,Sirsa,"F-Block, Sirsa - HSPCB","20-07-2026 15:00:00",29.5364,75.0158,PM10,110,152,129
India,Haryana,Sonipat,"Murthal, Sonipat - HSPCB","20-07-2026 15:00:00",29.0272,77.0621,PM2.5,19,381,230
India,Haryana,Sonipat,"Murthal, Sonipat - HSPCB","20-07-2026 15:00:00",29.0272,77.0621,NO2,6,9,8
India,Karnataka,Bengaluru,"City Railway Station, Bengaluru - KSPCB","20-07-2026 15:00:00",12.9756843,77.5660749,PM2.5,NA,NA,NA
India,Karnataka,Bengaluru,"City Railway Station, Bengaluru - KSPCB","20-07-2026 15:00:00",12.9756843,77.5660749,PM10,103,104,104
India,Karnataka,Bengaluru,"City Railway Station, Bengaluru - KSPCB","20-07-2026 15:00:00",12.9756843,77.5660749,OZONE,NA,NA,NA
India,Karnataka,Bengaluru,"Jigani, Bengaluru - KSPCB","20-07-2026 15:00:00",12.7816279,77.6299145,PM2.5,34,43,37
India,Karnataka,Bengaluru,"Jigani, Bengaluru - KSPCB","20-07-2026 15:00:00",12.7816279,77.6299145,OZONE,22,22,22
India,Karnataka,Bengaluru,"BTM Layout, Bengaluru - CPCB","20-07-2026 15:00:00",12.9135218,77.5950804,PM2.5,27,31,30
India,Karnataka,Bengaluru,"BTM Layout, Bengaluru - CPCB","20-07-2026 15:00:00",12.9135218,77.5950804,PM10,39,79,53
India,Karnataka,Bengaluru,"BTM Layout, Bengaluru - CPCB","20-07-2026 15:00:00",12.9135218,77.5950804,CO,46,57,54
India,Karnataka,Bengaluru,"BTM Layout, Bengaluru - CPCB","20-07-2026 15:00:00",12.9135218,77.5950804,OZONE,21,21,21
India,Karnataka,Bengaluru,"Sanegurava Halli, Bengaluru - KSPCB","20-07-2026 15:00:00",12.990328,77.5431385,PM10,46,58,49
India,Karnataka,Bengaluru,"Hombegowda Nagar, Bengaluru - KSPCB","20-07-2026 15:00:00",12.938539,77.5901,NH3,1,1,1
India,Karnataka,Bengaluru,"Hombegowda Nagar, Bengaluru - KSPCB","20-07-2026 15:00:00",12.938539,77.5901,CO,6,11,9
India,Karnataka,Bengaluru,"Hebbal, Bengaluru - KSPCB","20-07-2026 15:00:00",13.029152,77.585901,OZONE,1,3,2
India,Karnataka,Bengaluru,"Bapuji Nagar, Bengaluru - KSPCB","20-07-2026 15:00:00",12.951913,77.539784,NH3,2,3,3
India,Karnataka,Bengaluru,"Silk Board, Bengaluru - KSPCB","20-07-2026 15:00:00",12.917348,77.622813,PM2.5,18,57,28
India,Karnataka,Bengaluru,"Silk Board, Bengaluru - KSPCB","20-07-2026 15:00:00",12.917348,77.622813,NO2,6,16,9
India,Karnataka,Bengaluru,"Jayanagar 5th Block, Bengaluru - KSPCB","20-07-2026 15:00:00",12.920984,77.584908,PM10,18,71,37
India,Karnataka,Bengaluru,"Jayanagar 5th Block, Bengaluru - KSPCB","20-07-2026 15:00:00",12.920984,77.584908,OZONE,35,48,45
India,Karnataka,Chamarajanagar,"Urban, Chamarajanagar - KSPCB","20-07-2026 15:00:00",11.55358,76.55521,PM10,30,49,36
India,Karnataka,Chamarajanagar,"Urban, Chamarajanagar - KSPCB","20-07-2026 15:00:00",11.55358,76.55521,CO,15,25,18
India,Karnataka,Chamarajanagar,"Urban, Chamarajanagar - KSPCB","20-07-2026 15:00:00",11.55358,76.55521,OZONE,15,38,23
India,Karnataka,Chikkamagaluru,"Kalyana Nagara, Chikkamagaluru - KSPCB","20-07-2026 15:00:00",13.328028,75.797056,SO2,3,4,4
India,Kerala,Thrissur,"Corporation Ground, Thrissur - Kerala PCB","20-07-2026 15:00:00",10.5324,76.2159,CO,11,16,13
India,"Madhya Pradesh",Bhopal,"Idgah Hills, Bhopal - MPPCB","20-07-2026 15:00:00",23.264759,77.381568,PM2.5,22,40,30
India,"Madhya Pradesh",Bhopal,"Idgah Hills, Bhopal - MPPCB","20-07-2026 15:00:00",23.264759,77.381568,CO,11,36,27
India,"Madhya Pradesh",Damoh,"Shrivastav Colony, Damoh - MPPCB","20-07-2026 15:00:00",23.81748678,79.446246,PM2.5,5,38,23
India,"Madhya Pradesh",Dewas,"Bhopal Chauraha, Dewas - MPPCB","20-07-2026 15:00:00",22.9682591,76.064118,CO,9,20,13
India,"Madhya Pradesh",Gwalior,"City Center, Gwalior - MPPCB","20-07-2026 15:00:00",26.203442,78.193251,NH3,2,3,3
India,"Madhya Pradesh",Gwalior,"City Center, Gwalior - MPPCB","20-07-2026 15:00:00",26.203442,78.193251,SO2,17,39,26
India,"Madhya Pradesh",Gwalior,"Maharaj Bada, Gwalior - MPPCB","20-07-2026 15:00:00",26.200388,78.147714,NH3,0,7,3
India,Haryana,Faridabad,"Sector 30, Faridabad - HSPCB","20-07-2026 15:00:00",28.4417,77.3217,CO,24,25,24
India,Haryana,Faridabad,"Sector 30, Faridabad - HSPCB","20-07-2026 15:00:00",28.4417,77.3217,OZONE,23,206,52
India,Haryana,Fatehabad,"Huda Sector, Fatehabad - HSPCB","20-07-2026 15:00:00",29.503664,75.467934,PM2.5,NA,NA,NA
India,Haryana,Fatehabad,"Huda Sector, Fatehabad - HSPCB","20-07-2026 15:00:00",29.503664,75.467934,NO2,NA,NA,NA
India,Haryana,Fatehabad,"Huda Sector, Fatehabad - HSPCB","20-07-2026 15:00:00",29.503664,75.467934,OZONE,28,59,43
India,Haryana,Gurugram,"Sector-51, Gurugram - HSPCB","20-07-2026 15:00:00",28.4227,77.0667,NH3,9,24,15
India,Haryana,Gurugram,"Teri Gram, Gurugram - HSPCB","20-07-2026 15:00:00",28.4275,77.1465,PM10,NA,NA,NA
India,Haryana,Gurugram,"Teri Gram, Gurugram - HSPCB","20-07-2026 15:00:00",28.4275,77.1465,NO2,NA,NA,NA
India,Haryana,Gurugram,"NISE Gwal Pahari, Gurugram - IITM","20-07-2026 15:00:00",28.422681,77.148944,PM10,28,137,97
India,Karnataka,Kalaburagi,"Mahatma Basaveswar Colony, Kalaburgi - KSPCB","20-07-2026 15:00:00",17.336318,76.847397,NO2,10,17,15
India,Karnataka,Koppal,"Diwator Nagar, Koppal - KSPCB","20-07-2026 15:00:00",15.34763,76.181767,SO2,14,15,14
India,Karnataka,Mangalore,"Kadri, Mangalore - KSPCB","20-07-2026 15:00:00",12.88925,74.853,SO2,NA,NA,NA
India,Karnataka,Mysuru,"Hebbal 1st Stage, Mysuru - KSPCB","20-07-2026 15:00:00",12.21041,76.37376,PM10,20,65,37
India,Karnataka,Mysuru,"Hebbal 1st Stage, Mysuru - KSPCB","20-07-2026 15:00:00",12.21041,76.37376,NO2,15,29,19
India,Karnataka,Ramanagara,"Vijay Nagar, Ramanagara - KSPCB","20-07-2026 15:00:00",12.733409,77.298051,NO2,NA,NA,NA
India,Haryana,Gurugram,"Vikas Sadan, Gurugram - HSPCB","20-07-2026 15:00:00",28.4501238,77.0263051,OZONE,5,33,22
India,Haryana,Hisar,"Urban Estate-II, Hisar - HSPCB","20-07-2026 15:00:00",29.14056,75.744941,NH3,10,13,12
India,Haryana,Hisar,"Urban Estate-II, Hisar - HSPCB","20-07-2026 15:00:00",29.14056,75.744941,OZONE,12,36,20
India,Haryana,Kurukshetra,"Sector-7, Kurukshetra - HSPCB","20-07-2026 15:00:00",29.966942,76.875879,OZONE,17,26,20
India,Haryana,Mandikhera,"General Hospital, Mandikhera(Nuh) - HSPCB","20-07-2026 15:00:00",27.9002,76.9938,PM10,75,83,79
India,Haryana,Mandikhera,"General Hospital, Mandikhera(Nuh) - HSPCB","20-07-2026 15:00:00",27.9002,76.9938,NO2,14,18,16
India,Maharashtra,Aurangabad,"Rachnakar Colony, Aurangabad - MPCB","20-07-2026 15:00:00",19.863756,75.321188,PM10,20,42,30
India,Maharashtra,Aurangabad,"Rachnakar Colony, Aurangabad - MPCB","20-07-2026 15:00:00",19.863756,75.321188,NH3,0,2,1
India,Maharashtra,Aurangabad,"Rachnakar Colony, Aurangabad - MPCB","20-07-2026 15:00:00",19.863756,75.321188,OZONE,8,17,11
India,Maharashtra,Aurangabad,"MIDC Chilkalthana, Aurangabad - MPCB","20-07-2026 15:00:00",19.87562,75.38731,NO2,4,11,8
India,Maharashtra,Beed,"Bir, Beed - MPCB","20-07-2026 15:00:00",18.988474,75.753873,CO,14,27,20
India,Maharashtra,Belapur,"CBD Belapur, Belapur - MPCB","20-07-2026 15:00:00",19.0243902,73.0406721,PM2.5,8,26,19
India,Maharashtra,Belapur,"CBD Belapur, Belapur - MPCB","20-07-2026 15:00:00",19.0243902,73.0406721,NO2,13,35,20
India,Maharashtra,Belapur,"CBD Belapur, Belapur - MPCB","20-07-2026 15:00:00",19.0243902,73.0406721,NH3,1,5,2
India,Maharashtra,Belapur,"CBD Belapur, Belapur - MPCB","20-07-2026 15:00:00",19.0243902,73.0406721,SO2,7,11,9
India,Maharashtra,Belapur,"CBD Belapur, Belapur - MPCB","20-07-2026 15:00:00",19.0243902,73.0406721,CO,31,44,36
India,Maharashtra,Bhiwandi,"Gokul Nagar, Bhiwandi - MPCB","20-07-2026 15:00:00",19.309073,73.057223,SO2,NA,NA,NA
India,Maharashtra,Chandrapur,"Chauhan Colony, Chandrapur - MPCB","20-07-2026 15:00:00",19.9629,79.298714,PM10,13,119,53
India,Maharashtra,Chandrapur,"MIDC Khutala, Chandrapur - MPCB","20-07-2026 15:00:00",19.9775302,79.2337086,PM2.5,18,25,20
India,Maharashtra,Chandrapur,"MIDC Khutala, Chandrapur - MPCB","20-07-2026 15:00:00",19.9775302,79.2337086,NO2,6,16,11
India,Maharashtra,Chandrapur,"MIDC Khutala, Chandrapur - MPCB","20-07-2026 15:00:00",19.9775302,79.2337086,NH3,1,3,2
India,Maharashtra,Dombivli,"Kalu Nagar, Dombivli - MPCB","20-07-2026 15:00:00",19.2268427,73.0788456,PM2.5,2,15,8
India,Maharashtra,Dombivli,"Kalu Nagar, Dombivli - MPCB","20-07-2026 15:00:00",19.2268427,73.0788456,PM10,4,33,13
India,Maharashtra,Dombivli,"Kalu Nagar, Dombivli - MPCB","20-07-2026 15:00:00",19.2268427,73.0788456,NO2,5,28,14
India,Maharashtra,Mahad,"Kamble Tarf Birwadi, Mahad - MPCB","20-07-2026 15:00:00",18.1023399,73.4783687,OZONE,7,42,16
India,Maharashtra,Malegaon,"Mahesh Nagar, Malegaon - MPCB","20-07-2026 15:00:00",20.555712,74.529236,PM2.5,16,43,29
India,Maharashtra,Mira-Bhayandar,"Bhayandar West, Mira-Bhayandar - MPCB","20-07-2026 15:00:00",19.296481,72.840923,PM2.5,10,28,17
India,Maharashtra,Mumbai,"Kherwadi_Bandra East, Mumbai - MPCB","20-07-2026 15:00:00",19.0632143,72.8456324,PM2.5,16,39,23
India,Maharashtra,Mumbai,"Kherwadi_Bandra East, Mumbai - MPCB","20-07-2026 15:00:00",19.0632143,72.8456324,CO,14,17,16
India,Maharashtra,Mumbai,"Ghatkopar, Mumbai - BMC","20-07-2026 15:00:00",19.083694,72.920967,NH3,4,6,5
India,Maharashtra,Mumbai,"Byculla, Mumbai - BMC","20-07-2026 15:00:00",18.9767,72.838,SO2,3,12,7
India,Maharashtra,Mumbai,"Bandra Kurla Complex, Mumbai - MPCB","20-07-2026 15:00:00",19.065931,72.862131,PM2.5,10,45,21
India,Maharashtra,Mumbai,"Bandra Kurla Complex, Mumbai - MPCB","20-07-2026 15:00:00",19.065931,72.862131,OZONE,17,21,19
India,Maharashtra,Mumbai,"Chembur, Mumbai - MPCB","20-07-2026 15:00:00",19.0364585,72.8954371,PM10,14,34,24
India,Maharashtra,Mumbai,"Chembur, Mumbai - MPCB","20-07-2026 15:00:00",19.0364585,72.8954371,NO2,5,21,13
India,Maharashtra,Mumbai,"Chembur, Mumbai - MPCB","20-07-2026 15:00:00",19.0364585,72.8954371,NH3,6,11,9
India,Maharashtra,Mumbai,"Chembur, Mumbai - MPCB","20-07-2026 15:00:00",19.0364585,72.8954371,CO,4,8,6
India,Maharashtra,Mumbai,"Chembur, Mumbai - MPCB","20-07-2026 15:00:00",19.0364585,72.8954371,OZONE,NA,NA,NA
India,"Madhya Pradesh",Jabalpur,"Marhatal, Jabalpur - MPPCB","20-07-2026 15:00:00",23.168606,79.932247,NO2,16,34,23
India,"Madhya Pradesh",Maihar,"Sahilara, Maihar - KJS Cements","20-07-2026 15:00:00",24.2613009,80.7231783,PM2.5,0,145,57
India,"Madhya Pradesh",Maihar,"Sahilara, Maihar - KJS Cements","20-07-2026 15:00:00",24.2613009,80.7231783,CO,38,41,39
India,"Madhya Pradesh",Mandideep,"Sector-D Industrial Area, Mandideep - MPPCB","20-07-2026 15:00:00",23.10844,77.511428,CO,12,30,21
India,"Madhya Pradesh",Mandideep,"Sector-D Industrial Area, Mandideep - MPPCB","20-07-2026 15:00:00",23.10844,77.511428,OZONE,12,39,26
India,"Madhya Pradesh",Pithampur,"Sector-2 Industrial Area, Pithampur - MPPCB","20-07-2026 15:00:00",22.624758,75.675238,PM10,36,66,51
India,"Madhya Pradesh",Pithampur,"Sector-2 Industrial Area, Pithampur - MPPCB","20-07-2026 15:00:00",22.624758,75.675238,NO2,3,17,8
India,"Madhya Pradesh",Ratlam,"Shasthri Nagar, Ratlam - IPCA Lab","20-07-2026 15:00:00",23.331731,75.045981,PM2.5,9,63,36
India,"Madhya Pradesh",Sagar,"Civil Lines, Sagar - MPPCB","20-07-2026 15:00:00",23.838586,78.759431,SO2,5,7,6
India,"Madhya Pradesh",Sagar,"Civil Lines, Sagar - MPPCB","20-07-2026 15:00:00",23.838586,78.759431,OZONE,19,28,23
India,"Madhya Pradesh",Satna,"Bandhavgar Colony, Satna - Birla Cement","20-07-2026 15:00:00",24.58434363,80.8549414,NH3,NA,NA,NA
India,"Madhya Pradesh",Satna,"Bandhavgar Colony, Satna - Birla Cement","20-07-2026 15:00:00",24.58434363,80.8549414,SO2,18,19,18
India,Maharashtra,Mumbai,"Shivaji Nagar, Mumbai - BMC","20-07-2026 15:00:00",19.060498,72.923356,PM2.5,6,32,14
India,Maharashtra,Mumbai,"Shivaji Nagar, Mumbai - BMC","20-07-2026 15:00:00",19.060498,72.923356,NH3,1,7,4
India,Maharashtra,Nagpur,"Ram Nagar, Nagpur - MPCB","20-07-2026 15:00:00",21.143383,79.048912,PM10,28,50,39
India,Maharashtra,Nagpur,"Ram Nagar, Nagpur - MPCB","20-07-2026 15:00:00",21.143383,79.048912,SO2,0,3,1
India,Maharashtra,Nagpur,"Opp GPO Civil Lines, Nagpur - MPCB","20-07-2026 15:00:00",21.152875,79.0517531,NO2,16,16,16
India,Maharashtra,Nagpur,"Ambazari, Nagpur - MPCB","20-07-2026 15:00:00",21.121801,79.04952,NH3,1,7,3
India,Maharashtra,Nagpur,"Ambazari, Nagpur - MPCB","20-07-2026 15:00:00",21.121801,79.04952,OZONE,6,13,10
India,Maharashtra,Nagpur,"Mahal, Nagpur - MPCB","20-07-2026 15:00:00",21.14472,79.107595,NH3,3,9,5
India,Maharashtra,Nanded,"Sneh Nagar, Nanded - MPCB","20-07-2026 15:00:00",19.173852,77.296291,SO2,9,11,10
India,Maharashtra,Nashik,"MIDC Ambad, Nashik - MPCB","20-07-2026 15:00:00",19.95022,73.73148,PM10,18,47,31
India,Maharashtra,Nashik,"Gangapur Road, Nashik - MPCB","20-07-2026 15:00:00",20.0073285,73.7762427,NH3,3,3,3
India,Maharashtra,Nashik,"Hirawadi, Nashik - MPCB","20-07-2026 15:00:00",20.021503,73.813844,PM10,13,35,27
India,"Madhya Pradesh",Indore,"Airport Area, Indore - IMC","20-07-2026 15:00:00",22.7289,75.8076,NO2,30,122,51
India,"Madhya Pradesh",Indore,"Chhoti Gwaltoli, Indore - MPPCB","20-07-2026 15:00:00",22.431,75.5213,PM2.5,19,57,30
India,"Madhya Pradesh",Indore,"Chhoti Gwaltoli, Indore - MPPCB","20-07-2026 15:00:00",22.431,75.5213,NO2,54,80,62
India,"Madhya Pradesh",Indore,"Chhoti Gwaltoli, Indore - MPPCB","20-07-2026 15:00:00",22.431,75.5213,CO,12,28,20
India,"Madhya Pradesh",Indore,"Regional Park, Indore - IMC","20-07-2026 15:00:00",22.678,75.8559,PM10,7,29,20
India,"Madhya Pradesh",Indore,"Regional Park, Indore - IMC","20-07-2026 15:00:00",22.678,75.8559,NO2,41,52,48
India,"Madhya Pradesh",Indore,"Regional Park, Indore - IMC","20-07-2026 15:00:00",22.678,75.8559,OZONE,5,5,5
India,"Madhya Pradesh",Indore,"Maguda Nagar, Indore - IMC","20-07-2026 15:00:00",22.7524,75.8872,PM2.5,6,41,24
India,"Madhya Pradesh",Indore,"Maguda Nagar, Indore - IMC","20-07-2026 15:00:00",22.7524,75.8872,CO,37,39,38
India,"Madhya Pradesh",Indore,"Residency Area, Indore - IMC","20-07-2026 15:00:00",22.7084,75.8815,NH3,0,0,0
India,"Madhya Pradesh",Jabalpur,"Suhagi, Jabalpur - JMC","20-07-2026 15:00:00",23.218135,79.95777,NH3,3,3,3
India,"Madhya Pradesh",Jabalpur,"Govindh Bhavan Colony, Jabalpur - JMC","20-07-2026 15:00:00",23.163174,79.973061,NH3,2,3,3
India,"Madhya Pradesh",Jabalpur,"Govindh Bhavan Colony, Jabalpur - JMC","20-07-2026 15:00:00",23.163174,79.973061,SO2,2,7,4
India,"Madhya Pradesh",Ujjain,"Mahashweta Nagar, Ujjain - MPPCB","20-07-2026 15:00:00",23.1633321,75.800225,PM10,15,49,33
India,Maharashtra,Ahmednagar,"Tarakpur, Ahmednagar - MPCB","20-07-2026 15:00:00",19.10122,74.73339,PM2.5,8,35,17
India,Maharashtra,Ahmednagar,"Tarakpur, Ahmednagar - MPCB","20-07-2026 15:00:00",19.10122,74.73339,SO2,6,13,10
India,Maharashtra,Akola,"Ramdaspeth, Akola - MPCB","20-07-2026 15:00:00",20.719516,77.000253,NH3,7,9,8
India,Maharashtra,Akola,"Ramdaspeth, Akola - MPCB","20-07-2026 15:00:00",20.719516,77.000253,SO2,3,8,5
India,Maharashtra,Akola,"Ramdaspeth, Akola - MPCB","20-07-2026 15:00:00",20.719516,77.000253,CO,18,21,20
India,Maharashtra,Akola,"Ramdaspeth, Akola - MPCB","20-07-2026 15:00:00",20.719516,77.000253,OZONE,5,21,13
India,Maharashtra,Amravati,"Shri Shivaji Science College, Amravati - MPCB","20-07-2026 15:00:00",20.939198,77.765701,NO2,1,25,7
India,Maharashtra,Amravati,"Shri Shivaji Science College, Amravati - MPCB","20-07-2026 15:00:00",20.939198,77.765701,SO2,1,5,3
India,Maharashtra,Amravati,"Shivneri Colony, Amravati - MPCB","20-07-2026 15:00:00",20.9402359,77.7895248,SO2,4,6,5
India,Maharashtra,Amravati,"Shivneri Colony, Amravati - MPCB","20-07-2026 15:00:00",20.9402359,77.7895248,OZONE,5,20,13
India,Maharashtra,Aurangabad,"More Chowk Waluj, Aurangabad - MPCB","20-07-2026 15:00:00",19.8389439,75.244448,CO,14,59,34
India,Maharashtra,Mumbai,"Mindspace-Malad West, Mumbai - MPCB","20-07-2026 15:00:00",19.1878657,72.8304069,NO2,12,14,13
India,Maharashtra,Mumbai,"Mindspace-Malad West, Mumbai - MPCB","20-07-2026 15:00:00",19.1878657,72.8304069,CO,40,41,41
India,Maharashtra,Mumbai,"Mazgaon, Mumbai - IITM","20-07-2026 15:00:00",18.96702,72.84214,OZONE,12,18,15
India,Maharashtra,Mumbai,"Khindipada-Bhandup West, Mumbai - IITM","20-07-2026 15:00:00",19.1653323,72.922099,SO2,7,14,11
India,Maharashtra,Mumbai,"Borivali East, Mumbai - IITM","20-07-2026 15:00:00",19.23241,72.86895,SO2,NA,NA,NA
India,Maharashtra,Mumbai,"Borivali East, Mumbai - IITM","20-07-2026 15:00:00",19.23241,72.86895,CO,44,55,52
India,Maharashtra,Mumbai,"Sion, Mumbai - MPCB","20-07-2026 15:00:00",19.047,72.8746,NO2,37,42,39
India,Maharashtra,Mumbai,"Sion, Mumbai - MPCB","20-07-2026 15:00:00",19.047,72.8746,NH3,6,6,6
India,Maharashtra,Mumbai,"Sion, Mumbai - MPCB","20-07-2026 15:00:00",19.047,72.8746,OZONE,NA,NA,NA
India,Maharashtra,Mumbai,"Kurla, Mumbai - MPCB","20-07-2026 15:00:00",19.0863,72.8888,SO2,29,29,29
India,Maharashtra,Mumbai,"Siddharth Nagar-Worli, Mumbai - IITM","20-07-2026 15:00:00",19.000083,72.813993,PM10,39,62,48
India,Maharashtra,Dombivli,"Kalu Nagar, Dombivli - MPCB","20-07-2026 15:00:00",19.2268427,73.0788456,CO,10,19,15
India,Maharashtra,Jalna,"Old MIDC, Jalna - MPCB","20-07-2026 15:00:00",19.854616,75.905894,SO2,13,15,14
India,Maharashtra,Kalyan,"Khadakpada, Kalyan - MPCB","20-07-2026 15:00:00",19.25292,73.142019,NO2,36,37,37
India,Maharashtra,Kalyan,"Khadakpada, Kalyan - MPCB","20-07-2026 15:00:00",19.25292,73.142019,OZONE,8,8,8
India,Maharashtra,Kolhapur,"Sinchan Bhavan, Kolhapur - MPCB","20-07-2026 15:00:00",16.7143745,74.2426398,SO2,NA,NA,NA
India,Maharashtra,Kolhapur,"Shivaji University, Kolhapur - MPCB","20-07-2026 15:00:00",16.6870449,74.2505872,SO2,0,1,1
India,Maharashtra,Latur,"Sawe Wadi, Latur - MPCB","20-07-2026 15:00:00",18.39963,76.57452,NO2,4,23,11
India,Maharashtra,Latur,"Sawe Wadi, Latur - MPCB","20-07-2026 15:00:00",18.39963,76.57452,NH3,1,7,3
India,Maharashtra,Mumbai,"Kandivali West, Mumbai - BMC","20-07-2026 15:00:00",19.215859,72.831718,NH3,0,2,1
India,Maharashtra,Mumbai,"Navy Nagar-Colaba, Mumbai - IITM","20-07-2026 15:00:00",18.897756,72.81332,CO,17,24,22
India,Maharashtra,Mumbai,"Chakala-Andheri East, Mumbai - IITM","20-07-2026 15:00:00",19.11074,72.86084,PM2.5,14,40,21
India,Maharashtra,Mumbai,"Chakala-Andheri East, Mumbai - IITM","20-07-2026 15:00:00",19.11074,72.86084,NH3,1,3,2
India,Maharashtra,Mumbai,"Malad West, Mumbai - IITM","20-07-2026 15:00:00",19.19709,72.82204,CO,25,51,32
India,Maharashtra,Mumbai,"Borivali East, Mumbai - MPCB","20-07-2026 15:00:00",19.2243333,72.8658113,PM2.5,NA,NA,NA
India,Odisha,Rairangpur,"Divisional Forest Office, Rairangpur - OSPCB","20-07-2026 15:00:00",22.265816,86.174829,NO2,5,7,6
India,Odisha,Rairangpur,"Divisional Forest Office, Rairangpur - OSPCB","20-07-2026 15:00:00",22.265816,86.174829,SO2,8,12,10
India,Odisha,Rourkela,"Raghunathpali, Rourkela - OSPCB","20-07-2026 15:00:00",22.220833,84.809444,PM10,45,96,63
India,Odisha,Rourkela,"Raghunathpali, Rourkela - OSPCB","20-07-2026 15:00:00",22.220833,84.809444,NO2,15,15,15
India,Odisha,Rourkela,"Raghunathpali, Rourkela - OSPCB","20-07-2026 15:00:00",22.220833,84.809444,SO2,4,5,5
India,Odisha,Rourkela,"Sector-2, Rourkela - OSPCB","20-07-2026 15:00:00",22.245,84.88111111,NH3,NA,NA,NA
India,Odisha,Rourkela,"Sector-2, Rourkela - OSPCB","20-07-2026 15:00:00",22.245,84.88111111,OZONE,NA,NA,NA
India,Odisha,Rourkela,"Fertilizer Township, Rourkela - OSPCB","20-07-2026 15:00:00",22.18972222,84.86277778,PM10,56,66,59
India,Odisha,Talcher,"Talcher Coalfields,Talcher - OSPCB","20-07-2026 15:00:00",20.9360711,85.1707021,NH3,5,9,7
India,Puducherry,Puducherry,"Jawahar Nagar, Puducherry - PPCC","20-07-2026 15:00:00",11.9309,79.8027,NO2,4,22,11
India,Punjab,Amritsar,"Golden Temple, Amritsar - PPCB","20-07-2026 15:00:00",31.62,74.876512,PM10,61,101,71
India,Punjab,Bathinda,"Hardev Nagar, Bathinda - PPCB","20-07-2026 15:00:00",30.233011,74.907758,PM2.5,22,46,32
India,Punjab,Bathinda,"Hardev Nagar, Bathinda - PPCB","20-07-2026 15:00:00",30.233011,74.907758,SO2,15,16,16
India,Punjab,Bathinda,"Hardev Nagar, Bathinda - PPCB","20-07-2026 15:00:00",30.233011,74.907758,CO,77,79,78
India,Punjab,Bathinda,"Hardev Nagar, Bathinda - PPCB","20-07-2026 15:00:00",30.233011,74.907758,OZONE,NA,NA,NA
India,Punjab,Jalandhar,"Civil Line, Jalandhar - PPCB","20-07-2026 15:00:00",31.321907,75.578914,SO2,14,17,15
India,Punjab,Khanna,"Kalal Majra, Khanna - PPCB","20-07-2026 15:00:00",30.736056,76.209694,PM2.5,37,46,39
India,Punjab,Khanna,"Kalal Majra, Khanna - PPCB","20-07-2026 15:00:00",30.736056,76.209694,NO2,26,31,28
India,Rajasthan,Churu,"Subash Chowk, Churu - RSPCB","20-07-2026 15:00:00",28.296139,74.961696,OZONE,26,45,36
India,Rajasthan,Dausa,"Khatikan Mohalla, Dausa - RSPCB","20-07-2026 15:00:00",26.895552,76.334753,SO2,2,4,3
India,Rajasthan,Dausa,"Khatikan Mohalla, Dausa - RSPCB","20-07-2026 15:00:00",26.895552,76.334753,CO,36,98,68
India,Rajasthan,Dholpur,"Raja Ganj, Dholpur - RSPCB","20-07-2026 15:00:00",26.699557,77.898881,NH3,3,14,6
India,Rajasthan,Dholpur,"Raja Ganj, Dholpur - RSPCB","20-07-2026 15:00:00",26.699557,77.898881,SO2,0,6,3
India,Rajasthan,Dholpur,"Raja Ganj, Dholpur - RSPCB","20-07-2026 15:00:00",26.699557,77.898881,CO,21,26,23
India,Rajasthan,Dungarpur,"Bhoiwada, Dungarpur - RSPCB","20-07-2026 15:00:00",23.837789,73.714926,CO,17,22,18
India,Rajasthan,Dungarpur,"Bhoiwada, Dungarpur - RSPCB","20-07-2026 15:00:00",23.837789,73.714926,OZONE,23,32,27
India,Rajasthan,Hanumangarh,"Housing Board, Hanumangarh - RSPCB","20-07-2026 15:00:00",29.61075,74.283608,PM10,57,163,91
India,Rajasthan,Hanumangarh,"Housing Board, Hanumangarh - RSPCB","20-07-2026 15:00:00",29.61075,74.283608,NH3,4,5,4
India,Rajasthan,Jaipur,"Sector-2 Murlipura, Jaipur - RSPCB","20-07-2026 15:00:00",26.960669,75.771817,NH3,3,7,5
India,Rajasthan,Jaipur,"RIICO Sitapura, Jaipur - RSPCB","20-07-2026 15:00:00",26.786682,75.827928,NO2,7,33,22
India,Rajasthan,Jaipur,"RIICO Sitapura, Jaipur - RSPCB","20-07-2026 15:00:00",26.786682,75.827928,SO2,1,12,3
India,Rajasthan,Jaipur,"RIICO Sitapura, Jaipur - RSPCB","20-07-2026 15:00:00",26.786682,75.827928,OZONE,10,29,17
India,Rajasthan,Jaipur,"Police Commissionerate, Jaipur - RSPCB","20-07-2026 15:00:00",26.9164092,75.7994901,NH3,3,12,7
India,Rajasthan,Jaipur,"Police Commissionerate, Jaipur - RSPCB","20-07-2026 15:00:00",26.9164092,75.7994901,OZONE,0,39,31
India,Rajasthan,Jaipur,"Mansarovar Sector-12, Jaipur - RSPCB","20-07-2026 15:00:00",26.843698,75.766894,NO2,6,37,15
India,Rajasthan,Jaipur,"Adarsh Nagar, Jaipur - RSPCB","20-07-2026 15:00:00",26.902909,75.836858,PM10,33,88,64
India,Rajasthan,Jaipur,"Adarsh Nagar, Jaipur - RSPCB","20-07-2026 15:00:00",26.902909,75.836858,NH3,4,6,5
India,Punjab,Khanna,"Kalal Majra, Khanna - PPCB","20-07-2026 15:00:00",30.736056,76.209694,SO2,14,16,15
India,Punjab,Khanna,"Kalal Majra, Khanna - PPCB","20-07-2026 15:00:00",30.736056,76.209694,CO,43,48,46
India,Punjab,Ludhiana,"Punjab Agricultural University, Ludhiana - PPCB","20-07-2026 15:00:00",30.9028,75.8086,CO,15,36,25
India,Punjab,Ludhiana,"Punjab Agricultural University, Ludhiana - PPCB","20-07-2026 15:00:00",30.9028,75.8086,OZONE,35,60,40
India,Punjab,"Mandi Gobindgarh","RIMT University, Mandi Gobindgarh - PPCB","20-07-2026 15:00:00",30.649961,76.331442,NO2,23,25,24
India,Punjab,"Mandi Gobindgarh","RIMT University, Mandi Gobindgarh - PPCB","20-07-2026 15:00:00",30.649961,76.331442,NH3,5,5,5
India,Punjab,"Mandi Gobindgarh","RIMT University, Mandi Gobindgarh - PPCB","20-07-2026 15:00:00",30.649961,76.331442,SO2,1,104,13
India,Punjab,"Mandi Gobindgarh","RIMT University, Mandi Gobindgarh - PPCB","20-07-2026 15:00:00",30.649961,76.331442,CO,67,70,69
India,Punjab,Patiala,"Model Town, Patiala - PPCB","20-07-2026 15:00:00",30.349388,76.366642,PM10,4,113,80
India,Punjab,Patiala,"Model Town, Patiala - PPCB","20-07-2026 15:00:00",30.349388,76.366642,NO2,16,19,18
India,Rajasthan,Ajmer,"Civil Lines,  Ajmer - RSPCB","20-07-2026 15:00:00",26.470859,74.646594,PM2.5,18,55,28
India,Rajasthan,Ajmer,"Civil Lines,  Ajmer - RSPCB","20-07-2026 15:00:00",26.470859,74.646594,OZONE,5,6,6
India,Rajasthan,Alwar,"Moti Doongri, Alwar - RSPCB","20-07-2026 15:00:00",27.554793,76.611536,NH3,8,11,9
India,Rajasthan,Alwar,"Moti Doongri, Alwar - RSPCB","20-07-2026 15:00:00",27.554793,76.611536,OZONE,31,35,33
India,Rajasthan,Banswara,"Rati Talai, Banswara - RSPCB","20-07-2026 15:00:00",23.55519,74.44001,CO,25,29,27
India,Rajasthan,Baran,"Bamboliya, Baran - RSPCB","20-07-2026 15:00:00",25.106006,76.469948,PM10,46,84,65
India,Rajasthan,Barmer,"Railway Colony, Barmer - RSPCB","20-07-2026 15:00:00",25.747299,71.393989,NO2,3,21,8
India,Maharashtra,"Navi Mumbai","Sector-2E Kalamboli, Navi Mumbai - MPCB","20-07-2026 15:00:00",19.02579,73.10297,NH3,3,12,7
India,Maharashtra,"Navi Mumbai","Sector-2E Kalamboli, Navi Mumbai - MPCB","20-07-2026 15:00:00",19.02579,73.10297,CO,14,22,18
India,Maharashtra,Pimpri-Chinchwad,"Bhosari, Pune - IITM","20-07-2026 15:00:00",18.640051,73.848956,NH3,NA,NA,NA
India,Maharashtra,Pimpri-Chinchwad,"Thergaon, Pimpri Chinchwad - MPCB","20-07-2026 15:00:00",18.616318,73.765797,NO2,6,14,10
India,Maharashtra,Pimpri-Chinchwad,"Transport Nagar-Nigdi, Pune - IITM","20-07-2026 15:00:00",18.664282,73.763966,NO2,9,17,12
India,Maharashtra,Pimpri-Chinchwad,"Transport Nagar-Nigdi, Pune - IITM","20-07-2026 15:00:00",18.664282,73.763966,CO,36,41,38
India,Maharashtra,Pimpri-Chinchwad,"Gavalinagar, Pimpri Chinchwad - MPCB","20-07-2026 15:00:00",18.63673,73.82487,PM2.5,8,29,15
India,Maharashtra,Pimpri-Chinchwad,"Gavalinagar, Pimpri Chinchwad - MPCB","20-07-2026 15:00:00",18.63673,73.82487,NO2,NA,NA,NA
India,Maharashtra,Pimpri-Chinchwad,"Gavalinagar, Pimpri Chinchwad - MPCB","20-07-2026 15:00:00",18.63673,73.82487,OZONE,3,12,9
India,Maharashtra,Pimpri-Chinchwad,"Savta Mali Nagar, Pimpri-Chinchwad - IITM","20-07-2026 15:00:00",18.614767,73.799516,PM2.5,9,30,18
India,Maharashtra,Pimpri-Chinchwad,"Savta Mali Nagar, Pimpri-Chinchwad - IITM","20-07-2026 15:00:00",18.614767,73.799516,NH3,NA,NA,NA
India,Maharashtra,Pimpri-Chinchwad,"Savta Mali Nagar, Pimpri-Chinchwad - IITM","20-07-2026 15:00:00",18.614767,73.799516,CO,11,49,29
India,Maharashtra,Pune,"Panchawati_Pashan, Pune - IITM","20-07-2026 15:00:00",18.536457,73.805454,PM2.5,19,42,27
India,Maharashtra,Pune,"Panchawati_Pashan, Pune - IITM","20-07-2026 15:00:00",18.536457,73.805454,NO2,6,12,8
India,Maharashtra,Pune,"Panchawati_Pashan, Pune - IITM","20-07-2026 15:00:00",18.536457,73.805454,CO,8,17,13
India,Maharashtra,Pune,"Dhankawadi, Pune - IITM","20-07-2026 15:00:00",18.459883,73.852193,NO2,17,25,20
India,Maharashtra,Pune,"Revenue Colony-Shivajinagar, Pune - IITM","20-07-2026 15:00:00",18.530085,73.849598,PM10,12,27,19
India,Maharashtra,Pune,"Mhada Colony, Pune - IITM","20-07-2026 15:00:00",18.57304,73.927715,PM2.5,16,49,30
India,Maharashtra,Pune,"Mhada Colony, Pune - IITM","20-07-2026 15:00:00",18.57304,73.927715,SO2,NA,NA,NA
India,Maharashtra,Sangli,"Vijay Nagar, Sangli - MPCB","20-07-2026 15:00:00",16.5038,74.3623,NH3,0,2,0
India,Maharashtra,Solapur,"Dnyaneshwar Nagar, Solapur - MPCB","20-07-2026 15:00:00",17.6336264,75.9132495,PM2.5,7,27,15
India,Maharashtra,Solapur,"Dnyaneshwar Nagar, Solapur - MPCB","20-07-2026 15:00:00",17.6336264,75.9132495,NO2,3,10,7
India,Maharashtra,Thane,"Kasarvadavali, Thane - MPCB","20-07-2026 15:00:00",19.26777,72.97182,CO,16,25,20
India,Maharashtra,Thane,"Upvan Fort, Thane - MPCB","20-07-2026 15:00:00",19.222279,72.957979,CO,6,19,15
India,Maharashtra,Ulhasnagar,"Sidhi Vinayak Nagar, Ulhasnagar - MPCB","20-07-2026 15:00:00",19.235581,73.159121,PM2.5,49,55,51
India,Maharashtra,Ulhasnagar,"Sidhi Vinayak Nagar, Ulhasnagar - MPCB","20-07-2026 15:00:00",19.235581,73.159121,PM10,54,63,57
India,Maharashtra,Ulhasnagar,"Sidhi Vinayak Nagar, Ulhasnagar - MPCB","20-07-2026 15:00:00",19.235581,73.159121,NO2,8,10,9
India,Maharashtra,Ulhasnagar,"Vithalwadi, Ulhasnagar - MPCB","20-07-2026 15:00:00",19.2307571,73.155192,PM10,NA,NA,NA
India,Maharashtra,Ulhasnagar,"Vithalwadi, Ulhasnagar - MPCB","20-07-2026 15:00:00",19.2307571,73.155192,NH3,NA,NA,NA
India,Maharashtra,Virar,"Bolinj, Virar - MPCB","20-07-2026 15:00:00",19.445821,72.7988231,CO,6,78,50
India,Mizoram,Aizawl,"Sikulpuikawn, Aizawl - Mizoram PCB","20-07-2026 15:00:00",23.7176342,92.7192841,PM2.5,NA,NA,NA
India,Mizoram,Aizawl,"Sikulpuikawn, Aizawl - Mizoram PCB","20-07-2026 15:00:00",23.7176342,92.7192841,PM10,8,50,15
India,Odisha,Angul,"Hakimapada, Angul - OSPCB","20-07-2026 15:00:00",20.832874,85.104082,NH3,4,7,6
India,Odisha,Angul,"Hakimapada, Angul - OSPCB","20-07-2026 15:00:00",20.832874,85.104082,OZONE,15,15,15
India,Odisha,Balasore,"Kalidaspur, Balasore - OSPCB","20-07-2026 15:00:00",21.51161,86.89088,PM10,34,117,63
India,Odisha,Balasore,"Kalidaspur, Balasore - OSPCB","20-07-2026 15:00:00",21.51161,86.89088,CO,11,35,22
India,Odisha,Barbil,"Forest Office, Barbil - OSPCB","20-07-2026 15:00:00",22.1166054,85.3945546,PM10,34,96,60
India,Odisha,Barbil,"Forest Office, Barbil - OSPCB","20-07-2026 15:00:00",22.1166054,85.3945546,NO2,1,7,3
India,Odisha,Barbil,"Forest Office, Barbil - OSPCB","20-07-2026 15:00:00",22.1166054,85.3945546,CO,13,16,15
India,Odisha,Baripada,"Meher Colony, Baripada - OSPCB","20-07-2026 15:00:00",21.941841,86.728318,PM2.5,7,78,41
India,Odisha,Bhubaneswar,"Lingraj Mandir, Bhubaneswar - OSPCB","20-07-2026 15:00:00",20.24079,85.836784,PM2.5,27,177,61
India,Odisha,Bhubaneswar,"Lingraj Mandir, Bhubaneswar - OSPCB","20-07-2026 15:00:00",20.24079,85.836784,NO2,8,30,16
India,Odisha,Brajrajnagar,"GM Office, Brajrajnagar - OSPCB","20-07-2026 15:00:00",21.8004996,83.8396977,PM2.5,14,125,40
India,Odisha,Byasanagar,"Ferro Chrome Colony, Byasanagar - OSPCB","20-07-2026 15:00:00",20.94185,86.1151,NO2,7,21,9
India,Odisha,Byasanagar,"Ferro Chrome Colony, Byasanagar - OSPCB","20-07-2026 15:00:00",20.94185,86.1151,CO,23,25,24
India,Odisha,Byasanagar,"Ferro Chrome Colony, Byasanagar - OSPCB","20-07-2026 15:00:00",20.94185,86.1151,OZONE,47,78,61
India,Odisha,Cuttack,"CDA Area, Cuttack - OSPCB","20-07-2026 15:00:00",20.48891,85.84768,PM2.5,23,60,40
India,Odisha,Keonjhar,"Jagamohanpur, Keonjhar - OSPCB","20-07-2026 15:00:00",21.6439,85.599355,CO,35,36,35
India,Odisha,Rairangpur,"Divisional Forest Office, Rairangpur - OSPCB","20-07-2026 15:00:00",22.265816,86.174829,PM2.5,19,70,42
India,Maharashtra,Nashik,"Pandav Nagari, Nashik - MPCB","20-07-2026 15:00:00",19.9591346,73.7788008,PM10,7,34,14
India,Maharashtra,Nashik,"Pandav Nagari, Nashik - MPCB","20-07-2026 15:00:00",19.9591346,73.7788008,NH3,1,2,1
India,Maharashtra,"Navi Mumbai","Mahape, Navi Mumbai - MPCB","20-07-2026 15:00:00",19.1135051,73.008978,SO2,NA,NA,NA
India,Maharashtra,"Navi Mumbai","Tondare-Taloja, Navi Mumbai - MPCB","20-07-2026 15:00:00",19.063,73.1209,PM10,24,50,34
India,Maharashtra,"Navi Mumbai","Tondare-Taloja, Navi Mumbai - MPCB","20-07-2026 15:00:00",19.063,73.1209,NO2,4,16,6
India,Maharashtra,"Navi Mumbai","Tondare-Taloja, Navi Mumbai - MPCB","20-07-2026 15:00:00",19.063,73.1209,NH3,5,8,7
India,Maharashtra,"Navi Mumbai","Kopripada-Vashi, Navi Mumbai - MPCB","20-07-2026 15:00:00",19.090337,73.014232,PM10,NA,NA,NA
India,Maharashtra,"Navi Mumbai","Kopripada-Vashi, Navi Mumbai - MPCB","20-07-2026 15:00:00",19.090337,73.014232,NO2,8,18,13
India,Maharashtra,"Navi Mumbai","Nerul, Navi Mumbai - MPCB","20-07-2026 15:00:00",19.008751,73.01662,NH3,1,1,1
India,Maharashtra,"Navi Mumbai","Nerul, Navi Mumbai - MPCB","20-07-2026 15:00:00",19.008751,73.01662,SO2,NA,NA,NA
India,Rajasthan,Bharatpur,"Krishna Nagar, Bharatpur - RSPCB","20-07-2026 15:00:00",27.215415,77.50873,NH3,4,10,6
India,Rajasthan,Bharatpur,"Krishna Nagar, Bharatpur - RSPCB","20-07-2026 15:00:00",27.215415,77.50873,CO,16,27,23
India,Rajasthan,Bhilwara,"Pratap Nagar, Bhilwara - RSPCB","20-07-2026 15:00:00",25.339605,74.618883,NH3,4,6,5
India,Rajasthan,Bhiwadi,"RIICO Ind. Area III, Bhiwadi - RSPCB","20-07-2026 15:00:00",28.194909,76.862296,OZONE,20,72,42
India,Rajasthan,Bhiwadi,"Vasundhara Nagar_UIT, Bhiwadi - RSPCB","20-07-2026 15:00:00",28.207266,76.829265,PM10,67,135,98
India,Rajasthan,Bhiwadi,"Vasundhara Nagar_UIT, Bhiwadi - RSPCB","20-07-2026 15:00:00",28.207266,76.829265,NH3,4,8,6
India,Rajasthan,Bikaner,"MM Ground, Bikaner - RSPCB","20-07-2026 15:00:00",28.018792,73.292658,NO2,7,20,12
India,Rajasthan,Bikaner,"MM Ground, Bikaner - RSPCB","20-07-2026 15:00:00",28.018792,73.292658,NH3,2,3,2
India,Telangana,Hyderabad,"Ramachandrapuram, Hyderabad - TSPCB","20-07-2026 15:00:00",17.528544,78.286195,OZONE,21,27,24
India,Telangana,Hyderabad,"Zoo Park, Hyderabad - TSPCB","20-07-2026 15:00:00",17.349694,78.451437,NH3,NA,NA,NA
India,Telangana,Hyderabad,"Sanathnagar, Hyderabad - TSPCB","20-07-2026 15:00:00",17.4559458,78.4332152,PM2.5,5,55,21
India,Telangana,Hyderabad,"Sanathnagar, Hyderabad - TSPCB","20-07-2026 15:00:00",17.4559458,78.4332152,SO2,5,16,9
India,Telangana,Hyderabad,"Sanathnagar, Hyderabad - TSPCB","20-07-2026 15:00:00",17.4559458,78.4332152,CO,20,39,28
India,Telangana,Hyderabad,"Sanathnagar, Hyderabad - TSPCB","20-07-2026 15:00:00",17.4559458,78.4332152,OZONE,13,35,22
India,Telangana,Hyderabad,"New Malakpet, Hyderabad - TSPCB","20-07-2026 15:00:00",17.37206,78.50864,NH3,2,3,2
India,Telangana,Hyderabad,"New Malakpet, Hyderabad - TSPCB","20-07-2026 15:00:00",17.37206,78.50864,SO2,7,12,9
India,Telangana,Hyderabad,"New Malakpet, Hyderabad - TSPCB","20-07-2026 15:00:00",17.37206,78.50864,OZONE,14,22,18
India,Telangana,Hyderabad,"IDA Pashamylaram, Hyderabad - TSPCB","20-07-2026 15:00:00",17.5316895,78.218939,PM2.5,2,32,14
India,Telangana,Hyderabad,"IDA Pashamylaram, Hyderabad - TSPCB","20-07-2026 15:00:00",17.5316895,78.218939,PM10,17,54,32
India,Telangana,Hyderabad,"IDA Pashamylaram, Hyderabad - TSPCB","20-07-2026 15:00:00",17.5316895,78.218939,NH3,0,2,1
India,Telangana,Hyderabad,"ICRISAT Patancheru, Hyderabad - TSPCB","20-07-2026 15:00:00",17.5184,78.278777,PM2.5,5,25,17
India,Telangana,Hyderabad,"ICRISAT Patancheru, Hyderabad - TSPCB","20-07-2026 15:00:00",17.5184,78.278777,NO2,1,12,8
India,Tripura,Agartala,"Bardowali, Agartala - Tripura SPCB","20-07-2026 15:00:00",23.8175497,91.2726974,NO2,13,18,16
India,"Uttar Pradesh",Agra,"Rohta, Agra - UPPCB","20-07-2026 15:00:00",27.106972,78.000111,PM2.5,26,56,39
India,"Uttar Pradesh",Agra,"Rohta, Agra - UPPCB","20-07-2026 15:00:00",27.106972,78.000111,PM10,48,158,91
India,"Uttar Pradesh",Agra,"Rohta, Agra - UPPCB","20-07-2026 15:00:00",27.106972,78.000111,SO2,11,22,15
India,"Uttar Pradesh",Agra,"Rohta, Agra - UPPCB","20-07-2026 15:00:00",27.106972,78.000111,CO,20,32,27
India,"Tamil Nadu",Gummidipoondi,"Anthoni Pillai Nagar, Gummidipoondi - TNPCB","20-07-2026 15:00:00",13.4127,80.1081,NO2,12,22,18
India,"Tamil Nadu",Gummidipoondi,"Anthoni Pillai Nagar, Gummidipoondi - TNPCB","20-07-2026 15:00:00",13.4127,80.1081,OZONE,NA,NA,NA
India,"Tamil Nadu",Madurai,"Uchapatti, Madurai - TNPCB","20-07-2026 15:00:00",9.865935,78.022669,SO2,54,57,56
India,"Tamil Nadu",Ramanathapuram,"Chalai Bazaar, Ramanathapuram - TNPCB","20-07-2026 15:00:00",9.36399,78.831977,PM10,NA,NA,NA
India,"Tamil Nadu",Ramanathapuram,"Chalai Bazaar, Ramanathapuram - TNPCB","20-07-2026 15:00:00",9.36399,78.831977,SO2,NA,NA,NA
India,"Tamil Nadu",Thoothukudi,"Meelavittan, Thoothukudi - TNPCB","20-07-2026 15:00:00",8.816428,78.099039,PM2.5,NA,NA,NA
India,"Tamil Nadu",Thoothukudi,"Meelavittan, Thoothukudi - TNPCB","20-07-2026 15:00:00",8.816428,78.099039,CO,23,32,27
India,Telangana,Hyderabad,"Central University, Hyderabad - TSPCB","20-07-2026 15:00:00",17.460103,78.334361,NH3,0,5,2
India,Telangana,Hyderabad,"Central University, Hyderabad - TSPCB","20-07-2026 15:00:00",17.460103,78.334361,CO,6,8,7
India,Telangana,Hyderabad,"Nacharam_TSIIC IALA, Hyderabad - TSPCB","20-07-2026 15:00:00",17.429398,78.569354,PM10,51,68,58
India,Telangana,Hyderabad,"Nacharam_TSIIC IALA, Hyderabad - TSPCB","20-07-2026 15:00:00",17.429398,78.569354,OZONE,16,27,22
India,Telangana,Hyderabad,"Kokapet, Hyderabad - TSPCB","20-07-2026 15:00:00",17.393559,78.339194,PM2.5,30,57,38
India,Telangana,Hyderabad,"Kokapet, Hyderabad - TSPCB","20-07-2026 15:00:00",17.393559,78.339194,CO,18,28,23
India,Telangana,Hyderabad,"Kompally Municipal Office, Hyderabad - TSPCB","20-07-2026 15:00:00",17.544899,78.486949,PM2.5,NA,NA,NA
India,Telangana,Hyderabad,"Kompally Municipal Office, Hyderabad - TSPCB","20-07-2026 15:00:00",17.544899,78.486949,NO2,NA,NA,NA
India,Telangana,Hyderabad,"Kompally Municipal Office, Hyderabad - TSPCB","20-07-2026 15:00:00",17.544899,78.486949,OZONE,19,29,23
India,Telangana,Hyderabad,"Ramachandrapuram, Hyderabad - TSPCB","20-07-2026 15:00:00",17.528544,78.286195,PM2.5,38,52,47
India,Rajasthan,Rajsamand,"Dhoinda, Rajsamand - RSPCB","20-07-2026 15:00:00",25.03636,73.883502,PM2.5,18,65,37
India,Rajasthan,Rajsamand,"Dhoinda, Rajsamand - RSPCB","20-07-2026 15:00:00",25.03636,73.883502,OZONE,41,58,49
India,Rajasthan,"Sawai Madhopur","Sahu Nagar, Sawai Madhopur - RSPCB","20-07-2026 15:00:00",26.031443,76.359327,PM2.5,22,52,37
India,Rajasthan,"Sawai Madhopur","Sahu Nagar, Sawai Madhopur - RSPCB","20-07-2026 15:00:00",26.031443,76.359327,NH3,1,39,7
India,Rajasthan,Sikar,"Radhakishan Pura, Sikar - RSPCB","20-07-2026 15:00:00",27.608912,75.153302,NH3,2,19,9
India,Rajasthan,Sirohi,"Vedhaynath Colony, Sirohi - RSPCB","20-07-2026 15:00:00",24.885261,72.857549,PM10,49,101,68
India,Rajasthan,Sirohi,"Vedhaynath Colony, Sirohi - RSPCB","20-07-2026 15:00:00",24.885261,72.857549,NH3,4,5,4
India,Rajasthan,"Sri Ganganagar","Old City, Sri Ganganagar - RSPCB","20-07-2026 15:00:00",29.931624,73.864511,PM10,55,474,141
India,Rajasthan,Udaipur,"Ashok Nagar, Udaipur - RSPCB","20-07-2026 15:00:00",24.5886166,73.6321397,NO2,8,15,11
India,Rajasthan,Udaipur,"Ashok Nagar, Udaipur - RSPCB","20-07-2026 15:00:00",24.5886166,73.6321397,NH3,3,6,4
India,Rajasthan,Udaipur,"Ashok Nagar, Udaipur - RSPCB","20-07-2026 15:00:00",24.5886166,73.6321397,SO2,2,7,5
India,Sikkim,Gangtok,"Zero Point GICI, Gangtok - SSPCB","20-07-2026 15:00:00",27.33853,88.614099,PM2.5,NA,NA,NA
India,Sikkim,Gangtok,"Zero Point GICI, Gangtok - SSPCB","20-07-2026 15:00:00",27.33853,88.614099,SO2,1,1,1
India,"Tamil Nadu",Chennai,"Velachery Res. Area, Chennai - CPCB","20-07-2026 15:00:00",13.0052189,80.2398125,PM10,88,120,102
India,"Tamil Nadu",Chennai,"Velachery Res. Area, Chennai - CPCB","20-07-2026 15:00:00",13.0052189,80.2398125,NH3,2,3,3
India,"Uttar Pradesh",Agra,"Sector-3B Avas Vikas Colony, Agra - UPPCB","20-07-2026 15:00:00",27.19412,77.96237,OZONE,15,18,17
India,"Uttar Pradesh",Agra,"Sanjay Palace, Agra - UPPCB","20-07-2026 15:00:00",27.19865833,78.00598056,PM10,69,122,92
India,"Uttar Pradesh",Agra,"Sanjay Palace, Agra - UPPCB","20-07-2026 15:00:00",27.19865833,78.00598056,CO,23,25,24
India,"Uttar Pradesh",Agra,"Shastripuram, Agra - UPPCB","20-07-2026 15:00:00",27.19862,77.92066,OZONE,29,38,34
India,"Uttar Pradesh",Agra,"Manoharpur, Agra - UPPCB","20-07-2026 15:00:00",27.23711,78.01936,NO2,29,30,30
India,"Uttar Pradesh",Agra,"Manoharpur, Agra - UPPCB","20-07-2026 15:00:00",27.23711,78.01936,NH3,1,1,1
India,"Uttar Pradesh",Baghpat,"Sardar Patel Inter College, Baghpat - UPPCB","20-07-2026 15:00:00",28.964949,77.278761,NO2,2,25,6
India,"Uttar Pradesh",Bareilly,"Rajendra Nagar, Bareilly - UPPCB","20-07-2026 15:00:00",28.38910936,79.42963708,SO2,2,6,3
India,"Uttar Pradesh",Bareilly,"Civil Lines, Bareilly - UPPCB","20-07-2026 15:00:00",28.359581,79.414455,NH3,3,10,7
India,"Uttar Pradesh",Bareilly,"Civil Lines, Bareilly - UPPCB","20-07-2026 15:00:00",28.359581,79.414455,OZONE,40,110,76
India,"Uttar Pradesh",Bulandshahr,"Yamunapuram, Bulandshahr - UPPCB","20-07-2026 15:00:00",28.406963,77.849831,NO2,9,20,14
India,"Uttar Pradesh",Bulandshahr,"Yamunapuram, Bulandshahr - UPPCB","20-07-2026 15:00:00",28.406963,77.849831,NH3,9,30,14
India,"Uttar Pradesh",Bulandshahr,"Yamunapuram, Bulandshahr - UPPCB","20-07-2026 15:00:00",28.406963,77.849831,OZONE,2,11,5
India,Rajasthan,Jodhpur,"Samrat Ashok Udhyan, Jodhpur - RSPCB","20-07-2026 15:00:00",26.253384,72.976571,OZONE,16,34,24
India,Rajasthan,Jodhpur,"Digari Kalan, Jodhpur - RSPCB","20-07-2026 15:00:00",26.29581,73.082283,PM2.5,18,35,25
India,Rajasthan,Jodhpur,"Digari Kalan, Jodhpur - RSPCB","20-07-2026 15:00:00",26.29581,73.082283,NH3,4,7,5
India,Rajasthan,Karauli,"Satyawati Vihar, Karauli - RSPCB","20-07-2026 15:00:00",26.506177,77.025989,PM10,NA,NA,NA
India,Rajasthan,Karauli,"Satyawati Vihar, Karauli - RSPCB","20-07-2026 15:00:00",26.506177,77.025989,SO2,7,12,9
India,Rajasthan,Khairthal,"New Anaj Mandi, Khairthal - RSPCB","20-07-2026 15:00:00",27.8015617,76.6365217,PM2.5,56,93,73
India,Rajasthan,Khairthal,"New Anaj Mandi, Khairthal - RSPCB","20-07-2026 15:00:00",27.8015617,76.6365217,SO2,4,5,4
India,Rajasthan,Kota,"Dhanmandi, Kota - RSPCB","20-07-2026 15:00:00",25.16409,75.858137,NO2,21,29,25
India,Rajasthan,Nagaur,"Karni Colony, Nagaur - RSPCB","20-07-2026 15:00:00",27.213494,73.734444,NO2,3,9,6
India,Rajasthan,Pali,"Indira Colony Vistar, Pali - RSPCB","20-07-2026 15:00:00",25.771061,73.340227,NO2,18,30,25
India,Rajasthan,Pali,"Indira Colony Vistar, Pali - RSPCB","20-07-2026 15:00:00",25.771061,73.340227,OZONE,7,70,35
India,Rajasthan,Pratapgarh,"Pragati Nagar, Pratapgarh - RSPCB","20-07-2026 15:00:00",24.041198,74.780702,PM2.5,15,62,31
India,"Uttar Pradesh",Hapur,"Anand Vihar, Hapur - UPPCB","20-07-2026 15:00:00",28.725645,77.749675,OZONE,16,20,18
India,"Uttar Pradesh",Kanpur,"FTI Kidwai Nagar, Kanpur - UPPCB","20-07-2026 15:00:00",26.428282,80.327067,PM2.5,3,135,22
India,"Uttar Pradesh",Kanpur,"FTI Kidwai Nagar, Kanpur - UPPCB","20-07-2026 15:00:00",26.428282,80.327067,CO,32,34,33
India,"Uttar Pradesh",Kanpur,"FTI Kidwai Nagar, Kanpur - UPPCB","20-07-2026 15:00:00",26.428282,80.327067,OZONE,11,11,11
India,"Uttar Pradesh",Kanpur,"NSI Kalyanpur, Kanpur - UPPCB","20-07-2026 15:00:00",26.509954,80.249612,PM10,29,56,44
India,"Uttar Pradesh",Kanpur,"NSI Kalyanpur, Kanpur - UPPCB","20-07-2026 15:00:00",26.509954,80.249612,SO2,23,27,24
India,"Uttar Pradesh",Khora,"Prashant Garden, Khora - UPPCB","20-07-2026 15:00:00",28.61119,77.34206,CO,102,104,104
India,"Uttar Pradesh",Khurja,"Kalindi Kunj, Khurja - UPPCB","20-07-2026 15:00:00",28.2348927,77.8683002,NH3,1,1,1
India,"Uttar Pradesh",Lucknow,"Kendriya Vidyalaya, Lucknow - CPCB","20-07-2026 15:00:00",26.906111,80.948222,CO,17,78,48
India,"Uttar Pradesh",Lucknow,"Gomti Nagar, Lucknow - UPPCB","20-07-2026 15:00:00",26.86812,81.005119,PM2.5,3,28,15
India,"Uttar Pradesh",Lucknow,"Gomti Nagar, Lucknow - UPPCB","20-07-2026 15:00:00",26.86812,81.005119,NH3,NA,NA,NA
India,"Uttar Pradesh",Lucknow,"Gomti Nagar, Lucknow - UPPCB","20-07-2026 15:00:00",26.86812,81.005119,SO2,13,15,14
India,"Tamil Nadu",Chennai,"Arumbakkam, Chennai - TNPCB","20-07-2026 15:00:00",13.0664,80.2112,PM10,42,500,103
India,"Tamil Nadu",Chennai,"Arumbakkam, Chennai - TNPCB","20-07-2026 15:00:00",13.0664,80.2112,NO2,9,24,15
India,"Tamil Nadu",Chennai,"Arumbakkam, Chennai - TNPCB","20-07-2026 15:00:00",13.0664,80.2112,SO2,0,7,2
India,"Tamil Nadu",Chennai,"Manali Village, Chennai - TNPCB","20-07-2026 15:00:00",13.1662,80.2584,PM10,23,67,44
India,"Tamil Nadu",Chennai,"Manali Village, Chennai - TNPCB","20-07-2026 15:00:00",13.1662,80.2584,NO2,13,19,17
India,"Tamil Nadu",Chennai,"Manali, Chennai - CPCB","20-07-2026 15:00:00",13.164544,80.26285,PM10,35,111,69
India,"Tamil Nadu",Chennai,"Manali, Chennai - CPCB","20-07-2026 15:00:00",13.164544,80.26285,SO2,4,16,7
India,"Tamil Nadu",Chennai,"Royapuram, Chennai - TNPCB","20-07-2026 15:00:00",13.1036,80.2909,SO2,NA,NA,NA
India,"Tamil Nadu",Chennai,"Royapuram, Chennai - TNPCB","20-07-2026 15:00:00",13.1036,80.2909,CO,46,55,50
India,"Tamil Nadu",Chennai,"Perungudi, Chennai - TNPCB","20-07-2026 15:00:00",12.9533,80.2357,PM2.5,8,32,17
India,"Tamil Nadu",Coimbatore,"SIDCO Kurichi, Coimbatore - TNPCB","20-07-2026 15:00:00",10.942451,76.978996,PM2.5,NA,NA,NA
India,"Tamil Nadu",Coimbatore,"SIDCO Kurichi, Coimbatore - TNPCB","20-07-2026 15:00:00",10.942451,76.978996,NO2,NA,NA,NA
India,"Tamil Nadu",Coimbatore,"SIDCO Kurichi, Coimbatore - TNPCB","20-07-2026 15:00:00",10.942451,76.978996,NH3,NA,NA,NA
India,"Tamil Nadu",Cuddalore,"Kudikadu, Cuddalore - TNPCB","20-07-2026 15:00:00",11.6829898,79.7532099,CO,NA,NA,NA
India,Rajasthan,Jaipur,"Adarsh Nagar, Jaipur - RSPCB","20-07-2026 15:00:00",26.902909,75.836858,OZONE,40,55,47
India,Rajasthan,Jaipur,"Shastri Nagar, Jaipur - RSPCB","20-07-2026 15:00:00",26.9502929,75.730943,PM2.5,33,125,89
India,Rajasthan,Jaisalmer,"Sadar Bazar, Jaisalmer - RSPCB","20-07-2026 15:00:00",26.912329,70.909168,NO2,7,55,12
India,Rajasthan,Jalore,"Mudtra Sili, Jalore - RSPCB","20-07-2026 15:00:00",25.344694,72.626208,PM2.5,17,45,34
India,Rajasthan,Jalore,"Mudtra Sili, Jalore - RSPCB","20-07-2026 15:00:00",25.344694,72.626208,SO2,1,4,3
India,Rajasthan,Jhalawar,"Rajlaxmi Nagar, Jhalawar - RSPCB","20-07-2026 15:00:00",24.588397,76.172782,NH3,4,7,5
India,Rajasthan,Jhunjhunu,"Indra Nagar, Jhunjhunu - RSPCB","20-07-2026 15:00:00",28.108988,75.386577,PM2.5,32,72,47
India,Rajasthan,Jodhpur,"Mandor, Jodhpur - RSPCB","20-07-2026 15:00:00",26.358805,73.047444,PM10,52,78,66
India,Rajasthan,Jodhpur,"Collectorate, Jodhpur - RSPCB","20-07-2026 15:00:00",26.268249,73.0193853,PM2.5,2,44,32
India,Rajasthan,Jodhpur,"Samrat Ashok Udhyan, Jodhpur - RSPCB","20-07-2026 15:00:00",26.253384,72.976571,PM10,37,98,67
India,"Uttar Pradesh",Firozabad,"Nagla Bhau, Firozabad - UPPCB","20-07-2026 15:00:00",27.168897,78.37696,CO,15,50,24
India,"Uttar Pradesh",Firozabad,"Vibhab Nagar, Firozabad - UPPCB","20-07-2026 15:00:00",27.1594,78.3953,PM10,17,46,32
India,"Uttar Pradesh",Ghaziabad,"Loni, Ghaziabad - UPPCB","20-07-2026 15:00:00",28.757294,77.278792,PM2.5,57,133,90
India,"Uttar Pradesh",Ghaziabad,"Govindpuram, Ghaziabad - UPPCB","20-07-2026 15:00:00",28.694528,77.494705,NH3,5,5,5
India,"Uttar Pradesh",Gorakhpur,"Madan Mohan Malaviya University of Technology, Gorakhpur - UPPCB","20-07-2026 15:00:00",26.730136,83.433859,PM2.5,NA,NA,NA
India,"Uttar Pradesh",Gorakhpur,"Madan Mohan Malaviya University of Technology, Gorakhpur - UPPCB","20-07-2026 15:00:00",26.730136,83.433859,CO,4,5,5
India,"Uttar Pradesh","Greater Noida","Knowledge Park - V, Greater Noida - UPPCB","20-07-2026 15:00:00",28.557054,77.453663,PM2.5,42,139,77
India,"Uttar Pradesh","Greater Noida","Knowledge Park - V, Greater Noida - UPPCB","20-07-2026 15:00:00",28.557054,77.453663,OZONE,10,21,16
India,"Uttar Pradesh",Lucknow,"Gomti Nagar, Lucknow - UPPCB","20-07-2026 15:00:00",26.86812,81.005119,OZONE,37,39,38
India,"Uttar Pradesh",Lucknow,"Talkatora District Industries Center, Lucknow - CPCB","20-07-2026 15:00:00",26.83399722,80.8917361,PM10,10,39,29
India,"Uttar Pradesh",Lucknow,"Talkatora District Industries Center, Lucknow - CPCB","20-07-2026 15:00:00",26.83399722,80.8917361,NH3,8,12,9
India,"Uttar Pradesh",Lucknow,"Talkatora District Industries Center, Lucknow - CPCB","20-07-2026 15:00:00",26.83399722,80.8917361,SO2,2,13,7
India,"Uttar Pradesh",Lucknow,"Lalbagh, Lucknow - CPCB","20-07-2026 15:00:00",26.8458805,80.9365541,OZONE,18,32,27
India,"Uttar Pradesh",Lucknow,"Kukrail Picnic Spot-1, Lucknow - UPPCB","20-07-2026 15:00:00",26.90723,80.98579,PM2.5,4,39,22
India,"Uttar Pradesh",Lucknow,"B R Ambedkar University, Lucknow - UPPCB","20-07-2026 15:00:00",26.766433,80.927299,PM10,0,301,86
India,"Uttar Pradesh",Lucknow,"B R Ambedkar University, Lucknow - UPPCB","20-07-2026 15:00:00",26.766433,80.927299,CO,23,26,25
India,"Uttar Pradesh",Mathura,"Pali Dungra, Mathura - UPPCB","20-07-2026 15:00:00",27.410954,77.550619,SO2,1,3,2
India,"Uttar Pradesh",Meerut,"Ganga Nagar, Meerut - UPPCB","20-07-2026 15:00:00",28.999264,77.7590354,PM2.5,40,88,69
India,"Uttar Pradesh",Meerut,"Ganga Nagar, Meerut - UPPCB","20-07-2026 15:00:00",28.999264,77.7590354,CO,39,41,40
India,"Uttar Pradesh",Modinagar,"SRM University, Modinagar - UPPCB","20-07-2026 15:00:00",28.798171,77.540243,NO2,13,35,19
India,"Uttar Pradesh",Moradabad,"Jigar Colony, Moradabad - UPPCB","20-07-2026 15:00:00",28.856664,78.772638,CO,39,40,40
India,"Uttar Pradesh",Moradabad,"Eco Herbal Park, Moradabad - UPPCB","20-07-2026 15:00:00",28.840739,78.697531,NO2,14,28,21
India,"Uttar Pradesh",Moradabad,"Transport Nagar, Moradabad - UPPCB","20-07-2026 15:00:00",28.802625,78.753728,PM10,21,88,43
India,"Uttar Pradesh",Moradabad,"Transport Nagar, Moradabad - UPPCB","20-07-2026 15:00:00",28.802625,78.753728,SO2,18,19,18
India,"Uttar Pradesh",Moradabad,"Transport Nagar, Moradabad - UPPCB","20-07-2026 15:00:00",28.802625,78.753728,CO,52,61,58
India,"Uttar Pradesh",Moradabad,"Buddhi Vihar, Moradabad - UPPCB","20-07-2026 15:00:00",28.83526,78.7446,NO2,28,29,29
India,"Uttar Pradesh",Muzaffarnagar,"New Mandi, Muzaffarnagar - UPPCB","20-07-2026 15:00:00",29.4723508,77.7194031,NH3,1,2,2
India,"Uttar Pradesh",Noida,"Sector-116, Noida - UPPCB","20-07-2026 15:00:00",28.56923,77.393848,CO,16,23,20
India,"Uttar Pradesh",Noida,"Sector-1, Noida - UPPCB","20-07-2026 15:00:00",28.5898,77.3101,PM10,72,162,108
India,"Uttar Pradesh",Noida,"Sector-1, Noida - UPPCB","20-07-2026 15:00:00",28.5898,77.3101,OZONE,6,20,13
India,"Uttar Pradesh",Noida,"Sector - 62, Noida - IITM","20-07-2026 15:00:00",28.6245479,77.3577104,NO2,19,27,22
India,"Uttar Pradesh",Noida,"Sector - 62, Noida - IITM","20-07-2026 15:00:00",28.6245479,77.3577104,CO,46,54,50
India,"Uttar Pradesh",Prayagraj,"Jhunsi, Prayagraj - UPPCB","20-07-2026 15:00:00",25.425602,81.917152,PM10,9,59,32
India,"Uttar Pradesh",Prayagraj,"Motilal Nehru NIT, Prayagraj - UPPCB","20-07-2026 15:00:00",25.494,81.863,NO2,12,12,12
India,"Uttar Pradesh",Prayagraj,"Nagar Nigam, Prayagraj - UPPCB","20-07-2026 15:00:00",25.44919916,81.82735986,OZONE,12,14,13
India,"Uttar Pradesh",Raebareli,"Anand Nagar, Raebareli - UPPCB","20-07-2026 15:00:00",26.219512,81.237648,PM2.5,24,57,41
India,"Uttar Pradesh",Raebareli,"Anand Nagar, Raebareli - UPPCB","20-07-2026 15:00:00",26.219512,81.237648,NH3,10,12,11
India,"Uttar Pradesh",Varanasi,"Maldahiya, Varanasi - UPPCB","20-07-2026 15:00:00",25.32393,82.99687,NH3,0,0,0
India,"Uttar Pradesh",Varanasi,"Bhelupur, Varanasi - UPPCB","20-07-2026 15:00:00",25.301778,82.996789,PM2.5,6,24,15
India,"Uttar Pradesh",Varanasi,"Bhelupur, Varanasi - UPPCB","20-07-2026 15:00:00",25.301778,82.996789,OZONE,4,7,5
India,"Uttar Pradesh",Varanasi,"Ardhali Bazar, Varanasi - UPPCB","20-07-2026 15:00:00",25.3505986,82.9083074,PM10,15,82,45
India,"Uttar Pradesh",Varanasi,"Ardhali Bazar, Varanasi - UPPCB","20-07-2026 15:00:00",25.3505986,82.9083074,NH3,NA,NA,NA
India,Uttarakhand,Dehradun,"Doon University, Dehradun - UKPCB","20-07-2026 15:00:00",30.269444,78.044167,OZONE,0,9,4
India,Uttarakhand,Kashipur,"Govt. Girls Inter College, Kashipur - UKPCB","20-07-2026 15:00:00",29.2124114,78.9611753,PM2.5,NA,NA,NA
India,Uttarakhand,Kashipur,"Govt. Girls Inter College, Kashipur - UKPCB","20-07-2026 15:00:00",29.2124114,78.9611753,SO2,NA,NA,NA
India,"West Bengal",Asansol,"Mahabir Colliery, Asansol - WBPCB","20-07-2026 15:00:00",23.618183,87.105718,NO2,2,10,2
India,"West Bengal",Asansol,"Mahabir Colliery, Asansol - WBPCB","20-07-2026 15:00:00",23.618183,87.105718,SO2,7,9,8
India,"West Bengal",Asansol,"Asansol Court Area, Asansol - WBPCB","20-07-2026 15:00:00",23.685297,86.945968,NO2,27,36,31
India,"West Bengal",Asansol,"Asansol Court Area, Asansol - WBPCB","20-07-2026 15:00:00",23.685297,86.945968,CO,8,44,26
India,"West Bengal",Asansol,"Evelyn Lodge, Asansol - WBPCB","20-07-2026 15:00:00",23.697936,86.944395,PM10,19,42,29
India,"West Bengal",Durgapur,"Mahishkapur Road_B-Zone, Durgapur - WBPCB","20-07-2026 15:00:00",23.567923,87.306843,NO2,2,11,6
India,"West Bengal",Durgapur,"PCBL Residential Complex, Durgapur - WBPCB","20-07-2026 15:00:00",23.508764,87.35444,SO2,11,11,11
India,"West Bengal",Haldia,"Priyambada Housing Estate, Haldia - WBPCB","20-07-2026 15:00:00",22.06047,88.109737,PM2.5,20,50,33
India,"West Bengal",Haldia,"Priyambada Housing Estate, Haldia - WBPCB","20-07-2026 15:00:00",22.06047,88.109737,PM10,39,74,55
India,"West Bengal",Haldia,"Priyambada Housing Estate, Haldia - WBPCB","20-07-2026 15:00:00",22.06047,88.109737,NO2,6,16,9
India,"West Bengal",Haldia,"Priyambada Housing Estate, Haldia - WBPCB","20-07-2026 15:00:00",22.06047,88.109737,NH3,3,4,4
India,"West Bengal",Howrah,"Botanical Garden, Howrah - WBPCB","20-07-2026 15:00:00",22.554954,88.292568,PM2.5,27,49,43
India,"West Bengal",Howrah,"Botanical Garden, Howrah - WBPCB","20-07-2026 15:00:00",22.554954,88.292568,PM10,35,55,46
India,"West Bengal",Howrah,"Botanical Garden, Howrah - WBPCB","20-07-2026 15:00:00",22.554954,88.292568,NO2,0,25,9
India,"West Bengal",Howrah,"Botanical Garden, Howrah - WBPCB","20-07-2026 15:00:00",22.554954,88.292568,NH3,2,3,2
India,"West Bengal",Howrah,"Dasnagar, Howrah - WBPCB","20-07-2026 15:00:00",22.6025571,88.3105664,NH3,3,6,4
India,"West Bengal",Howrah,"Dasnagar, Howrah - WBPCB","20-07-2026 15:00:00",22.6025571,88.3105664,SO2,4,5,4
India,"West Bengal",Howrah,"Dasnagar, Howrah - WBPCB","20-07-2026 15:00:00",22.6025571,88.3105664,OZONE,36,61,48
India,"West Bengal",Howrah,"Padmapukur, Howrah - WBPCB","20-07-2026 15:00:00",22.5687319,88.2797276,PM2.5,23,34,29
India,"West Bengal",Howrah,"Belur Math, Howrah - WBPCB","20-07-2026 15:00:00",22.629801,88.352017,CO,13,20,17
India,"West Bengal",Howrah,"Belur Math, Howrah - WBPCB","20-07-2026 15:00:00",22.629801,88.352017,OZONE,8,10,9
India,"West Bengal",Kolkata,"Bidhannagar, Kolkata - WBPCB","20-07-2026 15:00:00",22.58157048,88.41002457,NH3,5,6,5
India,"West Bengal",Kolkata,"Rabindra Bharati University, Kolkata - WBPCB","20-07-2026 15:00:00",22.627847,88.380669,NH3,5,7,6
India,"West Bengal",Kolkata,"Rabindra Bharati University, Kolkata - WBPCB","20-07-2026 15:00:00",22.627847,88.380669,SO2,7,10,9
India,"West Bengal",Kolkata,"Jadavpur, Kolkata - WBPCB","20-07-2026 15:00:00",22.49929,88.36917,PM2.5,38,75,54
India,"West Bengal",Kolkata,"Jadavpur, Kolkata - WBPCB","20-07-2026 15:00:00",22.49929,88.36917,OZONE,12,15,13
India,"West Bengal",Kolkata,"Rabindra Sarobar, Kolkata - WBPCB","20-07-2026 15:00:00",22.51106,88.35142,NO2,11,34,16
India,"West Bengal",Kolkata,"Rabindra Sarobar, Kolkata - WBPCB","20-07-2026 15:00:00",22.51106,88.35142,SO2,0,6,4
India,"West Bengal",Kolkata,"Rabindra Sarobar, Kolkata - WBPCB","20-07-2026 15:00:00",22.51106,88.35142,CO,17,30,22
India,"West Bengal",Kolkata,"Ballygunge, Kolkata - WBPCB","20-07-2026 15:00:00",22.5367507,88.3638022,SO2,2,13,10
India,"West Bengal",Kolkata,"Ballygunge, Kolkata - WBPCB","20-07-2026 15:00:00",22.5367507,88.3638022,OZONE,15,21,18
India,Assam,Guwahati,"Pan Bazaar, Guwahati - PCBA","20-07-2026 15:00:00",26.1875,91.744194,SO2,33,38,35
India,Assam,Guwahati,"Pan Bazaar, Guwahati - PCBA","20-07-2026 15:00:00",26.1875,91.744194,CO,16,19,17
India,Assam,Guwahati,"Pan Bazaar, Guwahati - PCBA","20-07-2026 15:00:00",26.1875,91.744194,OZONE,13,23,16
India,Assam,Guwahati,"LGBI Airport, Guwahati - PCBA","20-07-2026 15:00:00",26.10887,91.589544,CO,19,43,37
India,Assam,Nagaon,"Christianpatty, Nagaon - PCBA","20-07-2026 15:00:00",26.349082,92.68449,NH3,4,4,4
India,Assam,Nalbari,"Bata Chowk, Nalbari - PCBA","20-07-2026 15:00:00",26.446912,91.439057,PM2.5,18,98,69
India,Assam,Nalbari,"Bata Chowk, Nalbari - PCBA","20-07-2026 15:00:00",26.446912,91.439057,PM10,13,72,51
India,Assam,Nalbari,"Bata Chowk, Nalbari - PCBA","20-07-2026 15:00:00",26.446912,91.439057,CO,20,22,21
India,Assam,Silchar,"Tarapur, Silchar - PCBA","20-07-2026 15:00:00",24.82827,92.79525,NH3,1,1,1
India,Assam,Silchar,"Tarapur, Silchar - PCBA","20-07-2026 15:00:00",24.82827,92.79525,SO2,5,7,6
India,Assam,Silchar,"Tarapur, Silchar - PCBA","20-07-2026 15:00:00",24.82827,92.79525,CO,18,35,26
India,Bihar,Araria,"Kharahiya Basti, Araria - BSPCB","20-07-2026 15:00:00",26.146529,87.454184,PM2.5,35,42,39
India,Bihar,Araria,"Kharahiya Basti, Araria - BSPCB","20-07-2026 15:00:00",26.146529,87.454184,PM10,27,36,32
India,Bihar,Araria,"Kharahiya Basti, Araria - BSPCB","20-07-2026 15:00:00",26.146529,87.454184,NH3,4,5,4
India,Bihar,Araria,"Kharahiya Basti, Araria - BSPCB","20-07-2026 15:00:00",26.146529,87.454184,CO,9,15,12
India,Bihar,Arrah,"New DM Office, Arrah - BSPCB","20-07-2026 15:00:00",25.5626095,84.663264,PM10,NA,NA,NA
India,Bihar,Arrah,"New DM Office, Arrah - BSPCB","20-07-2026 15:00:00",25.5626095,84.663264,NO2,3,10,7
India,Bihar,Arrah,"New DM Office, Arrah - BSPCB","20-07-2026 15:00:00",25.5626095,84.663264,NH3,1,2,2
India,Bihar,Sasaram,"Dada Peer, Sasaram - BSPCB","20-07-2026 15:00:00",24.952822,84.002396,PM10,14,495,264
India,Chandigarh,Chandigarh,"Sector-25, Chandigarh - CPCC","20-07-2026 15:00:00",30.751462,76.762879,PM2.5,22,90,66
India,Chandigarh,Chandigarh,"Sector-25, Chandigarh - CPCC","20-07-2026 15:00:00",30.751462,76.762879,NO2,0,13,5
India,Chandigarh,Chandigarh,"Sector-25, Chandigarh - CPCC","20-07-2026 15:00:00",30.751462,76.762879,NH3,11,13,11
India,Chandigarh,Chandigarh,"Sector-25, Chandigarh - CPCC","20-07-2026 15:00:00",30.751462,76.762879,CO,14,29,21
India,Chandigarh,Chandigarh,"Sector 22, Chandigarh - CPCC","20-07-2026 15:00:00",30.735567,76.775714,NH3,13,25,19
India,Chandigarh,Chandigarh,"Sector 22, Chandigarh - CPCC","20-07-2026 15:00:00",30.735567,76.775714,CO,36,46,40
India,Chandigarh,Chandigarh,"Sector-53, Chandigarh - CPCC","20-07-2026 15:00:00",30.719859,76.738637,NO2,19,79,38
India,Chandigarh,Chandigarh,"Sector-53, Chandigarh - CPCC","20-07-2026 15:00:00",30.719859,76.738637,SO2,4,6,5
India,Chandigarh,Chandigarh,"Sector-53, Chandigarh - CPCC","20-07-2026 15:00:00",30.719859,76.738637,CO,55,96,76
India,Chhattisgarh,Bhilai,"Hathkhoj, Bhilai - CECB","20-07-2026 15:00:00",21.224231,81.40835,PM10,12,37,24
India,Chhattisgarh,Bhilai,"32Bungalows, Bhilai - CECB","20-07-2026 15:00:00",21.194815,81.31477,NH3,3,3,3
India,Chhattisgarh,Bhilai,"32Bungalows, Bhilai - CECB","20-07-2026 15:00:00",21.194815,81.31477,SO2,9,14,10
India,Chhattisgarh,Bhilai,"32Bungalows, Bhilai - CECB","20-07-2026 15:00:00",21.194815,81.31477,CO,15,16,16
India,Chhattisgarh,Bhilai,"32Bungalows, Bhilai - CECB","20-07-2026 15:00:00",21.194815,81.31477,OZONE,10,23,15
India,Chhattisgarh,Bhilai,"Civic Center, Bhilai - Bhilai Steel Plant","20-07-2026 15:00:00",21.185571,81.343175,PM10,11,20,14
India,Chhattisgarh,Bhilai,"Civic Center, Bhilai - Bhilai Steel Plant","20-07-2026 15:00:00",21.185571,81.343175,SO2,8,12,10
India,"Andhra Pradesh",Machilipatnam,"Srinivas Nagar Colony, Machilipatnam - APPCB","20-07-2026 15:00:00",16.186555,81.13219,PM10,49,104,57
India,"Andhra Pradesh",Machilipatnam,"Srinivas Nagar Colony, Machilipatnam - APPCB","20-07-2026 15:00:00",16.186555,81.13219,OZONE,22,43,31
India,"Andhra Pradesh",Nellore,"Ambedkar Nagar, Nellore - APPCB ","20-07-2026 15:00:00",14.438164,79.966814,NO2,29,35,31
India,"Andhra Pradesh",Nellore,"Ambedkar Nagar, Nellore - APPCB ","20-07-2026 15:00:00",14.438164,79.966814,SO2,11,19,18
India,"Andhra Pradesh",Rajamahendravaram,"Anand Kala Kshetram, Rajamahendravaram - APPCB","20-07-2026 15:00:00",16.9872867,81.7363176,PM2.5,NA,NA,NA
India,"Andhra Pradesh",Rajamahendravaram,"Anand Kala Kshetram, Rajamahendravaram - APPCB","20-07-2026 15:00:00",16.9872867,81.7363176,OZONE,27,29,28
India,"Andhra Pradesh",Tirumala,"Toll Gate, Tirumala - APPCB","20-07-2026 15:00:00",13.67,79.35,CO,20,21,20
India,"Andhra Pradesh",Tirupati,"Vaikuntapuram, Tirupati - APPCB","20-07-2026 15:00:00",13.615387,79.40923,NO2,NA,NA,NA
India,"Andhra Pradesh",Tirupati,"Vaikuntapuram, Tirupati - APPCB","20-07-2026 15:00:00",13.615387,79.40923,OZONE,39,47,43
India,"Andhra Pradesh",Vijayawada,"Rajiv Gandhi Park, Vijayawada - APPCB","20-07-2026 15:00:00",16.509717,80.612222,OZONE,26,36,30
India,"Andhra Pradesh",Vijayawada,"Rajiv Nagar, Vijayawada - APPCB","20-07-2026 15:00:00",16.554731,80.64911,CO,21,35,26
India,Bihar,Aurangabad,"Gurdeo Nagar, Aurangabad - BSPCB","20-07-2026 15:00:00",24.75746,84.366208,NO2,7,8,8
India,Bihar,Bettiah,"Kamalnath Nagar, Bettiah - BSPCB","20-07-2026 15:00:00",26.80365,84.51954,PM2.5,NA,NA,NA
India,Bihar,Bettiah,"Kamalnath Nagar, Bettiah - BSPCB","20-07-2026 15:00:00",26.80365,84.51954,NO2,17,38,27
India,Bihar,Bhagalpur,"Mayaganj, Bhagalpur - BSPCB","20-07-2026 15:00:00",25.265194,87.012947,PM10,NA,NA,NA
India,Bihar,Bhagalpur,"Mayaganj, Bhagalpur - BSPCB","20-07-2026 15:00:00",25.265194,87.012947,SO2,1,23,15
India,Bihar,Bhagalpur,"DM Office_Kachari Chowk, Bhagalpur - BSPCB","20-07-2026 15:00:00",25.251013,86.989001,PM2.5,3,48,26
India,Bihar,Bhagalpur,"DM Office_Kachari Chowk, Bhagalpur - BSPCB","20-07-2026 15:00:00",25.251013,86.989001,SO2,8,47,25
India,Bihar,Chhapra,"Darshan Nagar, Chhapra - BSPCB","20-07-2026 15:00:00",25.7808257,84.7446768,NO2,2,2,2
India,Bihar,Chhapra,"Darshan Nagar, Chhapra - BSPCB","20-07-2026 15:00:00",25.7808257,84.7446768,NH3,3,5,4
India,Bihar,Chhapra,"Darshan Nagar, Chhapra - BSPCB","20-07-2026 15:00:00",25.7808257,84.7446768,SO2,21,22,21
India,Bihar,Chhapra,"Darshan Nagar, Chhapra - BSPCB","20-07-2026 15:00:00",25.7808257,84.7446768,OZONE,2,3,3
India,Bihar,Gaya,"Collectorate, Gaya - BSPCB","20-07-2026 15:00:00",24.7955,84.9994,PM2.5,NA,NA,NA
India,Bihar,Gaya,"Collectorate, Gaya - BSPCB","20-07-2026 15:00:00",24.7955,84.9994,CO,11,12,12
India,"Andhra Pradesh",Vijayawada,"Rajiv Nagar, Vijayawada - APPCB","20-07-2026 15:00:00",16.554731,80.64911,OZONE,31,38,35
India,"Andhra Pradesh",Vijayawada,"Kanuru, Vijayawada - APPCB","20-07-2026 15:00:00",16.486692,80.699436,NO2,32,38,34
India,"Andhra Pradesh",Vijayawada,"HB Colony, Vijayawada - APPCB","20-07-2026 15:00:00",16.536107,80.594233,NH3,4,4,4
India,"Andhra Pradesh",Vijayawada,"HB Colony, Vijayawada - APPCB","20-07-2026 15:00:00",16.536107,80.594233,SO2,6,13,8
India,"Arunachal Pradesh",Naharlagun,"Naharlagun, Naharlagun - APSPCB","20-07-2026 15:00:00",27.103358,93.679645,SO2,10,11,10
India,Assam,Byrnihat,"Central Academy for SFS, Byrnihat - PCBA","20-07-2026 15:00:00",26.071318,91.87488,CO,55,61,58
India,Assam,Guwahati,"IITG, Guwahati - PCBA","20-07-2026 15:00:00",26.2028636,91.70046436,SO2,34,40,38
India,Assam,Guwahati,"Railway Colony, Guwahati - PCBA","20-07-2026 15:00:00",26.181742,91.78063,NH3,1,1,1
India,Assam,Guwahati,"Pan Bazaar, Guwahati - PCBA","20-07-2026 15:00:00",26.1875,91.744194,PM10,13,500,229
India,Bihar,Gaya,"Collectorate, Gaya - BSPCB","20-07-2026 15:00:00",24.7955,84.9994,OZONE,28,29,29
India,Bihar,Gaya,"SFTI Kusdihra, Gaya - BSPCB","20-07-2026 15:00:00",24.762518,84.982348,NH3,5,8,7
India,Bihar,Gaya,"Kareemganj, Gaya - BSPCB","20-07-2026 15:00:00",24.792403,84.992416,CO,40,46,43
India,Bihar,Hajipur,"Industrial Area, Hajipur - BSPCB","20-07-2026 15:00:00",25.697189,85.2459,NO2,5,15,8
India,Bihar,Katihar,"Mirchaibari, Katihar - BSPCB","20-07-2026 15:00:00",25.560083,87.553265,PM2.5,3,17,11
India,Bihar,Katihar,"Mirchaibari, Katihar - BSPCB","20-07-2026 15:00:00",25.560083,87.553265,NH3,1,1,1
India,Bihar,Kishanganj,"SDM Office_Khagra, Kishanganj - BSPCB","20-07-2026 15:00:00",26.0881305,87.93840336,OZONE,31,34,33
India,Bihar,Manguraha,"Forest Rest House, Manguraha - BSPCB","20-07-2026 15:00:00",27.308328,84.531742,CO,22,33,30
India,Bihar,Manguraha,"Forest Rest House, Manguraha - BSPCB","20-07-2026 15:00:00",27.308328,84.531742,OZONE,20,32,29
India,Bihar,Motihari,"Gandak Colony, Motihari - BSPCB","20-07-2026 15:00:00",26.63086,84.90051,PM10,NA,NA,NA
India,Bihar,Motihari,"Gandak Colony, Motihari - BSPCB","20-07-2026 15:00:00",26.63086,84.90051,NH3,3,3,3
India,Bihar,Motihari,"Gandak Colony, Motihari - BSPCB","20-07-2026 15:00:00",26.63086,84.90051,CO,12,14,13
India,Bihar,Munger,"Town Hall, Munger - BSPCB","20-07-2026 15:00:00",25.376776,86.471523,NO2,1,4,2
India,Bihar,Muzaffarpur,"Buddha Colony, Muzaffarpur - BSPCB","20-07-2026 15:00:00",26.11442,85.39813,NO2,17,29,22
India,Bihar,Muzaffarpur,"Buddha Colony, Muzaffarpur - BSPCB","20-07-2026 15:00:00",26.11442,85.39813,OZONE,19,26,23
India,Bihar,Muzaffarpur,"MIT-Daudpur Kothi, Muzaffarpur - BSPCB","20-07-2026 15:00:00",26.1403345,85.3650192,SO2,5,16,12
India,Bihar,Patna,"Rajbansi Nagar, Patna - BSPCB","20-07-2026 15:00:00",25.599486,85.113666,SO2,1,15,8
India,Bihar,Patna,"Muradpur, Patna - BSPCB","20-07-2026 15:00:00",25.619651,85.147382,NH3,4,5,5
India,Bihar,Patna,"Samanpura, Patna - BSPCB","20-07-2026 15:00:00",25.596727,85.085624,PM2.5,43,95,66
India,Bihar,Patna,"Samanpura, Patna - BSPCB","20-07-2026 15:00:00",25.596727,85.085624,NH3,4,5,5
India,Bihar,Patna,"IGSC Planetarium Complex, Patna - BSPCB","20-07-2026 15:00:00",25.610369,85.132568,SO2,17,33,27
India,Bihar,Patna,"IGSC Planetarium Complex, Patna - BSPCB","20-07-2026 15:00:00",25.610369,85.132568,OZONE,56,61,60
India,Bihar,Purnia,"Mariam Nagar, Purnia - BSPCB","20-07-2026 15:00:00",25.366336,87.117468,NO2,NA,NA,NA
India,Bihar,Saharsa,"Police Line, Saharsa - BSPCB","20-07-2026 15:00:00",25.892357,86.590325,PM2.5,NA,NA,NA
India,Bihar,Saharsa,"Police Line, Saharsa - BSPCB","20-07-2026 15:00:00",25.892357,86.590325,OZONE,13,25,18
India,"Andhra Pradesh",Anantapur,"Gulzarpet, Anantapur - APPCB","20-07-2026 15:00:00",14.675886,77.593027,OZONE,27,43,34
India,"Andhra Pradesh",Eluru,"District Court, Eluru - APPCB","20-07-2026 15:00:00",16.711754,81.092095,NO2,9,23,15
India,"Andhra Pradesh",Guntur,"Rajendra Nagar North, Guntur - APPCB","20-07-2026 15:00:00",16.316553,80.413302,PM10,48,66,53
India,"Andhra Pradesh",Kurnool,"Sita Rama Nagar, Kurnool - APPCB","20-07-2026 15:00:00",15.83411,78.028546,PM2.5,14,46,25
India,"Andhra Pradesh",Kurnool,"Sita Rama Nagar, Kurnool - APPCB","20-07-2026 15:00:00",15.83411,78.028546,NH3,5,5,5
India,"Andhra Pradesh",Amaravati,"Secretariat, Amaravati - APPCB","20-07-2026 15:00:00",16.5150833,80.5181667,PM10,24,105,52
India,Delhi,Delhi,"Nehru Nagar, Delhi - DPCC","20-07-2026 15:00:00",28.56789,77.250515,NO2,21,43,29
India,Delhi,Delhi,"Nehru Nagar, Delhi - DPCC","20-07-2026 15:00:00",28.56789,77.250515,NH3,7,15,10
India,Delhi,Delhi,"Talkatora Garden, Delhi - DPCC","20-07-2026 15:00:00",28.62181,77.1944633,PM2.5,65,146,92
India,Delhi,Delhi,"Talkatora Garden, Delhi - DPCC","20-07-2026 15:00:00",28.62181,77.1944633,OZONE,5,8,6
India,Delhi,Delhi,"Sonia Vihar, Delhi - DPCC","20-07-2026 15:00:00",28.710508,77.249485,PM2.5,42,301,129
India,Delhi,Delhi,"Sonia Vihar, Delhi - DPCC","20-07-2026 15:00:00",28.710508,77.249485,SO2,2,10,6
India,Delhi,Delhi,"Sonia Vihar, Delhi - DPCC","20-07-2026 15:00:00",28.710508,77.249485,OZONE,5,29,12
India,Delhi,Delhi,"IGNOU_Maidan Garhi, Delhi - DPCC","20-07-2026 15:00:00",28.493624,77.201159,NH3,1,21,5
India,Delhi,Delhi,"IGNOU_Maidan Garhi, Delhi - DPCC","20-07-2026 15:00:00",28.493624,77.201159,SO2,3,4,3
India,Delhi,Delhi,"IGNOU_Maidan Garhi, Delhi - DPCC","20-07-2026 15:00:00",28.493624,77.201159,CO,33,41,36
India,Gujarat,Ahmedabad,"SVPI Airport Hansol, Ahmedabad - IITM","20-07-2026 15:00:00",23.076793,72.627874,PM2.5,NA,NA,NA
India,Gujarat,Ahmedabad,"SVPI Airport Hansol, Ahmedabad - IITM","20-07-2026 15:00:00",23.076793,72.627874,CO,32,39,37
India,Gujarat,Ahmedabad,"SAC ISRO Bopal, Ahmedabad - IITM","20-07-2026 15:00:00",23.041137,72.456691,PM2.5,26,59,39
India,Gujarat,Ahmedabad,"Maninagar, Ahmedabad - GPCB","20-07-2026 15:00:00",23.002657,72.591912,PM2.5,20,93,55
India,Gujarat,Ahmedabad,"Maninagar, Ahmedabad - GPCB","20-07-2026 15:00:00",23.002657,72.591912,PM10,58,106,80
India,Gujarat,Ahmedabad,"Maninagar, Ahmedabad - GPCB","20-07-2026 15:00:00",23.002657,72.591912,CO,40,51,46
India,Gujarat,Ahmedabad,"Gyaspur, Ahmedabad - IITM","20-07-2026 15:00:00",22.977134,72.553024,NO2,19,34,24
India,Gujarat,Ahmedabad,"Chandkheda, Ahmedabad - IITM","20-07-2026 15:00:00",23.107969,72.574648,NO2,6,22,11
India,Gujarat,Ahmedabad,"Chandkheda, Ahmedabad - IITM","20-07-2026 15:00:00",23.107969,72.574648,SO2,5,8,7
India,Delhi,Delhi,"Sri Aurobindo Marg, Delhi - DPCC","20-07-2026 15:00:00",28.531346,77.190156,PM10,72,157,118
India,Delhi,Delhi,"Sri Aurobindo Marg, Delhi - DPCC","20-07-2026 15:00:00",28.531346,77.190156,SO2,5,13,8
India,Delhi,Delhi,"IHBAS, Dilshad Garden, Delhi - CPCB","20-07-2026 15:00:00",28.6811736,77.3025234,PM10,93,155,119
India,Delhi,Delhi,"IHBAS, Dilshad Garden, Delhi - CPCB","20-07-2026 15:00:00",28.6811736,77.3025234,NO2,11,14,12
India,Delhi,Delhi,"IHBAS, Dilshad Garden, Delhi - CPCB","20-07-2026 15:00:00",28.6811736,77.3025234,OZONE,9,37,27
India,Delhi,Delhi,"Major Dhyan Chand National Stadium, Delhi - DPCC","20-07-2026 15:00:00",28.611281,77.237738,PM2.5,18,88,52
India,Delhi,Delhi,"Major Dhyan Chand National Stadium, Delhi - DPCC","20-07-2026 15:00:00",28.611281,77.237738,OZONE,10,14,12
India,Delhi,Delhi,"IGI Airport (T3), Delhi - IITM","20-07-2026 15:00:00",28.5627763,77.1180053,NO2,63,132,95
India,Delhi,Delhi,"IGI Airport (T3), Delhi - IITM","20-07-2026 15:00:00",28.5627763,77.1180053,SO2,NA,NA,NA
India,Delhi,Delhi,"Jawaharlal Nehru Stadium, Delhi - DPCC","20-07-2026 15:00:00",28.58028,77.233829,PM10,74,177,122
India,Delhi,Delhi,"Patparganj, Delhi - DPCC","20-07-2026 15:00:00",28.623763,77.287209,PM2.5,50,150,83
India,Delhi,Delhi,"Patparganj, Delhi - DPCC","20-07-2026 15:00:00",28.623763,77.287209,PM10,89,266,140
India,Delhi,Delhi,"Punjabi Bagh, Delhi - DPCC","20-07-2026 15:00:00",28.674045,77.131023,NH3,3,5,5
India,Delhi,Delhi,"Shadipur, Delhi - CPCB","20-07-2026 15:00:00",28.6514781,77.1473105,PM2.5,54,319,114
India,Delhi,Delhi,"Shadipur, Delhi - CPCB","20-07-2026 15:00:00",28.6514781,77.1473105,NO2,20,70,39
India,Delhi,Delhi,"Shadipur, Delhi - CPCB","20-07-2026 15:00:00",28.6514781,77.1473105,NH3,6,10,8
India,Chhattisgarh,Chhal,"Nawapara SECL Colony, Chhal - CECB","20-07-2026 15:00:00",22.118125,83.140608,PM2.5,28,118,62
India,Chhattisgarh,Chhal,"Nawapara SECL Colony, Chhal - CECB","20-07-2026 15:00:00",22.118125,83.140608,NH3,3,3,3
India,Chhattisgarh,Korba,"Rampur, Korba - CECB","20-07-2026 15:00:00",22.368195,82.746431,SO2,9,40,15
India,Chhattisgarh,Kunjemura,"OP Jindal School, Kunjemura - CECB","20-07-2026 15:00:00",22.12665,83.483212,NO2,10,23,16
India,Chhattisgarh,Kunjemura,"OP Jindal School, Kunjemura - CECB","20-07-2026 15:00:00",22.12665,83.483212,OZONE,6,8,7
India,Chhattisgarh,Milupara,"Govt. Higher Secondary School, Milupara - CECB","20-07-2026 15:00:00",22.1910172,83.5197009,PM10,21,62,37
India,Chhattisgarh,Milupara,"Govt. Higher Secondary School, Milupara - CECB","20-07-2026 15:00:00",22.1910172,83.5197009,NO2,17,61,30
India,Chhattisgarh,Milupara,"Govt. Higher Secondary School, Milupara - CECB","20-07-2026 15:00:00",22.1910172,83.5197009,CO,6,28,21
India,Chhattisgarh,Raipur,"Siltara Phase-II, Raipur - CECB","20-07-2026 15:00:00",21.371751,81.664929,PM10,NA,NA,NA
India,Chhattisgarh,Raipur,"Krishak Nagar, Raipur - CECB","20-07-2026 15:00:00",21.237755,81.705301,PM2.5,8,29,15
India,Chhattisgarh,Raipur,"Krishak Nagar, Raipur - CECB","20-07-2026 15:00:00",21.237755,81.705301,CO,7,12,9
India,Chhattisgarh,Tumidih,"OP Jindal Industrial Park, Tumidih - CECB","20-07-2026 15:00:00",22.06631475,83.33820077,PM2.5,23,99,52
India,Gujarat,Ahmedabad,"SAC ISRO Satellite, Ahmedabad - IITM","20-07-2026 15:00:00",23.023389,72.515201,NH3,2,2,2
India,Gujarat,Ahmedabad,"Raikhad, Ahmedabad - IITM","20-07-2026 15:00:00",23.020509,72.579261,NO2,1,74,12
India,Gujarat,Ahmedabad,"Raikhad, Ahmedabad - IITM","20-07-2026 15:00:00",23.020509,72.579261,SO2,3,6,4
India,Gujarat,Ahmedabad,"Rakhial, Ahmedabad - IITM","20-07-2026 15:00:00",23.016834,72.625775,PM2.5,24,34,28
India,Gujarat,Ahmedabad,"Rakhial, Ahmedabad - IITM","20-07-2026 15:00:00",23.016834,72.625775,NO2,1,13,8
India,Gujarat,Ahmedabad,"Rakhial, Ahmedabad - IITM","20-07-2026 15:00:00",23.016834,72.625775,SO2,15,20,17
India,Gujarat,Bhavnagar,"Vidhyanagar, Bhavnagar - Nexteng Enviro","20-07-2026 15:00:00",21.755417,72.139056,PM2.5,22,34,29
India,Gujarat,Bhavnagar,"Vidhyanagar, Bhavnagar - Nexteng Enviro","20-07-2026 15:00:00",21.755417,72.139056,NO2,44,50,47
India,Gujarat,Gandhinagar,"Sector-10, Gandhinagar - GPCB","20-07-2026 15:00:00",23.221714,72.654328,NH3,1,1,1
India,Gujarat,Gandhinagar,"IIPHG Lekawada, Gandhinagar - IITM","20-07-2026 15:00:00",23.243639,72.68994,NH3,0,1,1
India,Gujarat,Nandesari,"GIDC, Nandesari - Nandesari Ind. Association","20-07-2026 15:00:00",22.410802,73.097923,PM2.5,NA,NA,NA
India,Delhi,Delhi,"IMD Lodhi Road, Delhi - IITM","20-07-2026 15:00:00",28.5918245,77.2273074,PM10,81,210,130
India,Delhi,Delhi,"IMD Lodhi Road, Delhi - IITM","20-07-2026 15:00:00",28.5918245,77.2273074,OZONE,5,14,10
India,Delhi,Delhi,"Burari Crossing, Delhi - IITM","20-07-2026 15:00:00",28.7256504,77.2011573,CO,58,104,85
India,Delhi,Delhi,"CRRI Mathura Road, Delhi - IITM","20-07-2026 15:00:00",28.5512005,77.2735737,PM2.5,30,95,71
India,Delhi,Delhi,"CRRI Mathura Road, Delhi - IITM","20-07-2026 15:00:00",28.5512005,77.2735737,NH3,NA,NA,NA
India,Delhi,Delhi,"NSUT Jaffarpur, Delhi - DPCC","20-07-2026 15:00:00",28.594004,76.909423,PM2.5,43,107,74
India,Delhi,Delhi,"NSUT Jaffarpur, Delhi - DPCC","20-07-2026 15:00:00",28.594004,76.909423,NO2,6,33,17
India,Delhi,Delhi,"NSUT Jaffarpur, Delhi - DPCC","20-07-2026 15:00:00",28.594004,76.909423,SO2,4,6,5
India,Delhi,Delhi,"Okhla Phase-2, Delhi - DPCC","20-07-2026 15:00:00",28.530785,77.271255,NH3,1,3,1
India,Delhi,Delhi,"Chandni Chowk, Delhi - IITM","20-07-2026 15:00:00",28.656756,77.227234,NO2,27,52,37
India,Delhi,Delhi,"Chandni Chowk, Delhi - IITM","20-07-2026 15:00:00",28.656756,77.227234,SO2,8,14,12
India,Delhi,Delhi,"Commonwealth Sports Complex, Delhi - DPCC","20-07-2026 15:00:00",28.615828,77.271992,NO2,6,6,6
India,Delhi,Delhi,"Sirifort, Delhi - CPCB","20-07-2026 15:00:00",28.5504249,77.2159377,PM10,70,162,122
India,Delhi,Delhi,"IIT Delhi, Delhi - IITM","20-07-2026 15:00:00",28.54246,77.191651,NH3,NA,NA,NA
India,Delhi,Delhi,"IIT Delhi, Delhi - IITM","20-07-2026 15:00:00",28.54246,77.191651,OZONE,19,32,24
India,Delhi,Delhi,"Narela, Delhi - DPCC","20-07-2026 15:00:00",28.822836,77.101981,PM2.5,55,167,94
India,Delhi,Delhi,"DTU, Delhi - CPCB","20-07-2026 15:00:00",28.7500499,77.1112615,PM2.5,58,110,82
India,Delhi,Delhi,"NSIT Dwarka, Delhi - CPCB","20-07-2026 15:00:00",28.60909,77.0325413,NH3,3,14,7
India,Delhi,Delhi,"Pusa, Delhi - IITM","20-07-2026 15:00:00",28.63611,77.173332,PM2.5,39,126,72
India,Delhi,Delhi,"Dwarka-Sector 8, Delhi - DPCC ","20-07-2026 15:00:00",28.5710274,77.0719006,PM10,105,256,170
India,Gujarat,Rajkot,"Mavdi, Rajkot - Nexteng Enviro ","20-07-2026 15:00:00",22.248853,70.776774,PM2.5,13,53,37
India,Gujarat,Rajkot,"Mavdi, Rajkot - Nexteng Enviro ","20-07-2026 15:00:00",22.248853,70.776774,NH3,0,2,1
India,Gujarat,Rajkot,"Mavdi, Rajkot - Nexteng Enviro ","20-07-2026 15:00:00",22.248853,70.776774,SO2,10,14,12
India,Gujarat,Rajkot,"Mavdi, Rajkot - Nexteng Enviro ","20-07-2026 15:00:00",22.248853,70.776774,CO,89,94,91
India,Gujarat,Surat,"Science Center, Surat - SMC","20-07-2026 15:00:00",21.170046,72.795405,PM2.5,NA,NA,NA
India,Gujarat,Surat,"Science Center, Surat - SMC","20-07-2026 15:00:00",21.170046,72.795405,NO2,NA,NA,NA
India,Gujarat,Surat,"Science Center, Surat - SMC","20-07-2026 15:00:00",21.170046,72.795405,CO,35,45,39
India,Gujarat,Surat,"Katargam, Surat - Nexteng Enviro","20-07-2026 15:00:00",21.217779,72.834787,SO2,7,10,8
India,Gujarat,Surat,"Katargam, Surat - Nexteng Enviro","20-07-2026 15:00:00",21.217779,72.834787,OZONE,4,5,5
India,Delhi,Delhi,"Dwarka-Sector 8, Delhi - DPCC ","20-07-2026 15:00:00",28.5710274,77.0719006,SO2,10,13,11
India,Delhi,Delhi,"Dwarka-Sector 8, Delhi - DPCC ","20-07-2026 15:00:00",28.5710274,77.0719006,CO,49,79,63
India,Delhi,Delhi,"North Campus, DU, Delhi - IITM","20-07-2026 15:00:00",28.6573814,77.1585447,PM10,48,223,120
India,Delhi,Delhi,"Wazirpur, Delhi - DPCC","20-07-2026 15:00:00",28.699793,77.165453,NH3,4,7,5
India,Delhi,Delhi,"Wazirpur, Delhi - DPCC","20-07-2026 15:00:00",28.699793,77.165453,CO,53,66,60
India,Delhi,Delhi,"Wazirpur, Delhi - DPCC","20-07-2026 15:00:00",28.699793,77.165453,OZONE,17,24,19
India,Delhi,Delhi,"Najafgarh, Delhi - DPCC","20-07-2026 15:00:00",28.570173,76.933762,NO2,13,35,22
India,Delhi,Delhi,"Najafgarh, Delhi - DPCC","20-07-2026 15:00:00",28.570173,76.933762,SO2,9,19,14
India,Delhi,Delhi,"Jahangirpuri, Delhi - DPCC","20-07-2026 15:00:00",28.73282,77.170633,PM10,132,266,166
India,Delhi,Delhi,"Alipur, Delhi - DPCC","20-07-2026 15:00:00",28.815329,77.15301,PM2.5,55,217,110
India,Delhi,Delhi,"Alipur, Delhi - DPCC","20-07-2026 15:00:00",28.815329,77.15301,NH3,12,19,15
India,Delhi,Delhi,"Alipur, Delhi - DPCC","20-07-2026 15:00:00",28.815329,77.15301,CO,28,36,33
India,Delhi,Delhi,"Mandir Marg, Delhi - DPCC","20-07-2026 15:00:00",28.636429,77.201067,PM10,34,197,133
India,Gujarat,Vatva,"Phase-4 GIDC, Vatva - GPCB","20-07-2026 15:00:00",22.969611,72.6435,SO2,0,15,7
India,Haryana,Ambala,"Patti Mehar, Ambala - HSPCB","20-07-2026 15:00:00",30.379589,76.778328,SO2,2,60,46
India,Haryana,Ambala,"Patti Mehar, Ambala - HSPCB","20-07-2026 15:00:00",30.379589,76.778328,CO,55,58,56
India,Haryana,Ambala,"Patti Mehar, Ambala - HSPCB","20-07-2026 15:00:00",30.379589,76.778328,OZONE,16,27,21
India,Haryana,Bahadurgarh,"Arya Nagar, Bahadurgarh - HSPCB","20-07-2026 15:00:00",28.6701,76.9254,PM2.5,93,304,174
India,Haryana,Bahadurgarh,"Arya Nagar, Bahadurgarh - HSPCB","20-07-2026 15:00:00",28.6701,76.9254,NO2,15,21,17
India,Haryana,Bahadurgarh,"Arya Nagar, Bahadurgarh - HSPCB","20-07-2026 15:00:00",28.6701,76.9254,NH3,10,12,11
India,Haryana,Bhiwani,"H.B. Colony, Bhiwani - HSPCB","20-07-2026 15:00:00",28.806223,76.141105,PM2.5,82,146,125
India,Haryana,"Charkhi Dadri","Mini Secretariat, Charkhi Dadri - HSPCB","20-07-2026 15:00:00",28.593883,76.270653,SO2,7,9,8
India,Haryana,"Charkhi Dadri","Mini Secretariat, Charkhi Dadri - HSPCB","20-07-2026 15:00:00",28.593883,76.270653,OZONE,11,39,31
India,Haryana,Dharuhera,"Municipal Corporation Office, Dharuhera -  HSPCB","20-07-2026 15:00:00",28.2068,76.7997,OZONE,10,48,33
India,Haryana,Faridabad,"Sector 11, Faridabad - HSPCB","20-07-2026 15:00:00",28.376058,77.315741,NO2,30,33,31
India,Haryana,Faridabad,"Sector 11, Faridabad - HSPCB","20-07-2026 15:00:00",28.376058,77.315741,CO,68,95,77
India,Haryana,Sirsa,"F-Block, Sirsa - HSPCB","20-07-2026 15:00:00",29.5364,75.0158,OZONE,20,70,35
India,Haryana,Sonipat,"Murthal, Sonipat - HSPCB","20-07-2026 15:00:00",29.0272,77.0621,PM10,21,374,194
India,Haryana,"Yamuna Nagar","Gobind Pura, Yamuna Nagar - HSPCB","20-07-2026 15:00:00",30.1480566,77.2893471,PM2.5,25,88,50
India,Haryana,"Yamuna Nagar","Gobind Pura, Yamuna Nagar - HSPCB","20-07-2026 15:00:00",30.1480566,77.2893471,SO2,10,35,18
India,Haryana,"Yamuna Nagar","Gobind Pura, Yamuna Nagar - HSPCB","20-07-2026 15:00:00",30.1480566,77.2893471,CO,14,46,24
India,"Himachal Pradesh",Baddi,"HIMUDA Complex Phase-1, Baddi - HPPCB","20-07-2026 15:00:00",30.943887,76.801991,PM10,65,242,150
India,"Himachal Pradesh",Baddi,"HIMUDA Complex Phase-1, Baddi - HPPCB","20-07-2026 15:00:00",30.943887,76.801991,NH3,6,8,7
India,"Jammu and Kashmir",Srinagar,"Rajbagh, Srinagar - JKPCC","20-07-2026 15:00:00",34.066206,74.81982,SO2,3,4,3
India,"Jammu and Kashmir",Srinagar,"Rajbagh, Srinagar - JKPCC","20-07-2026 15:00:00",34.066206,74.81982,CO,11,27,16
India,"Jammu and Kashmir",Srinagar,"Khunmoh, Srinagar - JKPCC","20-07-2026 15:00:00",34.06313,74.96017,NH3,NA,NA,NA
India,Jharkhand,Jorapokhar,"Tata Stadium, Jorapokhar - JSPCB","20-07-2026 15:00:00",23.707909,86.41467,PM2.5,25,37,30
India,Jharkhand,Jorapokhar,"Tata Stadium, Jorapokhar - JSPCB","20-07-2026 15:00:00",23.707909,86.41467,PM10,60,130,91
India,Karnataka,Chikkamagaluru,"Kalyana Nagara, Chikkamagaluru - KSPCB","20-07-2026 15:00:00",13.328028,75.797056,PM2.5,23,24,23
India,Karnataka,Chikkamagaluru,"Kalyana Nagara, Chikkamagaluru - KSPCB","20-07-2026 15:00:00",13.328028,75.797056,PM10,37,39,38
India,Karnataka,Hubballi,"Lingaraj Nagar, Hubballi - KSPCB","20-07-2026 15:00:00",15.3714823,75.1160168,NO2,7,9,8
India,Karnataka,Hubballi,"Lingaraj Nagar, Hubballi - KSPCB","20-07-2026 15:00:00",15.3714823,75.1160168,NH3,1,2,1
India,Karnataka,Hubballi,"Lingaraj Nagar, Hubballi - KSPCB","20-07-2026 15:00:00",15.3714823,75.1160168,CO,11,14,12
India,Karnataka,Kalaburagi,"Mahatma Basaveswar Colony, Kalaburgi - KSPCB","20-07-2026 15:00:00",17.336318,76.847397,SO2,3,5,4
India,Karnataka,Koppal,"Diwator Nagar, Koppal - KSPCB","20-07-2026 15:00:00",15.34763,76.181767,PM10,10,41,19
India,Karnataka,Koppal,"Diwator Nagar, Koppal - KSPCB","20-07-2026 15:00:00",15.34763,76.181767,CO,16,18,17
India,Karnataka,Koppal,"Diwator Nagar, Koppal - KSPCB","20-07-2026 15:00:00",15.34763,76.181767,OZONE,6,7,6
India,Karnataka,Madikeri,"Stuart Hill, Madikeri - KSPCB","20-07-2026 15:00:00",12.415911,75.73505,NH3,1,1,1
India,Karnataka,Madikeri,"Stuart Hill, Madikeri - KSPCB","20-07-2026 15:00:00",12.415911,75.73505,CO,12,20,14
India,Karnataka,Mangalore,"Kadri, Mangalore - KSPCB","20-07-2026 15:00:00",12.88925,74.853,PM2.5,22,34,29
India,Karnataka,Mangalore,"Kadri, Mangalore - KSPCB","20-07-2026 15:00:00",12.88925,74.853,NO2,2,5,4
India,Karnataka,Mangalore,"Kadri, Mangalore - KSPCB","20-07-2026 15:00:00",12.88925,74.853,OZONE,37,37,37
India,Karnataka,Mysuru,"Hebbal 1st Stage, Mysuru - KSPCB","20-07-2026 15:00:00",12.21041,76.37376,OZONE,9,45,29
India,Karnataka,Shivamogga,"Vinoba Nagara, Shivamogga - KSPCB","20-07-2026 15:00:00",13.94,75.555917,PM10,30,31,31
India,Karnataka,Tumakuru,"Thimmalapura, Tumakuru - KSPCB","20-07-2026 15:00:00",13.377516,77.099072,NO2,24,24,24
India,Karnataka,Tumakuru,"Thimmalapura, Tumakuru - KSPCB","20-07-2026 15:00:00",13.377516,77.099072,SO2,11,15,12
India,Karnataka,Vijayapura,"Ibrahimpur, Vijayapura - KSPCB","20-07-2026 15:00:00",16.802639,75.722694,CO,20,30,24
India,Karnataka,Yadgir,"Collector Office, Yadgir - KSPCB","20-07-2026 15:00:00",16.7602,77.1428,PM10,10,33,20
India,Kerala,Kannur,"Thavakkara, Kannur - Kerala PCB","20-07-2026 15:00:00",11.875,75.3732,NO2,11,12,12
India,Kerala,Kannur,"Thavakkara, Kannur - Kerala PCB","20-07-2026 15:00:00",11.875,75.3732,OZONE,28,28,28
India,Haryana,Manesar,"Sector-2 IMT, Manesar - HSPCB","20-07-2026 15:00:00",28.360699,76.93609,PM2.5,75,167,108
India,Haryana,Manesar,"Sector-2 IMT, Manesar - HSPCB","20-07-2026 15:00:00",28.360699,76.93609,NH3,5,11,8
India,Haryana,Manesar,"Sector-2 IMT, Manesar - HSPCB","20-07-2026 15:00:00",28.360699,76.93609,CO,3,37,20
India,Haryana,Narnaul,"Shastri Nagar, Narnaul - HSPCB","20-07-2026 15:00:00",28.060249,76.113115,SO2,5,18,10
India,Haryana,Palwal,"Shyam Nagar, Palwal - HSPCB","20-07-2026 15:00:00",28.1485564,77.3320667,PM2.5,40,103,58
India,Haryana,Panchgaon,"Amity University, Panchgaon - IITM","20-07-2026 15:00:00",28.3153,76.9143,PM10,79,127,103
India,Haryana,Panchkula,"Sector-6, Panchkula - HSPCB ","20-07-2026 15:00:00",30.7057778,76.8531805555555,OZONE,27,37,34
India,Haryana,Rohtak,"MD University, Rohtak - HSPCB","20-07-2026 15:00:00",28.52123,76.37138,OZONE,22,52,36
India,Haryana,Sirsa,"F-Block, Sirsa - HSPCB","20-07-2026 15:00:00",29.5364,75.0158,PM2.5,44,68,55
India,Haryana,Hisar,"Urban Estate-II, Hisar - HSPCB","20-07-2026 15:00:00",29.14056,75.744941,SO2,16,111,21
India,Haryana,Jind,"Police Lines, Jind - HSPCB","20-07-2026 15:00:00",29.307814,76.337619,NH3,4,5,5
India,Haryana,Jind,"Police Lines, Jind - HSPCB","20-07-2026 15:00:00",29.307814,76.337619,SO2,27,30,28
India,Haryana,Kaithal,"Rishi Nagar, Kaithal - HSPCB","20-07-2026 15:00:00",29.8006,76.4155,NH3,4,6,5
India,Haryana,Karnal,"Sector-12, Karnal - HSPCB","20-07-2026 15:00:00",29.6953,77.0027,NH3,6,12,8
India,Haryana,Karnal,"Sector-12, Karnal - HSPCB","20-07-2026 15:00:00",29.6953,77.0027,SO2,12,13,13
India,Haryana,Kurukshetra,"Sector-7, Kurukshetra - HSPCB","20-07-2026 15:00:00",29.966942,76.875879,PM10,66,120,90
India,Haryana,Kurukshetra,"Sector-7, Kurukshetra - HSPCB","20-07-2026 15:00:00",29.966942,76.875879,NO2,17,121,76
India,Karnataka,Bengaluru,"BWSSB Kadabesanahalli, Bengaluru - CPCB","20-07-2026 15:00:00",12.9352049,77.6814488,NH3,1,1,1
India,Karnataka,Bengaluru,"Hombegowda Nagar, Bengaluru - KSPCB","20-07-2026 15:00:00",12.938539,77.5901,SO2,1,8,4
India,Karnataka,Bengaluru,"Bapuji Nagar, Bengaluru - KSPCB","20-07-2026 15:00:00",12.951913,77.539784,PM2.5,20,182,56
India,Karnataka,Bengaluru,"Bapuji Nagar, Bengaluru - KSPCB","20-07-2026 15:00:00",12.951913,77.539784,PM10,24,128,56
India,Karnataka,Bengaluru,"Bapuji Nagar, Bengaluru - KSPCB","20-07-2026 15:00:00",12.951913,77.539784,SO2,18,44,33
India,Karnataka,Bengaluru,"Bapuji Nagar, Bengaluru - KSPCB","20-07-2026 15:00:00",12.951913,77.539784,CO,NA,NA,NA
India,Karnataka,Bengaluru,"Silk Board, Bengaluru - KSPCB","20-07-2026 15:00:00",12.917348,77.622813,PM10,43,156,92
India,Karnataka,Bagalkot,"Vidayagiri, Bagalkot - KSPCB","20-07-2026 15:00:00",16.172806,75.659694,NH3,1,1,1
India,Karnataka,Bengaluru,"City Railway Station, Bengaluru - KSPCB","20-07-2026 15:00:00",12.9756843,77.5660749,NH3,NA,NA,NA
India,Karnataka,Bengaluru,"City Railway Station, Bengaluru - KSPCB","20-07-2026 15:00:00",12.9756843,77.5660749,SO2,9,10,10
India,Karnataka,Bengaluru,"Jigani, Bengaluru - KSPCB","20-07-2026 15:00:00",12.7816279,77.6299145,CO,50,51,51
India,Karnataka,Bengaluru,"BWSSB Kadabesanahalli, Bengaluru - CPCB","20-07-2026 15:00:00",12.9352049,77.6814488,PM2.5,55,61,60
India,Karnataka,Bengaluru,"BWSSB Kadabesanahalli, Bengaluru - CPCB","20-07-2026 15:00:00",12.9352049,77.6814488,PM10,54,55,54
India,Haryana,Gurugram,"Sector-51, Gurugram - HSPCB","20-07-2026 15:00:00",28.4227,77.0667,SO2,7,14,12
India,Haryana,Gurugram,"NISE Gwal Pahari, Gurugram - IITM","20-07-2026 15:00:00",28.422681,77.148944,PM2.5,24,158,63
India,Haryana,Gurugram,"NISE Gwal Pahari, Gurugram - IITM","20-07-2026 15:00:00",28.422681,77.148944,CO,76,92,82
India,Maharashtra,Jalna,"Old MIDC, Jalna - MPCB","20-07-2026 15:00:00",19.854616,75.905894,CO,14,18,16
India,Maharashtra,Jalna,"Old MIDC, Jalna - MPCB","20-07-2026 15:00:00",19.854616,75.905894,OZONE,15,37,26
India,Maharashtra,Kalyan,"Khadakpada, Kalyan - MPCB","20-07-2026 15:00:00",19.25292,73.142019,PM10,13,66,39
India,Maharashtra,Kalyan,"Pimpleshwar Mandir, Kalyan - MPCB","20-07-2026 15:00:00",19.192056,72.9585188,PM2.5,39,88,61
India,Maharashtra,Kalyan,"Pimpleshwar Mandir, Kalyan - MPCB","20-07-2026 15:00:00",19.192056,72.9585188,NO2,21,24,23
India,Maharashtra,Kolhapur,"Sinchan Bhavan, Kolhapur - MPCB","20-07-2026 15:00:00",16.7143745,74.2426398,NO2,NA,NA,NA
India,Maharashtra,Kolhapur,"Shivaji University, Kolhapur - MPCB","20-07-2026 15:00:00",16.6870449,74.2505872,PM10,17,47,30
India,Maharashtra,Latur,"Sawe Wadi, Latur - MPCB","20-07-2026 15:00:00",18.39963,76.57452,PM10,9,36,23
India,Maharashtra,Latur,"Sawe Wadi, Latur - MPCB","20-07-2026 15:00:00",18.39963,76.57452,SO2,3,4,4
India,Maharashtra,Mahad,"Kamble Tarf Birwadi, Mahad - MPCB","20-07-2026 15:00:00",18.1023399,73.4783687,SO2,10,52,15
India,Maharashtra,Mahad,"Kamble Tarf Birwadi, Mahad - MPCB","20-07-2026 15:00:00",18.1023399,73.4783687,CO,21,25,23
India,Maharashtra,Malegaon,"Mahesh Nagar, Malegaon - MPCB","20-07-2026 15:00:00",20.555712,74.529236,PM10,29,61,40
India,Maharashtra,Malegaon,"Mahesh Nagar, Malegaon - MPCB","20-07-2026 15:00:00",20.555712,74.529236,CO,2,17,9
India,Maharashtra,Mira-Bhayandar,"Bhayandar West, Mira-Bhayandar - MPCB","20-07-2026 15:00:00",19.296481,72.840923,SO2,2,3,3
India,"Madhya Pradesh",Indore,"Maguda Nagar, Indore - IMC","20-07-2026 15:00:00",22.7524,75.8872,SO2,13,14,14
India,"Madhya Pradesh",Indore,"Maguda Nagar, Indore - IMC","20-07-2026 15:00:00",22.7524,75.8872,OZONE,11,12,11
India,"Madhya Pradesh",Indore,"Residency Area, Indore - IMC","20-07-2026 15:00:00",22.7084,75.8815,PM10,23,50,32
India,"Madhya Pradesh",Jabalpur,"Gupteshwar, Jabalpur - JMC","20-07-2026 15:00:00",23.142888,79.916147,OZONE,11,12,11
India,"Madhya Pradesh",Jabalpur,"Govindh Bhavan Colony, Jabalpur - JMC","20-07-2026 15:00:00",23.163174,79.973061,CO,10,15,12
India,"Madhya Pradesh",Jabalpur,"Marhatal, Jabalpur - MPPCB","20-07-2026 15:00:00",23.168606,79.932247,NH3,1,1,1
India,"Madhya Pradesh",Katni,"Gole Bazar, Katni - MPPCB","20-07-2026 15:00:00",23.50016,80.23284,NH3,2,2,2
India,"Madhya Pradesh",Katni,"Gole Bazar, Katni - MPPCB","20-07-2026 15:00:00",23.50016,80.23284,CO,30,47,37
India,"Madhya Pradesh",Maihar,"Sahilara, Maihar - KJS Cements","20-07-2026 15:00:00",24.2613009,80.7231783,PM10,15,184,75
India,"Madhya Pradesh",Maihar,"Sahilara, Maihar - KJS Cements","20-07-2026 15:00:00",24.2613009,80.7231783,OZONE,NA,NA,NA
India,"Madhya Pradesh",Mandideep,"Sector-D Industrial Area, Mandideep - MPPCB","20-07-2026 15:00:00",23.10844,77.511428,NO2,15,55,27
India,"Madhya Pradesh",Mandideep,"Sector-D Industrial Area, Mandideep - MPPCB","20-07-2026 15:00:00",23.10844,77.511428,NH3,5,7,7
India,"Madhya Pradesh",Pithampur,"Sector-2 Industrial Area, Pithampur - MPPCB","20-07-2026 15:00:00",22.624758,75.675238,PM2.5,41,73,57
India,"Madhya Pradesh",Dewas,"Bhopal Chauraha, Dewas - MPPCB","20-07-2026 15:00:00",22.9682591,76.064118,PM2.5,8,42,24
India,"Madhya Pradesh",Dewas,"Bhopal Chauraha, Dewas - MPPCB","20-07-2026 15:00:00",22.9682591,76.064118,PM10,18,67,47
India,"Madhya Pradesh",Dewas,"Bhopal Chauraha, Dewas - MPPCB","20-07-2026 15:00:00",22.9682591,76.064118,NH3,1,2,2
India,"Madhya Pradesh",Gwalior,"City Center, Gwalior - MPPCB","20-07-2026 15:00:00",26.203442,78.193251,PM2.5,39,70,54
India,"Madhya Pradesh",Gwalior,"City Center, Gwalior - MPPCB","20-07-2026 15:00:00",26.203442,78.193251,NO2,41,61,47
India,"Madhya Pradesh",Gwalior,"City Center, Gwalior - MPPCB","20-07-2026 15:00:00",26.203442,78.193251,CO,14,24,19
India,"Madhya Pradesh",Gwalior,"Deen Dayal Nagar, Gwalior - MPPCB","20-07-2026 15:00:00",26.259242,78.216432,SO2,5,10,7
India,"Madhya Pradesh",Gwalior,"Maharaj Bada, Gwalior - MPPCB","20-07-2026 15:00:00",26.200388,78.147714,NO2,11,89,46
India,"Madhya Pradesh",Gwalior,"Maharaj Bada, Gwalior - MPPCB","20-07-2026 15:00:00",26.200388,78.147714,SO2,5,30,9
India,"Madhya Pradesh",Indore,"Airport Area, Indore - IMC","20-07-2026 15:00:00",22.7289,75.8076,NH3,0,0,0
India,"Madhya Pradesh",Indore,"Chhoti Gwaltoli, Indore - MPPCB","20-07-2026 15:00:00",22.431,75.5213,PM10,35,77,51
India,"Madhya Pradesh",Indore,"Regional Park, Indore - IMC","20-07-2026 15:00:00",22.678,75.8559,NH3,2,8,4
India,"Madhya Pradesh",Indore,"Regional Park, Indore - IMC","20-07-2026 15:00:00",22.678,75.8559,SO2,34,37,35
India,"Madhya Pradesh",Indore,"Maguda Nagar, Indore - IMC","20-07-2026 15:00:00",22.7524,75.8872,NO2,4,5,4
India,Kerala,Thiruvananthapuram,"Kariavattom, Thiruvananthapuram - Kerala PCB","20-07-2026 15:00:00",8.5637,76.8865,PM2.5,37,44,40
India,Kerala,Thiruvananthapuram,"Kariavattom, Thiruvananthapuram - Kerala PCB","20-07-2026 15:00:00",8.5637,76.8865,NO2,6,7,6
India,Kerala,Thiruvananthapuram,"Kariavattom, Thiruvananthapuram - Kerala PCB","20-07-2026 15:00:00",8.5637,76.8865,SO2,5,6,5
India,Kerala,Thiruvananthapuram,"Plammoodu, Thiruvananthapuram - Kerala PCB","20-07-2026 15:00:00",8.5149093,76.9435879,PM2.5,6,362,28
India,Kerala,Thiruvananthapuram,"Plammoodu, Thiruvananthapuram - Kerala PCB","20-07-2026 15:00:00",8.5149093,76.9435879,CO,3,28,11
India,Kerala,Thrissur,"Corporation Ground, Thrissur - Kerala PCB","20-07-2026 15:00:00",10.5324,76.2159,PM2.5,35,45,40
India,Kerala,Thrissur,"Corporation Ground, Thrissur - Kerala PCB","20-07-2026 15:00:00",10.5324,76.2159,OZONE,29,29,29
India,"Madhya Pradesh",Bhopal,"Idgah Hills, Bhopal - MPPCB","20-07-2026 15:00:00",23.264759,77.381568,NO2,11,26,17
India,"Madhya Pradesh",Bhopal,"Idgah Hills, Bhopal - MPPCB","20-07-2026 15:00:00",23.264759,77.381568,OZONE,19,27,24
India,"Madhya Pradesh",Bhopal,"Paryavaran Parisar, Bhopal - MPPCB","20-07-2026 15:00:00",23.210494,77.425409,SO2,5,7,6
India,"Madhya Pradesh",Bhopal,"T T Nagar, Bhopal - MPPCB","20-07-2026 15:00:00",23.233584,77.400574,PM2.5,19,38,28
India,"Madhya Pradesh",Damoh,"Shrivastav Colony, Damoh - MPPCB","20-07-2026 15:00:00",23.81748678,79.446246,PM10,6,45,28
India,Maharashtra,Mumbai,"Ghatkopar, Mumbai - BMC","20-07-2026 15:00:00",19.083694,72.920967,NO2,6,13,8
India,Maharashtra,Mumbai,"Byculla, Mumbai - BMC","20-07-2026 15:00:00",18.9767,72.838,NH3,1,4,2
India,Maharashtra,Mumbai,"Bandra Kurla Complex, Mumbai - MPCB","20-07-2026 15:00:00",19.065931,72.862131,CO,23,28,25
India,Maharashtra,Mumbai,"Sewri, Mumbai - BMC","20-07-2026 15:00:00",19.000084,72.85673,PM10,35,51,41
India,Maharashtra,Mumbai,"Mindspace-Malad West, Mumbai - MPCB","20-07-2026 15:00:00",19.1878657,72.8304069,PM10,23,26,25
India,Maharashtra,Mumbai,"Mindspace-Malad West, Mumbai - MPCB","20-07-2026 15:00:00",19.1878657,72.8304069,OZONE,20,20,20
India,Maharashtra,Mumbai,"Mazgaon, Mumbai - IITM","20-07-2026 15:00:00",18.96702,72.84214,PM2.5,21,39,28
India,Maharashtra,Mumbai,"Mazgaon, Mumbai - IITM","20-07-2026 15:00:00",18.96702,72.84214,SO2,2,9,5
India,Maharashtra,Mumbai,"Khindipada-Bhandup West, Mumbai - IITM","20-07-2026 15:00:00",19.1653323,72.922099,PM10,6,39,18
India,Maharashtra,Akola,"Ramdaspeth, Akola - MPCB","20-07-2026 15:00:00",20.719516,77.000253,PM10,44,68,59
India,Maharashtra,Amravati,"Shri Shivaji Science College, Amravati - MPCB","20-07-2026 15:00:00",20.939198,77.765701,PM10,13,93,38
India,Maharashtra,Aurangabad,"More Chowk Waluj, Aurangabad - MPCB","20-07-2026 15:00:00",19.8389439,75.244448,SO2,26,30,28
India,Maharashtra,Aurangabad,"Rachnakar Colony, Aurangabad - MPCB","20-07-2026 15:00:00",19.863756,75.321188,NO2,10,25,19
India,Maharashtra,Aurangabad,"Rachnakar Colony, Aurangabad - MPCB","20-07-2026 15:00:00",19.863756,75.321188,SO2,3,5,5
India,Maharashtra,Aurangabad,"MIDC Chilkalthana, Aurangabad - MPCB","20-07-2026 15:00:00",19.87562,75.38731,PM10,NA,NA,NA
India,Maharashtra,Aurangabad,"MIDC Chilkalthana, Aurangabad - MPCB","20-07-2026 15:00:00",19.87562,75.38731,CO,24,27,25
India,Maharashtra,Badlapur,"Katrap, Badlapur - MPCB","20-07-2026 15:00:00",19.16485,73.23409,NO2,15,18,16
India,Maharashtra,Belapur,"CBD Belapur, Belapur - MPCB","20-07-2026 15:00:00",19.0243902,73.0406721,PM10,12,38,28
India,Maharashtra,Bhiwandi,"Gokul Nagar, Bhiwandi - MPCB","20-07-2026 15:00:00",19.309073,73.057223,NH3,NA,NA,NA
India,Maharashtra,Chandrapur,"Chauhan Colony, Chandrapur - MPCB","20-07-2026 15:00:00",19.9629,79.298714,PM2.5,4,43,19
India,Maharashtra,Chandrapur,"Chauhan Colony, Chandrapur - MPCB","20-07-2026 15:00:00",19.9629,79.298714,NH3,2,2,2
India,Maharashtra,Chandrapur,"Chauhan Colony, Chandrapur - MPCB","20-07-2026 15:00:00",19.9629,79.298714,SO2,12,19,16
India,Maharashtra,Chandrapur,"MIDC Khutala, Chandrapur - MPCB","20-07-2026 15:00:00",19.9775302,79.2337086,PM10,15,59,32
India,Maharashtra,Chandrapur,"MIDC Khutala, Chandrapur - MPCB","20-07-2026 15:00:00",19.9775302,79.2337086,SO2,3,4,4
India,Maharashtra,Chandrapur,"MIDC Khutala, Chandrapur - MPCB","20-07-2026 15:00:00",19.9775302,79.2337086,CO,39,41,40
India,Maharashtra,Hingoli,"Ashta Vinayak Nagar, Hingoli - MPCB","20-07-2026 15:00:00",19.710842,77.151824,NH3,1,3,2
India,"Madhya Pradesh",Pithampur,"Sector-2 Industrial Area, Pithampur - MPPCB","20-07-2026 15:00:00",22.624758,75.675238,OZONE,26,43,33
India,"Madhya Pradesh",Ratlam,"Shasthri Nagar, Ratlam - IPCA Lab","20-07-2026 15:00:00",23.331731,75.045981,CO,NA,NA,NA
India,"Madhya Pradesh",Sagar,"Civil Lines, Sagar - MPPCB","20-07-2026 15:00:00",23.838586,78.759431,PM2.5,10,88,35
India,"Madhya Pradesh",Singrauli,"Suryakiran Bhawan NCL, Singrauli - MPPCB","20-07-2026 15:00:00",24.10897,82.64558,NH3,NA,NA,NA
India,"Madhya Pradesh",Ujjain,"Mahashweta Nagar, Ujjain - MPPCB","20-07-2026 15:00:00",23.1633321,75.800225,NH3,4,10,7
India,Maharashtra,Ahmednagar,"Tarakpur, Ahmednagar - MPCB","20-07-2026 15:00:00",19.10122,74.73339,NO2,3,16,8
India,Maharashtra,Mumbai,"Borivali East, Mumbai - IITM","20-07-2026 15:00:00",19.23241,72.86895,NO2,10,37,23
India,Maharashtra,Mumbai,"Bandra Kurla Complex, Mumbai - IITM","20-07-2026 15:00:00",19.053536,72.84643,NH3,2,8,3
India,Maharashtra,Mumbai,"Bandra Kurla Complex, Mumbai - IITM","20-07-2026 15:00:00",19.053536,72.84643,OZONE,17,20,19
India,Maharashtra,Mumbai,"Sion, Mumbai - MPCB","20-07-2026 15:00:00",19.047,72.8746,CO,19,20,20
India,Maharashtra,Mumbai,"Siddharth Nagar-Worli, Mumbai - IITM","20-07-2026 15:00:00",19.000083,72.813993,OZONE,26,32,30
India,Maharashtra,Mumbai,"Kandivali West, Mumbai - BMC","20-07-2026 15:00:00",19.215859,72.831718,SO2,1,4,2
India,Maharashtra,Mumbai,"Mulund West, Mumbai - MPCB","20-07-2026 15:00:00",19.175,72.9419,PM2.5,NA,NA,NA
India,Maharashtra,Parbhani,"Masoom Colony, Parbhani - MPCB","20-07-2026 15:00:00",19.265594,76.761463,SO2,1,3,2
India,Maharashtra,Pimpri-Chinchwad,"Park Street Wakad, Pimpri Chinchwad - MPCB","20-07-2026 15:00:00",18.59051,73.77946,NO2,1,18,11
India,Maharashtra,Pimpri-Chinchwad,"Park Street Wakad, Pimpri Chinchwad - MPCB","20-07-2026 15:00:00",18.59051,73.77946,CO,3,22,11
India,Maharashtra,Pimpri-Chinchwad,"Bhosari, Pune - IITM","20-07-2026 15:00:00",18.640051,73.848956,OZONE,9,16,13
India,Maharashtra,Pimpri-Chinchwad,"Thergaon, Pimpri Chinchwad - MPCB","20-07-2026 15:00:00",18.616318,73.765797,PM2.5,2,140,56
India,Maharashtra,Pimpri-Chinchwad,"Transport Nagar-Nigdi, Pune - IITM","20-07-2026 15:00:00",18.664282,73.763966,PM10,20,42,30
India,Maharashtra,Pimpri-Chinchwad,"Transport Nagar-Nigdi, Pune - IITM","20-07-2026 15:00:00",18.664282,73.763966,SO2,NA,NA,NA
India,Maharashtra,Pimpri-Chinchwad,"Transport Nagar-Nigdi, Pune - IITM","20-07-2026 15:00:00",18.664282,73.763966,OZONE,9,16,13
India,Maharashtra,Pimpri-Chinchwad,"Gavalinagar, Pimpri Chinchwad - MPCB","20-07-2026 15:00:00",18.63673,73.82487,SO2,1,2,1
India,Maharashtra,Pimpri-Chinchwad,"Gavalinagar, Pimpri Chinchwad - MPCB","20-07-2026 15:00:00",18.63673,73.82487,CO,7,21,14
India,Maharashtra,Pimpri-Chinchwad,"Savta Mali Nagar, Pimpri-Chinchwad - IITM","20-07-2026 15:00:00",18.614767,73.799516,SO2,NA,NA,NA
India,Maharashtra,Pimpri-Chinchwad,"Savta Mali Nagar, Pimpri-Chinchwad - IITM","20-07-2026 15:00:00",18.614767,73.799516,OZONE,5,16,11
India,Maharashtra,Pune,"Panchawati_Pashan, Pune - IITM","20-07-2026 15:00:00",18.536457,73.805454,PM10,31,57,40
India,Maharashtra,Pune,"Panchawati_Pashan, Pune - IITM","20-07-2026 15:00:00",18.536457,73.805454,NH3,NA,NA,NA
India,Maharashtra,Pune,"Panchawati_Pashan, Pune - IITM","20-07-2026 15:00:00",18.536457,73.805454,SO2,NA,NA,NA
India,Maharashtra,Pune,"Dhankawadi, Pune - IITM","20-07-2026 15:00:00",18.459883,73.852193,PM10,22,52,33
India,Maharashtra,Pune,"Dhankawadi, Pune - IITM","20-07-2026 15:00:00",18.459883,73.852193,NH3,NA,NA,NA
India,Maharashtra,Pune,"Revenue Colony-Shivajinagar, Pune - IITM","20-07-2026 15:00:00",18.530085,73.849598,NO2,9,30,17
India,Maharashtra,Pune,"Revenue Colony-Shivajinagar, Pune - IITM","20-07-2026 15:00:00",18.530085,73.849598,OZONE,9,15,13
India,Maharashtra,Pune,"Mhada Colony, Pune - IITM","20-07-2026 15:00:00",18.57304,73.927715,NH3,NA,NA,NA
India,Maharashtra,Pune,"Savitribai Phule Pune University, Pune - MPCB","20-07-2026 15:00:00",18.547056,73.826908,SO2,4,5,4
India,Maharashtra,Sangli,"Vijay Nagar, Sangli - MPCB","20-07-2026 15:00:00",16.5038,74.3623,PM10,18,45,28
India,Maharashtra,Sangli,"Vijay Nagar, Sangli - MPCB","20-07-2026 15:00:00",16.5038,74.3623,NO2,0,5,1
India,Maharashtra,Sangli,"Vijay Nagar, Sangli - MPCB","20-07-2026 15:00:00",16.5038,74.3623,OZONE,13,23,20
India,Maharashtra,Solapur,"Dnyaneshwar Nagar, Solapur - MPCB","20-07-2026 15:00:00",17.6336264,75.9132495,NH3,7,25,9
India,Maharashtra,Solapur,"Ratandeep Housing Society, Solapur - MPCB","20-07-2026 15:00:00",17.65439,75.90649,PM2.5,4,33,17
India,Maharashtra,Thane,"Kasarvadavali, Thane - MPCB","20-07-2026 15:00:00",19.26777,72.97182,SO2,4,4,4
India,Maharashtra,Thane,"Upvan Fort, Thane - MPCB","20-07-2026 15:00:00",19.222279,72.957979,NH3,5,6,6
India,Maharashtra,Thane,"Upvan Fort, Thane - MPCB","20-07-2026 15:00:00",19.222279,72.957979,OZONE,13,28,21
India,Maharashtra,Ulhasnagar,"Sidhi Vinayak Nagar, Ulhasnagar - MPCB","20-07-2026 15:00:00",19.235581,73.159121,SO2,0,4,2
India,Maharashtra,Ulhasnagar,"Sidhi Vinayak Nagar, Ulhasnagar - MPCB","20-07-2026 15:00:00",19.235581,73.159121,OZONE,12,16,14
India,Maharashtra,Ulhasnagar,"Vithalwadi, Ulhasnagar - MPCB","20-07-2026 15:00:00",19.2307571,73.155192,OZONE,13,16,15
India,Maharashtra,Mumbai,"Navy Nagar-Colaba, Mumbai - IITM","20-07-2026 15:00:00",18.897756,72.81332,OZONE,24,30,28
India,Maharashtra,Mumbai,"Worli, Mumbai - MPCB","20-07-2026 15:00:00",18.9936162,72.8128113,NH3,8,20,12
India,Maharashtra,Mumbai,"Worli, Mumbai - MPCB","20-07-2026 15:00:00",18.9936162,72.8128113,SO2,1,9,4
India,Maharashtra,Mumbai,"Worli, Mumbai - MPCB","20-07-2026 15:00:00",18.9936162,72.8128113,OZONE,7,9,8
India,Maharashtra,Mumbai,"Chakala-Andheri East, Mumbai - IITM","20-07-2026 15:00:00",19.11074,72.86084,PM10,14,27,22
India,Maharashtra,Mumbai,"Chakala-Andheri East, Mumbai - IITM","20-07-2026 15:00:00",19.11074,72.86084,SO2,0,7,3
India,Maharashtra,Mumbai,"Chakala-Andheri East, Mumbai - IITM","20-07-2026 15:00:00",19.11074,72.86084,OZONE,2,14,8
India,Maharashtra,Mumbai,"Malad West, Mumbai - IITM","20-07-2026 15:00:00",19.19709,72.82204,PM2.5,2,29,13
India,Maharashtra,Mumbai,"Deonar, Mumbai - IITM","20-07-2026 15:00:00",19.04946,72.923,PM10,36,83,59
India,Maharashtra,Mumbai,"Borivali East, Mumbai - MPCB","20-07-2026 15:00:00",19.2243333,72.8658113,CO,12,12,12
India,Maharashtra,Mumbai,"Shivaji Nagar, Mumbai - BMC","20-07-2026 15:00:00",19.060498,72.923356,SO2,1,6,3
India,Maharashtra,Mumbai,"Shivaji Nagar, Mumbai - BMC","20-07-2026 15:00:00",19.060498,72.923356,CO,13,30,20
India,Maharashtra,Mumbai,"Shivaji Nagar, Mumbai - BMC","20-07-2026 15:00:00",19.060498,72.923356,OZONE,7,9,8
India,Maharashtra,Mumbai,"Powai, Mumbai - MPCB","20-07-2026 15:00:00",19.1375,72.915056,PM2.5,NA,NA,NA
India,Maharashtra,Mumbai,"Powai, Mumbai - MPCB","20-07-2026 15:00:00",19.1375,72.915056,PM10,8,20,15
India,Maharashtra,Mumbai,"Powai, Mumbai - MPCB","20-07-2026 15:00:00",19.1375,72.915056,NO2,6,7,7
India,Maharashtra,Nagpur,"Ram Nagar, Nagpur - MPCB","20-07-2026 15:00:00",21.143383,79.048912,NO2,4,14,7
India,Maharashtra,Nagpur,"Ram Nagar, Nagpur - MPCB","20-07-2026 15:00:00",21.143383,79.048912,NH3,4,5,5
India,Maharashtra,Nagpur,"Opp GPO Civil Lines, Nagpur - MPCB","20-07-2026 15:00:00",21.152875,79.0517531,NH3,5,5,5
India,Maharashtra,Nagpur,"Opp GPO Civil Lines, Nagpur - MPCB","20-07-2026 15:00:00",21.152875,79.0517531,OZONE,4,8,6
India,Maharashtra,Nagpur,"Ambazari, Nagpur - MPCB","20-07-2026 15:00:00",21.121801,79.04952,CO,8,32,19
India,Maharashtra,Nagpur,"Mahal, Nagpur - MPCB","20-07-2026 15:00:00",21.14472,79.107595,PM2.5,26,56,42
India,Maharashtra,Nanded,"Sneh Nagar, Nanded - MPCB","20-07-2026 15:00:00",19.173852,77.296291,NH3,4,5,4
India,Maharashtra,Nashik,"MIDC Ambad, Nashik - MPCB","20-07-2026 15:00:00",19.95022,73.73148,SO2,0,5,2
India,Maharashtra,Nashik,"Gangapur Road, Nashik - MPCB","20-07-2026 15:00:00",20.0073285,73.7762427,NO2,5,5,5
India,Maharashtra,Nashik,"Gangapur Road, Nashik - MPCB","20-07-2026 15:00:00",20.0073285,73.7762427,SO2,3,6,5
India,Punjab,Jalandhar,"Civil Line, Jalandhar - PPCB","20-07-2026 15:00:00",31.321907,75.578914,PM10,49,118,91
India,Punjab,Jalandhar,"Civil Line, Jalandhar - PPCB","20-07-2026 15:00:00",31.321907,75.578914,CO,40,48,43
India,Punjab,Khanna,"Kalal Majra, Khanna - PPCB","20-07-2026 15:00:00",30.736056,76.209694,OZONE,19,40,35
India,Punjab,"Mandi Gobindgarh","RIMT University, Mandi Gobindgarh - PPCB","20-07-2026 15:00:00",30.649961,76.331442,OZONE,27,37,35
India,Punjab,Patiala,"Model Town, Patiala - PPCB","20-07-2026 15:00:00",30.349388,76.366642,SO2,2,16,9
India,Punjab,Patiala,"Model Town, Patiala - PPCB","20-07-2026 15:00:00",30.349388,76.366642,CO,1,23,15
India,Punjab,Patiala,"Model Town, Patiala - PPCB","20-07-2026 15:00:00",30.349388,76.366642,OZONE,16,101,38
India,Rajasthan,Alwar,"Moti Doongri, Alwar - RSPCB","20-07-2026 15:00:00",27.554793,76.611536,SO2,19,49,39
India,Rajasthan,Alwar,"Moti Doongri, Alwar - RSPCB","20-07-2026 15:00:00",27.554793,76.611536,CO,41,53,47
India,Rajasthan,Banswara,"Rati Talai, Banswara - RSPCB","20-07-2026 15:00:00",23.55519,74.44001,NH3,1,4,2
India,Nagaland,Kohima,"PWD Junction, Kohima - NPCB","20-07-2026 15:00:00",25.6635413,94.0989878,OZONE,NA,NA,NA
India,Odisha,Angul,"Hakimapada, Angul - OSPCB","20-07-2026 15:00:00",20.832874,85.104082,SO2,7,12,8
India,Odisha,Balasore,"Kalidaspur, Balasore - OSPCB","20-07-2026 15:00:00",21.51161,86.89088,PM2.5,15,73,41
India,Odisha,Balasore,"Kalidaspur, Balasore - OSPCB","20-07-2026 15:00:00",21.51161,86.89088,SO2,1,4,3
India,Odisha,Barbil,"Forest Office, Barbil - OSPCB","20-07-2026 15:00:00",22.1166054,85.3945546,NH3,2,3,2
India,Odisha,Barbil,"Forest Office, Barbil - OSPCB","20-07-2026 15:00:00",22.1166054,85.3945546,OZONE,14,40,32
India,Odisha,Baripada,"Meher Colony, Baripada - OSPCB","20-07-2026 15:00:00",21.941841,86.728318,CO,12,33,25
India,Odisha,Bhubaneswar,"Patia, Bhubaneswar - OSPCB","20-07-2026 15:00:00",20.34652,85.8163,NO2,4,8,6
India,Odisha,Bhubaneswar,"Patia, Bhubaneswar - OSPCB","20-07-2026 15:00:00",20.34652,85.8163,OZONE,36,46,40
India,Odisha,Rairangpur,"Divisional Forest Office, Rairangpur - OSPCB","20-07-2026 15:00:00",22.265816,86.174829,CO,18,33,26
India,Odisha,Rourkela,"Fertilizer Township, Rourkela - OSPCB","20-07-2026 15:00:00",22.18972222,84.86277778,PM2.5,54,85,65
India,Odisha,Rourkela,"Fertilizer Township, Rourkela - OSPCB","20-07-2026 15:00:00",22.18972222,84.86277778,NO2,11,11,11
India,Odisha,Talcher,"Talcher Coalfields,Talcher - OSPCB","20-07-2026 15:00:00",20.9360711,85.1707021,CO,19,33,26
India,Puducherry,Puducherry,"Jawahar Nagar, Puducherry - PPCC","20-07-2026 15:00:00",11.9309,79.8027,PM10,22,76,38
India,Puducherry,Puducherry,"Jawahar Nagar, Puducherry - PPCC","20-07-2026 15:00:00",11.9309,79.8027,NH3,1,7,3
India,Puducherry,Puducherry,"Jawahar Nagar, Puducherry - PPCC","20-07-2026 15:00:00",11.9309,79.8027,SO2,4,10,7
India,Punjab,Amritsar,"Golden Temple, Amritsar - PPCB","20-07-2026 15:00:00",31.62,74.876512,NH3,6,11,9
India,Maharashtra,"Navi Mumbai","Mahape, Navi Mumbai - MPCB","20-07-2026 15:00:00",19.1135051,73.008978,PM10,NA,NA,NA
India,Maharashtra,"Navi Mumbai","Mahape, Navi Mumbai - MPCB","20-07-2026 15:00:00",19.1135051,73.008978,CO,55,55,55
India,Maharashtra,"Navi Mumbai","Tondare-Taloja, Navi Mumbai - MPCB","20-07-2026 15:00:00",19.063,73.1209,CO,17,44,32
India,Maharashtra,"Navi Mumbai","Kopripada-Vashi, Navi Mumbai - MPCB","20-07-2026 15:00:00",19.090337,73.014232,SO2,0,3,0
India,Maharashtra,"Navi Mumbai","Kopripada-Vashi, Navi Mumbai - MPCB","20-07-2026 15:00:00",19.090337,73.014232,OZONE,18,41,27
India,Maharashtra,"Navi Mumbai","Nerul, Navi Mumbai - MPCB","20-07-2026 15:00:00",19.008751,73.01662,PM10,NA,NA,NA
India,Maharashtra,"Navi Mumbai","Nerul, Navi Mumbai - MPCB","20-07-2026 15:00:00",19.008751,73.01662,CO,NA,NA,NA
India,Maharashtra,"Navi Mumbai","Sector-2E Kalamboli, Navi Mumbai - MPCB","20-07-2026 15:00:00",19.02579,73.10297,PM2.5,9,24,15
India,Maharashtra,"Navi Mumbai","Sector-2E Kalamboli, Navi Mumbai - MPCB","20-07-2026 15:00:00",19.02579,73.10297,SO2,3,6,5
India,Odisha,Bhubaneswar,"Lingraj Mandir, Bhubaneswar - OSPCB","20-07-2026 15:00:00",20.24079,85.836784,PM10,34,108,57
India,Odisha,Bhubaneswar,"Lingraj Mandir, Bhubaneswar - OSPCB","20-07-2026 15:00:00",20.24079,85.836784,SO2,4,18,6
India,Odisha,Bhubaneswar,"Lingraj Mandir, Bhubaneswar - OSPCB","20-07-2026 15:00:00",20.24079,85.836784,OZONE,17,57,32
India,Odisha,Brajrajnagar,"GM Office, Brajrajnagar - OSPCB","20-07-2026 15:00:00",21.8004996,83.8396977,NH3,5,5,5
India,Odisha,Byasanagar,"Ferro Chrome Colony, Byasanagar - OSPCB","20-07-2026 15:00:00",20.94185,86.1151,PM2.5,35,97,66
India,Odisha,Keonjhar,"Jagamohanpur, Keonjhar - OSPCB","20-07-2026 15:00:00",21.6439,85.599355,PM10,24,46,32
India,Odisha,Keonjhar,"Jagamohanpur, Keonjhar - OSPCB","20-07-2026 15:00:00",21.6439,85.599355,SO2,10,11,10
India,"Tamil Nadu",Chennai,"Kodungaiyur, Chennai - TNPCB","20-07-2026 15:00:00",13.1278,80.2642,CO,27,33,30
India,"Tamil Nadu",Chennai,"Kodungaiyur, Chennai - TNPCB","20-07-2026 15:00:00",13.1278,80.2642,OZONE,28,34,31
India,"Tamil Nadu",Coimbatore,"SIDCO Kurichi, Coimbatore - TNPCB","20-07-2026 15:00:00",10.942451,76.978996,SO2,NA,NA,NA
India,"Tamil Nadu",Coimbatore,"SIDCO Kurichi, Coimbatore - TNPCB","20-07-2026 15:00:00",10.942451,76.978996,CO,13,13,13
India,"Tamil Nadu",Cuddalore,"Semmandalam, Cuddalore - TNPCB","20-07-2026 15:00:00",11.7637683,79.7499835,NH3,NA,NA,NA
India,"Tamil Nadu",Cuddalore,"Semmandalam, Cuddalore - TNPCB","20-07-2026 15:00:00",11.7637683,79.7499835,CO,NA,NA,NA
India,"Tamil Nadu",Cuddalore,"Kudikadu, Cuddalore - TNPCB","20-07-2026 15:00:00",11.6829898,79.7532099,PM2.5,NA,NA,NA
India,"Tamil Nadu",Cuddalore,"Kudikadu, Cuddalore - TNPCB","20-07-2026 15:00:00",11.6829898,79.7532099,NH3,NA,NA,NA
India,"Tamil Nadu",Gummidipoondi,"Anthoni Pillai Nagar, Gummidipoondi - TNPCB","20-07-2026 15:00:00",13.4127,80.1081,PM10,48,151,83
India,"Tamil Nadu",Gummidipoondi,"Anthoni Pillai Nagar, Gummidipoondi - TNPCB","20-07-2026 15:00:00",13.4127,80.1081,SO2,4,30,19
India,"Tamil Nadu",Madurai,"Uchapatti, Madurai - TNPCB","20-07-2026 15:00:00",9.865935,78.022669,PM10,NA,NA,NA
India,"Tamil Nadu",Madurai,"Uchapatti, Madurai - TNPCB","20-07-2026 15:00:00",9.865935,78.022669,NO2,NA,NA,NA
India,"Tamil Nadu",Madurai,"Uchapatti, Madurai - TNPCB","20-07-2026 15:00:00",9.865935,78.022669,NH3,9,9,9
India,"Tamil Nadu",Ramanathapuram,"Chalai Bazaar, Ramanathapuram - TNPCB","20-07-2026 15:00:00",9.36399,78.831977,NH3,NA,NA,NA
India,"Tamil Nadu",Thoothukudi,"Meelavittan, Thoothukudi - TNPCB","20-07-2026 15:00:00",8.816428,78.099039,PM10,59,72,65
India,"Tamil Nadu",Thoothukudi,"Meelavittan, Thoothukudi - TNPCB","20-07-2026 15:00:00",8.816428,78.099039,NH3,NA,NA,NA
India,Telangana,Hyderabad,"Central University, Hyderabad - TSPCB","20-07-2026 15:00:00",17.460103,78.334361,NO2,0,33,14
India,Telangana,Hyderabad,"Central University, Hyderabad - TSPCB","20-07-2026 15:00:00",17.460103,78.334361,SO2,0,11,5
India,Rajasthan,Jaipur,"Mansarovar Sector-12, Jaipur - RSPCB","20-07-2026 15:00:00",26.843698,75.766894,CO,20,36,29
India,Rajasthan,Jaipur,"Mansarovar Sector-12, Jaipur - RSPCB","20-07-2026 15:00:00",26.843698,75.766894,OZONE,34,105,73
India,Rajasthan,Jaipur,"Adarsh Nagar, Jaipur - RSPCB","20-07-2026 15:00:00",26.902909,75.836858,PM2.5,4,87,71
India,Rajasthan,Jaipur,"Adarsh Nagar, Jaipur - RSPCB","20-07-2026 15:00:00",26.902909,75.836858,CO,25,28,27
India,Rajasthan,Jaipur,"Shastri Nagar, Jaipur - RSPCB","20-07-2026 15:00:00",26.9502929,75.730943,CO,39,52,45
India,Rajasthan,Jaisalmer,"Sadar Bazar, Jaisalmer - RSPCB","20-07-2026 15:00:00",26.912329,70.909168,PM2.5,10,50,32
India,Rajasthan,Jaisalmer,"Sadar Bazar, Jaisalmer - RSPCB","20-07-2026 15:00:00",26.912329,70.909168,CO,9,19,13
India,Rajasthan,Jhalawar,"Rajlaxmi Nagar, Jhalawar - RSPCB","20-07-2026 15:00:00",24.588397,76.172782,PM2.5,30,63,44
India,Rajasthan,Jhalawar,"Rajlaxmi Nagar, Jhalawar - RSPCB","20-07-2026 15:00:00",24.588397,76.172782,NO2,19,39,30
India,Rajasthan,Jhalawar,"Rajlaxmi Nagar, Jhalawar - RSPCB","20-07-2026 15:00:00",24.588397,76.172782,OZONE,22,33,27
India,Rajasthan,Jhunjhunu,"Indra Nagar, Jhunjhunu - RSPCB","20-07-2026 15:00:00",28.108988,75.386577,PM10,58,125,92
India,Rajasthan,Jhunjhunu,"Indra Nagar, Jhunjhunu - RSPCB","20-07-2026 15:00:00",28.108988,75.386577,NH3,6,12,9
India,Rajasthan,Jodhpur,"Mandor, Jodhpur - RSPCB","20-07-2026 15:00:00",26.358805,73.047444,NO2,3,8,5
India,Rajasthan,Jodhpur,"Jhalamand, Jodhpur - RSPCB","20-07-2026 15:00:00",26.215415,73.070156,NO2,3,10,5
India,Rajasthan,Jodhpur,"Jhalamand, Jodhpur - RSPCB","20-07-2026 15:00:00",26.215415,73.070156,NH3,3,7,5
India,Rajasthan,Jodhpur,"Collectorate, Jodhpur - RSPCB","20-07-2026 15:00:00",26.268249,73.0193853,PM10,9,76,56
India,Rajasthan,Bundi,"New Colony, Bundi - RSPCB","20-07-2026 15:00:00",25.435774,75.644272,CO,14,18,16
India,Rajasthan,Dausa,"Khatikan Mohalla, Dausa - RSPCB","20-07-2026 15:00:00",26.895552,76.334753,PM2.5,33,65,45
India,Rajasthan,Dholpur,"Raja Ganj, Dholpur - RSPCB","20-07-2026 15:00:00",26.699557,77.898881,NO2,1,9,5
India,Rajasthan,Dholpur,"Raja Ganj, Dholpur - RSPCB","20-07-2026 15:00:00",26.699557,77.898881,OZONE,22,31,26
India,Rajasthan,Dungarpur,"Bhoiwada, Dungarpur - RSPCB","20-07-2026 15:00:00",23.837789,73.714926,NO2,11,15,12
India,Rajasthan,Dungarpur,"Bhoiwada, Dungarpur - RSPCB","20-07-2026 15:00:00",23.837789,73.714926,SO2,11,12,12
India,Rajasthan,Hanumangarh,"Housing Board, Hanumangarh - RSPCB","20-07-2026 15:00:00",29.61075,74.283608,NO2,2,12,5
India,Rajasthan,Hanumangarh,"Housing Board, Hanumangarh - RSPCB","20-07-2026 15:00:00",29.61075,74.283608,OZONE,28,102,55
India,Rajasthan,Jaipur,"Sector-2 Murlipura, Jaipur - RSPCB","20-07-2026 15:00:00",26.960669,75.771817,NO2,9,61,24
India,Rajasthan,Jaipur,"Sector-2 Murlipura, Jaipur - RSPCB","20-07-2026 15:00:00",26.960669,75.771817,CO,92,113,103
India,Rajasthan,Jaipur,"RIICO Sitapura, Jaipur - RSPCB","20-07-2026 15:00:00",26.786682,75.827928,PM2.5,NA,NA,NA
India,Rajasthan,Jaipur,"RIICO Sitapura, Jaipur - RSPCB","20-07-2026 15:00:00",26.786682,75.827928,NH3,1,2,2
India,Rajasthan,Jaipur,"RIICO Sitapura, Jaipur - RSPCB","20-07-2026 15:00:00",26.786682,75.827928,CO,28,68,46
India,Rajasthan,Jaipur,"Police Commissionerate, Jaipur - RSPCB","20-07-2026 15:00:00",26.9164092,75.7994901,NO2,33,71,48
India,Rajasthan,Jaipur,"Police Commissionerate, Jaipur - RSPCB","20-07-2026 15:00:00",26.9164092,75.7994901,SO2,14,28,22
India,Rajasthan,Jodhpur,"Collectorate, Jodhpur - RSPCB","20-07-2026 15:00:00",26.268249,73.0193853,NO2,14,22,17
India,Rajasthan,Jodhpur,"Samrat Ashok Udhyan, Jodhpur - RSPCB","20-07-2026 15:00:00",26.253384,72.976571,NO2,3,11,7
India,Rajasthan,Jodhpur,"Samrat Ashok Udhyan, Jodhpur - RSPCB","20-07-2026 15:00:00",26.253384,72.976571,SO2,1,4,1
India,Rajasthan,Jodhpur,"Digari Kalan, Jodhpur - RSPCB","20-07-2026 15:00:00",26.29581,73.082283,CO,8,18,12
India,Rajasthan,Jodhpur,"Digari Kalan, Jodhpur - RSPCB","20-07-2026 15:00:00",26.29581,73.082283,OZONE,26,62,46
India,Rajasthan,Karauli,"Satyawati Vihar, Karauli - RSPCB","20-07-2026 15:00:00",26.506177,77.025989,PM2.5,NA,NA,NA
India,Rajasthan,Karauli,"Satyawati Vihar, Karauli - RSPCB","20-07-2026 15:00:00",26.506177,77.025989,CO,25,38,31
India,Rajasthan,Khairthal,"New Anaj Mandi, Khairthal - RSPCB","20-07-2026 15:00:00",27.8015617,76.6365217,NH3,2,3,3
India,Rajasthan,Kota,"Shrinath Puram, Kota - RSPCB","20-07-2026 15:00:00",25.14389,75.821256,SO2,8,11,9
India,Rajasthan,Kota,"Nayapura, Kota - RSPCB","20-07-2026 15:00:00",25.196024,75.855668,PM2.5,20,47,29
India,Rajasthan,Kota,"Nayapura, Kota - RSPCB","20-07-2026 15:00:00",25.196024,75.855668,PM10,56,103,74
India,Rajasthan,Kota,"Nayapura, Kota - RSPCB","20-07-2026 15:00:00",25.196024,75.855668,NO2,18,65,30
India,Rajasthan,Kota,"Nayapura, Kota - RSPCB","20-07-2026 15:00:00",25.196024,75.855668,SO2,1,9,5
India,Rajasthan,Kota,"Nayapura, Kota - RSPCB","20-07-2026 15:00:00",25.196024,75.855668,CO,17,26,21
India,Rajasthan,Kota,"Dhanmandi, Kota - RSPCB","20-07-2026 15:00:00",25.16409,75.858137,PM10,40,68,53
India,Telangana,Hyderabad,"ICRISAT Patancheru, Hyderabad - TSPCB","20-07-2026 15:00:00",17.5184,78.278777,PM10,11,43,22
India,Tripura,Agartala,"Bardowali, Agartala - Tripura SPCB","20-07-2026 15:00:00",23.8175497,91.2726974,PM10,NA,NA,NA
India,Tripura,Agartala,"Bardowali, Agartala - Tripura SPCB","20-07-2026 15:00:00",23.8175497,91.2726974,NH3,0,2,0
India,Tripura,Agartala,"Bardowali, Agartala - Tripura SPCB","20-07-2026 15:00:00",23.8175497,91.2726974,SO2,8,8,8
India,Tripura,Agartala,"Bardowali, Agartala - Tripura SPCB","20-07-2026 15:00:00",23.8175497,91.2726974,OZONE,15,19,17
India,"Uttar Pradesh",Agra,"Rohta, Agra - UPPCB","20-07-2026 15:00:00",27.106972,78.000111,OZONE,10,17,13
India,"Uttar Pradesh",Agra,"Sector-3B Avas Vikas Colony, Agra - UPPCB","20-07-2026 15:00:00",27.19412,77.96237,NO2,34,35,35
India,"Uttar Pradesh",Agra,"Sector-3B Avas Vikas Colony, Agra - UPPCB","20-07-2026 15:00:00",27.19412,77.96237,CO,6,12,10
India,"Uttar Pradesh",Agra,"Sanjay Palace, Agra - UPPCB","20-07-2026 15:00:00",27.19865833,78.00598056,PM2.5,25,188,69
India,"Uttar Pradesh",Agra,"Shastripuram, Agra - UPPCB","20-07-2026 15:00:00",27.19862,77.92066,NH3,3,3,3
India,"Uttar Pradesh",Agra,"Shastripuram, Agra - UPPCB","20-07-2026 15:00:00",27.19862,77.92066,CO,10,14,12
India,"Uttar Pradesh",Agra,"Manoharpur, Agra - UPPCB","20-07-2026 15:00:00",27.23711,78.01936,CO,20,20,20
India,"Uttar Pradesh",Bareilly,"Rajendra Nagar, Bareilly - UPPCB","20-07-2026 15:00:00",28.38910936,79.42963708,PM10,10,30,21
India,Rajasthan,Kota,"Dhanmandi, Kota - RSPCB","20-07-2026 15:00:00",25.16409,75.858137,CO,12,14,13
India,Rajasthan,Kota,"Dhanmandi, Kota - RSPCB","20-07-2026 15:00:00",25.16409,75.858137,OZONE,26,46,32
India,Rajasthan,Pali,"Indira Colony Vistar, Pali - RSPCB","20-07-2026 15:00:00",25.771061,73.340227,SO2,7,17,12
India,Rajasthan,Pali,"Indira Colony Vistar, Pali - RSPCB","20-07-2026 15:00:00",25.771061,73.340227,CO,19,61,40
India,Rajasthan,Pratapgarh,"Pragati Nagar, Pratapgarh - RSPCB","20-07-2026 15:00:00",24.041198,74.780702,PM10,40,107,64
India,Rajasthan,Pratapgarh,"Pragati Nagar, Pratapgarh - RSPCB","20-07-2026 15:00:00",24.041198,74.780702,CO,12,16,14
India,Rajasthan,Rajsamand,"Dhoinda, Rajsamand - RSPCB","20-07-2026 15:00:00",25.03636,73.883502,PM10,58,115,73
India,Rajasthan,"Sawai Madhopur","Sahu Nagar, Sawai Madhopur - RSPCB","20-07-2026 15:00:00",26.031443,76.359327,OZONE,49,92,65
India,Rajasthan,"Sri Ganganagar","Old City, Sri Ganganagar - RSPCB","20-07-2026 15:00:00",29.931624,73.864511,PM2.5,20,52,36
India,Rajasthan,"Sri Ganganagar","Old City, Sri Ganganagar - RSPCB","20-07-2026 15:00:00",29.931624,73.864511,OZONE,34,94,70
India,Rajasthan,Tonk,"Shastri Nagar, Tonk - RSPCB","20-07-2026 15:00:00",26.159933,75.780517,NH3,3,6,4
India,Rajasthan,Tonk,"Shastri Nagar, Tonk - RSPCB","20-07-2026 15:00:00",26.159933,75.780517,SO2,2,3,2
India,Rajasthan,Udaipur,"Ashok Nagar, Udaipur - RSPCB","20-07-2026 15:00:00",24.5886166,73.6321397,PM2.5,31,72,50
India,Sikkim,Gangtok,"Zero Point GICI, Gangtok - SSPCB","20-07-2026 15:00:00",27.33853,88.614099,CO,3,9,4
India,Sikkim,Gangtok,"Zero Point GICI, Gangtok - SSPCB","20-07-2026 15:00:00",27.33853,88.614099,OZONE,1,2,2
India,"Tamil Nadu",Chennai,"Arumbakkam, Chennai - TNPCB","20-07-2026 15:00:00",13.0664,80.2112,PM2.5,18,81,41
India,"Tamil Nadu",Chennai,"Manali Village, Chennai - TNPCB","20-07-2026 15:00:00",13.1662,80.2584,CO,49,55,52
India,"Tamil Nadu",Chennai,"Manali, Chennai - CPCB","20-07-2026 15:00:00",13.164544,80.26285,NO2,9,13,10
India,"Tamil Nadu",Chennai,"Royapuram, Chennai - TNPCB","20-07-2026 15:00:00",13.1036,80.2909,PM2.5,NA,NA,NA
India,"Tamil Nadu",Chennai,"Royapuram, Chennai - TNPCB","20-07-2026 15:00:00",13.1036,80.2909,PM10,NA,NA,NA
India,"Tamil Nadu",Chennai,"Perungudi, Chennai - TNPCB","20-07-2026 15:00:00",12.9533,80.2357,PM10,36,363,116
India,"Tamil Nadu",Chennai,"Kodungaiyur, Chennai - TNPCB","20-07-2026 15:00:00",13.1278,80.2642,PM10,19,135,63
India,"Tamil Nadu",Chennai,"Kodungaiyur, Chennai - TNPCB","20-07-2026 15:00:00",13.1278,80.2642,NO2,11,15,13
India,"Tamil Nadu",Chennai,"Kodungaiyur, Chennai - TNPCB","20-07-2026 15:00:00",13.1278,80.2642,SO2,4,8,6
India,Rajasthan,Baran,"Bamboliya, Baran - RSPCB","20-07-2026 15:00:00",25.106006,76.469948,NH3,2,2,2
India,Rajasthan,Barmer,"Railway Colony, Barmer - RSPCB","20-07-2026 15:00:00",25.747299,71.393989,OZONE,23,37,32
India,Rajasthan,Bhilwara,"Pratap Nagar, Bhilwara - RSPCB","20-07-2026 15:00:00",25.339605,74.618883,PM10,66,113,87
India,Rajasthan,Bhilwara,"Pratap Nagar, Bhilwara - RSPCB","20-07-2026 15:00:00",25.339605,74.618883,NO2,8,14,11
India,Rajasthan,Bhilwara,"Pratap Nagar, Bhilwara - RSPCB","20-07-2026 15:00:00",25.339605,74.618883,OZONE,25,54,43
India,Rajasthan,Bhiwadi,"RIICO Ind. Area III, Bhiwadi - RSPCB","20-07-2026 15:00:00",28.194909,76.862296,NH3,5,13,8
India,Rajasthan,Bhiwadi,"RIICO Ind. Area III, Bhiwadi - RSPCB","20-07-2026 15:00:00",28.194909,76.862296,SO2,7,10,9
India,Rajasthan,Bhiwadi,"Vasundhara Nagar_UIT, Bhiwadi - RSPCB","20-07-2026 15:00:00",28.207266,76.829265,PM2.5,36,99,61
India,Rajasthan,Bhiwadi,"Vasundhara Nagar_UIT, Bhiwadi - RSPCB","20-07-2026 15:00:00",28.207266,76.829265,NO2,7,23,13
India,Rajasthan,Bhiwadi,"Vasundhara Nagar_UIT, Bhiwadi - RSPCB","20-07-2026 15:00:00",28.207266,76.829265,CO,21,29,24
India,Rajasthan,Bikaner,"MM Ground, Bikaner - RSPCB","20-07-2026 15:00:00",28.018792,73.292658,PM2.5,12,38,22
India,Rajasthan,Bundi,"New Colony, Bundi - RSPCB","20-07-2026 15:00:00",25.435774,75.644272,NO2,21,57,36
India,Telangana,Hyderabad,"Central University, Hyderabad - TSPCB","20-07-2026 15:00:00",17.460103,78.334361,OZONE,8,10,10
India,Telangana,Hyderabad,"Ramachandrapuram, Hyderabad - TSPCB","20-07-2026 15:00:00",17.528544,78.286195,NO2,12,16,15
India,Telangana,Hyderabad,"Zoo Park, Hyderabad - TSPCB","20-07-2026 15:00:00",17.349694,78.451437,OZONE,4,4,4
India,Telangana,Hyderabad,"Sanathnagar, Hyderabad - TSPCB","20-07-2026 15:00:00",17.4559458,78.4332152,PM10,NA,NA,NA
India,Telangana,Hyderabad,"Sanathnagar, Hyderabad - TSPCB","20-07-2026 15:00:00",17.4559458,78.4332152,NO2,NA,NA,NA
India,Telangana,Hyderabad,"ECIL Kapra, Hyderabad - TSPCB","20-07-2026 15:00:00",17.470431,78.566959,PM10,50,77,61
India,Telangana,Hyderabad,"New Malakpet, Hyderabad - TSPCB","20-07-2026 15:00:00",17.37206,78.50864,PM2.5,25,28,27
India,"Uttar Pradesh",Vrindavan,"Omex Eternity, Vrindavan - UPPCB","20-07-2026 15:00:00",27.571409,77.655757,SO2,27,33,28
India,"Uttar Pradesh",Vrindavan,"Omex Eternity, Vrindavan - UPPCB","20-07-2026 15:00:00",27.571409,77.655757,CO,10,18,13
India,Uttarakhand,Dehradun,"Doon University, Dehradun - UKPCB","20-07-2026 15:00:00",30.269444,78.044167,PM10,NA,NA,NA
India,Uttarakhand,Dehradun,"Doon University, Dehradun - UKPCB","20-07-2026 15:00:00",30.269444,78.044167,SO2,NA,NA,NA
India,Uttarakhand,Kashipur,"Govt. Girls Inter College, Kashipur - UKPCB","20-07-2026 15:00:00",29.2124114,78.9611753,NH3,3,16,8
India,Uttarakhand,Rishikesh,"Shivaji Nagar, Rishikesh - UKPCB","20-07-2026 15:00:00",30.075911,78.2859547,SO2,1,1,1
India,"West Bengal",Asansol,"Mahabir Colliery, Asansol - WBPCB","20-07-2026 15:00:00",23.618183,87.105718,CO,39,62,50
India,"West Bengal",Asansol,"Mahabir Colliery, Asansol - WBPCB","20-07-2026 15:00:00",23.618183,87.105718,OZONE,8,11,10
India,"West Bengal",Asansol,"Asansol Court Area, Asansol - WBPCB","20-07-2026 15:00:00",23.685297,86.945968,SO2,10,18,13
India,"West Bengal",Asansol,"Trivenidevi Bhalotia College, Asansol - WBPCB","20-07-2026 15:00:00",23.616515,87.119133,SO2,30,33,31
India,"West Bengal",Asansol,"Trivenidevi Bhalotia College, Asansol - WBPCB","20-07-2026 15:00:00",23.616515,87.119133,CO,26,50,35
India,"West Bengal",Asansol,"Evelyn Lodge, Asansol - WBPCB","20-07-2026 15:00:00",23.697936,86.944395,NH3,5,7,6
India,"West Bengal",Barrackpore,"SVSPA Campus, Barrackpore - WBPCB","20-07-2026 15:00:00",22.7605581,88.3617589,OZONE,6,17,12
India,"Uttar Pradesh",Bareilly,"Civil Lines, Bareilly - UPPCB","20-07-2026 15:00:00",28.359581,79.414455,CO,33,39,36
India,"Uttar Pradesh",Bulandshahr,"Yamunapuram, Bulandshahr - UPPCB","20-07-2026 15:00:00",28.406963,77.849831,PM2.5,35,85,59
India,"Uttar Pradesh",Firozabad,"Nagla Bhau, Firozabad - UPPCB","20-07-2026 15:00:00",27.168897,78.37696,OZONE,6,21,10
India,"Uttar Pradesh",Firozabad,"Vibhab Nagar, Firozabad - UPPCB","20-07-2026 15:00:00",27.1594,78.3953,CO,13,38,28
India,"Uttar Pradesh",Ghaziabad,"Sanjay Nagar, Ghaziabad - UPPCB","20-07-2026 15:00:00",28.685382,77.453839,PM2.5,50,129,81
India,"Uttar Pradesh",Ghaziabad,"Sanjay Nagar, Ghaziabad - UPPCB","20-07-2026 15:00:00",28.685382,77.453839,NO2,8,27,16
India,"Uttar Pradesh",Ghaziabad,"Sanjay Nagar, Ghaziabad - UPPCB","20-07-2026 15:00:00",28.685382,77.453839,CO,25,47,35
India,"Uttar Pradesh",Ghaziabad,"Vasundhara, Ghaziabad - UPPCB","20-07-2026 15:00:00",28.6603346,77.3572563,PM2.5,70,279,124
India,"Uttar Pradesh",Ghaziabad,"Vasundhara, Ghaziabad - UPPCB","20-07-2026 15:00:00",28.6603346,77.3572563,CO,19,55,41
India,"Uttar Pradesh",Ghaziabad,"Indirapuram, Ghaziabad - UPPCB","20-07-2026 15:00:00",28.646233,77.358075,NO2,29,47,37
India,"Uttar Pradesh",Ghaziabad,"Indirapuram, Ghaziabad - UPPCB","20-07-2026 15:00:00",28.646233,77.358075,NH3,1,2,2
India,"Uttar Pradesh",Ghaziabad,"Indirapuram, Ghaziabad - UPPCB","20-07-2026 15:00:00",28.646233,77.358075,CO,37,54,47
India,"Uttar Pradesh",Ghaziabad,"Loni, Ghaziabad - UPPCB","20-07-2026 15:00:00",28.757294,77.278792,NH3,3,5,5
India,"Uttar Pradesh",Ghaziabad,"Loni, Ghaziabad - UPPCB","20-07-2026 15:00:00",28.757294,77.278792,SO2,1,16,7
India,"Uttar Pradesh",Ghaziabad,"Loni, Ghaziabad - UPPCB","20-07-2026 15:00:00",28.757294,77.278792,CO,1,12,7
India,"Uttar Pradesh",Meerut,"Ganga Nagar, Meerut - UPPCB","20-07-2026 15:00:00",28.999264,77.7590354,NH3,10,15,11
India,"Uttar Pradesh",Meerut,"Ganga Nagar, Meerut - UPPCB","20-07-2026 15:00:00",28.999264,77.7590354,OZONE,23,55,34
India,"Uttar Pradesh",Meerut,"MIET College, Meerut - UPPCB","20-07-2026 15:00:00",28.972677,77.641018,PM10,101,155,122
India,"Uttar Pradesh",Meerut,"MIET College, Meerut - UPPCB","20-07-2026 15:00:00",28.972677,77.641018,CO,37,70,57
India,"Uttar Pradesh",Meerut,"Pallavpuram Phase 2, Meerut - UPPCB","20-07-2026 15:00:00",29.06351,77.709723,NH3,8,17,13
India,"Uttar Pradesh",Meerut,"Pallavpuram Phase 2, Meerut - UPPCB","20-07-2026 15:00:00",29.06351,77.709723,SO2,8,16,12
India,"Uttar Pradesh",Meerut,"Jai Bhim Nagar, Meerut - UPPCB","20-07-2026 15:00:00",28.9535882,77.7622941,NO2,5,21,10
India,"Uttar Pradesh",Modinagar,"SRM University, Modinagar - UPPCB","20-07-2026 15:00:00",28.798171,77.540243,PM2.5,11,224,106
India,"Uttar Pradesh",Modinagar,"SRM University, Modinagar - UPPCB","20-07-2026 15:00:00",28.798171,77.540243,NH3,3,3,3
India,"Uttar Pradesh",Moradabad,"Jigar Colony, Moradabad - UPPCB","20-07-2026 15:00:00",28.856664,78.772638,PM2.5,9,59,30
India,"Uttar Pradesh",Moradabad,"Jigar Colony, Moradabad - UPPCB","20-07-2026 15:00:00",28.856664,78.772638,NH3,6,6,6
India,"Uttar Pradesh",Moradabad,"Jigar Colony, Moradabad - UPPCB","20-07-2026 15:00:00",28.856664,78.772638,SO2,28,42,38
India,"Uttar Pradesh",Moradabad,"Eco Herbal Park, Moradabad - UPPCB","20-07-2026 15:00:00",28.840739,78.697531,OZONE,18,46,32
India,"Uttar Pradesh",Moradabad,"Employment Office, Moradabad - UPPCB","20-07-2026 15:00:00",28.88528,78.7388,NO2,23,24,23
India,"Uttar Pradesh",Ghaziabad,"Govindpuram, Ghaziabad - UPPCB","20-07-2026 15:00:00",28.694528,77.494705,OZONE,5,17,11
India,"Uttar Pradesh",Gorakhpur,"Madan Mohan Malaviya University of Technology, Gorakhpur - UPPCB","20-07-2026 15:00:00",26.730136,83.433859,NH3,NA,NA,NA
India,"Uttar Pradesh",Gorakhpur,"Madan Mohan Malaviya University of Technology, Gorakhpur - UPPCB","20-07-2026 15:00:00",26.730136,83.433859,OZONE,32,79,52
India,"Uttar Pradesh","Greater Noida","Knowledge Park - V, Greater Noida - UPPCB","20-07-2026 15:00:00",28.557054,77.453663,CO,14,19,16
India,"Uttar Pradesh","Greater Noida","Knowledge Park - III, Greater Noida - UPPCB","20-07-2026 15:00:00",28.47272,77.482,NO2,11,21,17
India,"Uttar Pradesh","Greater Noida","Knowledge Park - III, Greater Noida - UPPCB","20-07-2026 15:00:00",28.47272,77.482,CO,28,31,29
India,"Uttar Pradesh","Greater Noida","Knowledge Park - III, Greater Noida - UPPCB","20-07-2026 15:00:00",28.47272,77.482,OZONE,3,15,8
India,"Uttar Pradesh",Hapur,"Anand Vihar, Hapur - UPPCB","20-07-2026 15:00:00",28.725645,77.749675,PM10,56,126,78
India,"Uttar Pradesh",Hapur,"Anand Vihar, Hapur - UPPCB","20-07-2026 15:00:00",28.725645,77.749675,NH3,1,1,1
India,"Uttar Pradesh",Jhansi,"Shivaji Nagar, Jhansi - UPPCB","20-07-2026 15:00:00",25.4547,78.6039,PM2.5,NA,NA,NA
India,"Uttar Pradesh",Jhansi,"Shivaji Nagar, Jhansi - UPPCB","20-07-2026 15:00:00",25.4547,78.6039,CO,6,11,8
India,"Uttar Pradesh",Kanpur,"FTI Kidwai Nagar, Kanpur - UPPCB","20-07-2026 15:00:00",26.428282,80.327067,NO2,26,27,27
India,"Uttar Pradesh",Kanpur,"NSI Kalyanpur, Kanpur - UPPCB","20-07-2026 15:00:00",26.509954,80.249612,PM2.5,16,39,29
India,"West Bengal",Howrah,"Ghusuri, Howrah - WBPCB","20-07-2026 15:00:00",22.611968,88.347422,SO2,5,9,8
India,"West Bengal",Howrah,"Ghusuri, Howrah - WBPCB","20-07-2026 15:00:00",22.611968,88.347422,CO,20,26,23
India,"West Bengal",Howrah,"Ghusuri, Howrah - WBPCB","20-07-2026 15:00:00",22.611968,88.347422,OZONE,18,23,20
India,"West Bengal",Kolkata,"Bidhannagar, Kolkata - WBPCB","20-07-2026 15:00:00",22.58157048,88.41002457,PM2.5,23,68,42
India,"West Bengal",Kolkata,"Bidhannagar, Kolkata - WBPCB","20-07-2026 15:00:00",22.58157048,88.41002457,SO2,5,12,9
India,"West Bengal",Kolkata,"Rabindra Bharati University, Kolkata - WBPCB","20-07-2026 15:00:00",22.627847,88.380669,PM2.5,12,40,27
India,"West Bengal",Kolkata,"Rabindra Bharati University, Kolkata - WBPCB","20-07-2026 15:00:00",22.627847,88.380669,OZONE,19,38,27
India,"West Bengal",Kolkata,"Jadavpur, Kolkata - WBPCB","20-07-2026 15:00:00",22.49929,88.36917,PM10,39,87,59
India,"West Bengal",Kolkata,"Fort William, Kolkata - WBPCB","20-07-2026 15:00:00",22.55664,88.342674,NH3,9,10,9
India,"West Bengal",Kolkata,"Fort William, Kolkata - WBPCB","20-07-2026 15:00:00",22.55664,88.342674,SO2,5,6,5
India,"West Bengal",Kolkata,"Ballygunge, Kolkata - WBPCB","20-07-2026 15:00:00",22.5367507,88.3638022,PM2.5,31,47,38
India,"West Bengal",Kolkata,"Ballygunge, Kolkata - WBPCB","20-07-2026 15:00:00",22.5367507,88.3638022,NO2,12,22,15
India,"West Bengal",Siliguri,"Ward-32 Bapupara, Siliguri - WBPCB","20-07-2026 15:00:00",26.6879226,88.4152495,PM10,18,33,24
India,"Uttar Pradesh",Prayagraj,"Jhunsi, Prayagraj - UPPCB","20-07-2026 15:00:00",25.425602,81.917152,CO,8,18,13
India,"Uttar Pradesh",Prayagraj,"Motilal Nehru NIT, Prayagraj - UPPCB","20-07-2026 15:00:00",25.494,81.863,PM2.5,9,24,16
India,"Uttar Pradesh",Prayagraj,"Motilal Nehru NIT, Prayagraj - UPPCB","20-07-2026 15:00:00",25.494,81.863,SO2,5,80,35
India,"Uttar Pradesh",Prayagraj,"Nagar Nigam, Prayagraj - UPPCB","20-07-2026 15:00:00",25.44919916,81.82735986,PM10,6,17,12
India,"Uttar Pradesh",Raebareli,"Anand Nagar, Raebareli - UPPCB","20-07-2026 15:00:00",26.219512,81.237648,SO2,14,14,14
India,"Uttar Pradesh",Raebareli," Indira Nagar, Raebareli - NTPC Unchahar","20-07-2026 15:00:00",26.207781,81.245571,PM2.5,NA,NA,NA
India,"Uttar Pradesh",Varanasi,"Maldahiya, Varanasi - UPPCB","20-07-2026 15:00:00",25.32393,82.99687,NO2,1,4,3
India,"Uttar Pradesh",Varanasi,"Bhelupur, Varanasi - UPPCB","20-07-2026 15:00:00",25.301778,82.996789,NO2,8,8,8
India,"Uttar Pradesh",Varanasi,"Bhelupur, Varanasi - UPPCB","20-07-2026 15:00:00",25.301778,82.996789,NH3,1,1,1
India,"Uttar Pradesh",Varanasi,"Bhelupur, Varanasi - UPPCB","20-07-2026 15:00:00",25.301778,82.996789,SO2,26,38,29
India,"Uttar Pradesh",Varanasi,"Ardhali Bazar, Varanasi - UPPCB","20-07-2026 15:00:00",25.3505986,82.9083074,OZONE,12,28,21
India,"Uttar Pradesh",Kanpur,"NSI Kalyanpur, Kanpur - UPPCB","20-07-2026 15:00:00",26.509954,80.249612,OZONE,20,23,21
India,"Uttar Pradesh",Khurja,"Kalindi Kunj, Khurja - UPPCB","20-07-2026 15:00:00",28.2348927,77.8683002,NO2,12,13,13
India,"Uttar Pradesh",Lucknow,"Kendriya Vidyalaya, Lucknow - CPCB","20-07-2026 15:00:00",26.906111,80.948222,NO2,21,35,25
India,"Uttar Pradesh",Lucknow,"Kendriya Vidyalaya, Lucknow - CPCB","20-07-2026 15:00:00",26.906111,80.948222,NH3,8,18,14
India,"Uttar Pradesh",Lucknow,"Talkatora District Industries Center, Lucknow - CPCB","20-07-2026 15:00:00",26.83399722,80.8917361,CO,29,50,38
India,"Uttar Pradesh",Lucknow,"Lalbagh, Lucknow - CPCB","20-07-2026 15:00:00",26.8458805,80.9365541,PM2.5,17,65,41
India,"Uttar Pradesh",Lucknow,"Kukrail Picnic Spot-1, Lucknow - UPPCB","20-07-2026 15:00:00",26.90723,80.98579,NO2,27,32,31
India,"Uttar Pradesh",Lucknow,"B R Ambedkar University, Lucknow - UPPCB","20-07-2026 15:00:00",26.766433,80.927299,NO2,12,12,12
India,"Uttar Pradesh",Mathura,"Pali Dungra, Mathura - UPPCB","20-07-2026 15:00:00",27.410954,77.550619,NH3,1,1,1
India,"Uttar Pradesh",Moradabad,"Buddhi Vihar, Moradabad - UPPCB","20-07-2026 15:00:00",28.83526,78.7446,NH3,5,5,5
India,"Uttar Pradesh",Moradabad,"Buddhi Vihar, Moradabad - UPPCB","20-07-2026 15:00:00",28.83526,78.7446,SO2,24,25,25
India,"Uttar Pradesh",Moradabad,"Buddhi Vihar, Moradabad - UPPCB","20-07-2026 15:00:00",28.83526,78.7446,OZONE,27,30,28
India,"Uttar Pradesh",Moradabad,"Kashiram Nagar, Moradabad - UPPCB","20-07-2026 15:00:00",28.849399,78.742362,NH3,4,4,4
India,"Uttar Pradesh",Moradabad,"Kashiram Nagar, Moradabad - UPPCB","20-07-2026 15:00:00",28.849399,78.742362,SO2,28,99,84
India,"Uttar Pradesh",Moradabad,"Kashiram Nagar, Moradabad - UPPCB","20-07-2026 15:00:00",28.849399,78.742362,CO,27,31,29
India,"Uttar Pradesh",Muzaffarnagar,"New Mandi, Muzaffarnagar - UPPCB","20-07-2026 15:00:00",29.4723508,77.7194031,PM2.5,26,130,70
India,"Uttar Pradesh",Muzaffarnagar,"New Mandi, Muzaffarnagar - UPPCB","20-07-2026 15:00:00",29.4723508,77.7194031,PM10,33,124,80
India,"Uttar Pradesh",Noida,"Sector-116, Noida - UPPCB","20-07-2026 15:00:00",28.56923,77.393848,SO2,10,14,12
India,"Uttar Pradesh",Noida,"Sector - 125, Noida - UPPCB","20-07-2026 15:00:00",28.5447608,77.3231257,PM10,104,204,138
India,"West Bengal",Durgapur,"PCBL Residential Complex, Durgapur - WBPCB","20-07-2026 15:00:00",23.508764,87.35444,PM2.5,27,47,39
India,"West Bengal",Durgapur,"PCBL Residential Complex, Durgapur - WBPCB","20-07-2026 15:00:00",23.508764,87.35444,PM10,27,73,51
India,"West Bengal",Durgapur,"PCBL Residential Complex, Durgapur - WBPCB","20-07-2026 15:00:00",23.508764,87.35444,NO2,66,71,69
India,"West Bengal",Durgapur,"PCBL Residential Complex, Durgapur - WBPCB","20-07-2026 15:00:00",23.508764,87.35444,OZONE,3,3,3
India,"West Bengal",Howrah,"Dasnagar, Howrah - WBPCB","20-07-2026 15:00:00",22.6025571,88.3105664,PM10,7,77,48
India,"West Bengal",Howrah,"Dasnagar, Howrah - WBPCB","20-07-2026 15:00:00",22.6025571,88.3105664,CO,44,103,61
India,"West Bengal",Howrah,"Padmapukur, Howrah - WBPCB","20-07-2026 15:00:00",22.5687319,88.2797276,NO2,15,52,30
India,"West Bengal",Howrah,"Padmapukur, Howrah - WBPCB","20-07-2026 15:00:00",22.5687319,88.2797276,SO2,3,14,7
India,"West Bengal",Howrah,"Ghusuri, Howrah - WBPCB","20-07-2026 15:00:00",22.611968,88.347422,NO2,43,57,49
India,Bihar,Begusarai,"Lohiyanagar, Begusarai - BSPCB","20-07-2026 15:00:00",25.42742023,86.13886079,PM2.5,NA,NA,NA
India,Bihar,Begusarai,"Lohiyanagar, Begusarai - BSPCB","20-07-2026 15:00:00",25.42742023,86.13886079,NH3,15,16,16
India,Bihar,Begusarai,"Lohiyanagar, Begusarai - BSPCB","20-07-2026 15:00:00",25.42742023,86.13886079,SO2,9,18,14
India,Bihar,Bettiah,"Kamalnath Nagar, Bettiah - BSPCB","20-07-2026 15:00:00",26.80365,84.51954,CO,25,46,40
India,Bihar,Bhagalpur,"Mayaganj, Bhagalpur - BSPCB","20-07-2026 15:00:00",25.265194,87.012947,CO,1,23,8
India,Bihar,Bhagalpur,"DM Office_Kachari Chowk, Bhagalpur - BSPCB","20-07-2026 15:00:00",25.251013,86.989001,NH3,4,4,4
India,Bihar,Bhagalpur,"DM Office_Kachari Chowk, Bhagalpur - BSPCB","20-07-2026 15:00:00",25.251013,86.989001,OZONE,17,22,19
India,Bihar,"Bihar Sharif","D M Colony, Bihar Sharif - BSPCB","20-07-2026 15:00:00",25.204762,85.51496,SO2,NA,NA,NA
India,Bihar,Chhapra,"Darshan Nagar, Chhapra - BSPCB","20-07-2026 15:00:00",25.7808257,84.7446768,PM2.5,73,73,73
India,Bihar,Gaya,"Collectorate, Gaya - BSPCB","20-07-2026 15:00:00",24.7955,84.9994,PM10,NA,NA,NA
India,Bihar,Gaya,"Collectorate, Gaya - BSPCB","20-07-2026 15:00:00",24.7955,84.9994,NO2,NA,NA,NA
India,Bihar,Gaya,"SFTI Kusdihra, Gaya - BSPCB","20-07-2026 15:00:00",24.762518,84.982348,PM10,19,43,27
India,Bihar,Sasaram,"Dada Peer, Sasaram - BSPCB","20-07-2026 15:00:00",24.952822,84.002396,NO2,2,14,3
India,Bihar,Sasaram,"Dada Peer, Sasaram - BSPCB","20-07-2026 15:00:00",24.952822,84.002396,CO,45,65,53
India,Chandigarh,Chandigarh,"Sector-25, Chandigarh - CPCC","20-07-2026 15:00:00",30.751462,76.762879,SO2,5,10,7
India,Chandigarh,Chandigarh,"Sector-25, Chandigarh - CPCC","20-07-2026 15:00:00",30.751462,76.762879,OZONE,9,26,17
India,Chandigarh,Chandigarh,"Sector-53, Chandigarh - CPCC","20-07-2026 15:00:00",30.719859,76.738637,OZONE,9,13,11
India,Chhattisgarh,Bhilai,"Hathkhoj, Bhilai - CECB","20-07-2026 15:00:00",21.224231,81.40835,PM2.5,10,37,19
India,Chhattisgarh,Bhilai,"32Bungalows, Bhilai - CECB","20-07-2026 15:00:00",21.194815,81.31477,PM2.5,12,28,18
India,Chhattisgarh,Bhilai,"Civic Center, Bhilai - Bhilai Steel Plant","20-07-2026 15:00:00",21.185571,81.343175,NH3,1,2,1
India,Chhattisgarh,Bilaspur,"Mangala, Bilaspur - NTPC","20-07-2026 15:00:00",22.08815,82.13737,SO2,0,14,13
India,Chhattisgarh,Bilaspur,"Mangala, Bilaspur - NTPC","20-07-2026 15:00:00",22.08815,82.13737,OZONE,NA,NA,NA
India,Assam,Guwahati,"LGBI Airport, Guwahati - PCBA","20-07-2026 15:00:00",26.10887,91.589544,NH3,3,4,4
India,Assam,Guwahati,"LGBI Airport, Guwahati - PCBA","20-07-2026 15:00:00",26.10887,91.589544,OZONE,34,37,35
India,Assam,Nagaon,"Christianpatty, Nagaon - PCBA","20-07-2026 15:00:00",26.349082,92.68449,NO2,1,1,1
India,Assam,Nagaon,"Christianpatty, Nagaon - PCBA","20-07-2026 15:00:00",26.349082,92.68449,SO2,6,14,11
India,Assam,Nagaon,"Christianpatty, Nagaon - PCBA","20-07-2026 15:00:00",26.349082,92.68449,OZONE,5,11,9
India,Assam,Silchar,"Tarapur, Silchar - PCBA","20-07-2026 15:00:00",24.82827,92.79525,PM2.5,29,34,31
India,Assam,Sivasagar,"Girls College, Sivasagar - PCBA","20-07-2026 15:00:00",26.987634,94.636574,PM10,20,21,20
India,Assam,Sivasagar,"Girls College, Sivasagar - PCBA","20-07-2026 15:00:00",26.987634,94.636574,SO2,1,8,7
India,Bihar,Araria,"Kharahiya Basti, Araria - BSPCB","20-07-2026 15:00:00",26.146529,87.454184,NO2,10,19,14
India,Bihar,Arrah,"New DM Office, Arrah - BSPCB","20-07-2026 15:00:00",25.5626095,84.663264,PM2.5,NA,NA,NA
India,"Andhra Pradesh",Machilipatnam,"Srinivas Nagar Colony, Machilipatnam - APPCB","20-07-2026 15:00:00",16.186555,81.13219,CO,9,20,15
India,"Andhra Pradesh",Nellore,"Ambedkar Nagar, Nellore - APPCB ","20-07-2026 15:00:00",14.438164,79.966814,PM10,44,68,54
India,"Andhra Pradesh",Rajamahendravaram,"Anand Kala Kshetram, Rajamahendravaram - APPCB","20-07-2026 15:00:00",16.9872867,81.7363176,PM10,NA,NA,NA
India,"Andhra Pradesh",Tirumala,"Toll Gate, Tirumala - APPCB","20-07-2026 15:00:00",13.67,79.35,PM2.5,5,102,28
India,"Andhra Pradesh",Vijayawada,"Rajiv Gandhi Park, Vijayawada - APPCB","20-07-2026 15:00:00",16.509717,80.612222,NO2,25,30,27
India,"Andhra Pradesh",Vijayawada,"Rajiv Nagar, Vijayawada - APPCB","20-07-2026 15:00:00",16.554731,80.64911,PM10,48,79,54
India,"Andhra Pradesh",Vijayawada,"Kanuru, Vijayawada - APPCB","20-07-2026 15:00:00",16.486692,80.699436,PM2.5,68,82,70
India,"Andhra Pradesh",Vijayawada,"Kanuru, Vijayawada - APPCB","20-07-2026 15:00:00",16.486692,80.699436,PM10,59,79,62
India,Bihar,Gaya,"SFTI Kusdihra, Gaya - BSPCB","20-07-2026 15:00:00",24.762518,84.982348,CO,7,40,18
India,Bihar,Gaya,"Kareemganj, Gaya - BSPCB","20-07-2026 15:00:00",24.792403,84.992416,PM10,NA,NA,NA
India,Bihar,Hajipur,"Industrial Area, Hajipur - BSPCB","20-07-2026 15:00:00",25.697189,85.2459,PM2.5,12,69,42
India,Bihar,Katihar,"Mirchaibari, Katihar - BSPCB","20-07-2026 15:00:00",25.560083,87.553265,NO2,2,2,2
India,Bihar,Katihar,"Mirchaibari, Katihar - BSPCB","20-07-2026 15:00:00",25.560083,87.553265,SO2,18,26,21
India,Bihar,Katihar,"Mirchaibari, Katihar - BSPCB","20-07-2026 15:00:00",25.560083,87.553265,CO,72,90,82
India,Bihar,Kishanganj,"SDM Office_Khagra, Kishanganj - BSPCB","20-07-2026 15:00:00",26.0881305,87.93840336,PM10,21,65,30
India,Bihar,Kishanganj,"SDM Office_Khagra, Kishanganj - BSPCB","20-07-2026 15:00:00",26.0881305,87.93840336,SO2,8,13,10
India,Bihar,Manguraha,"Forest Rest House, Manguraha - BSPCB","20-07-2026 15:00:00",27.308328,84.531742,PM10,NA,NA,NA
India,Bihar,Patna,"Samanpura, Patna - BSPCB","20-07-2026 15:00:00",25.596727,85.085624,SO2,4,8,6
India,Bihar,Purnia,"Mariam Nagar, Purnia - BSPCB","20-07-2026 15:00:00",25.366336,87.117468,CO,56,59,57
India,Bihar,Purnia,"Mariam Nagar, Purnia - BSPCB","20-07-2026 15:00:00",25.366336,87.117468,OZONE,14,63,28
India,Bihar,Rajgir,"Dangi Tola, Rajgir - BSPCB","20-07-2026 15:00:00",25.0328,85.41948,NH3,3,3,3
India,Bihar,Saharsa,"Police Line, Saharsa - BSPCB","20-07-2026 15:00:00",25.892357,86.590325,NO2,5,9,7
India,Bihar,Saharsa,"Police Line, Saharsa - BSPCB","20-07-2026 15:00:00",25.892357,86.590325,SO2,15,19,17
India,Bihar,Saharsa,"Police Line, Saharsa - BSPCB","20-07-2026 15:00:00",25.892357,86.590325,CO,39,43,41
India,Bihar,Samastipur,"DM Office_Kasipur, Samastipur - BSPCB","20-07-2026 15:00:00",25.859655,85.77944,PM10,NA,NA,NA
India,Bihar,Samastipur,"DM Office_Kasipur, Samastipur - BSPCB","20-07-2026 15:00:00",25.859655,85.77944,SO2,11,15,13
India,"Andhra Pradesh",Visakhapatnam,"GVM Corporation, Visakhapatnam - APPCB","20-07-2026 15:00:00",17.72,83.3,PM2.5,34,78,51
India,"Andhra Pradesh",Visakhapatnam,"GVM Corporation, Visakhapatnam - APPCB","20-07-2026 15:00:00",17.72,83.3,NH3,3,4,3
India,"Andhra Pradesh",Visakhapatnam,"GVM Corporation, Visakhapatnam - APPCB","20-07-2026 15:00:00",17.72,83.3,CO,5,24,13
India,"Arunachal Pradesh",Naharlagun,"Naharlagun, Naharlagun - APSPCB","20-07-2026 15:00:00",27.103358,93.679645,PM2.5,1,26,9
India,Assam,Byrnihat,"Central Academy for SFS, Byrnihat - PCBA","20-07-2026 15:00:00",26.071318,91.87488,PM10,58,99,70
India,Assam,Byrnihat,"Central Academy for SFS, Byrnihat - PCBA","20-07-2026 15:00:00",26.071318,91.87488,NH3,3,4,4
India,Assam,Guwahati,"IITG, Guwahati - PCBA","20-07-2026 15:00:00",26.2028636,91.70046436,NO2,1,3,1
India,Assam,Guwahati,"Railway Colony, Guwahati - PCBA","20-07-2026 15:00:00",26.181742,91.78063,NO2,3,4,3
India,Bihar,Muzaffarpur,"Muzaffarpur Collectorate, Muzaffarpur - BSPCB","20-07-2026 15:00:00",26.1209,85.3647,NH3,NA,NA,NA
India,Bihar,Muzaffarpur,"MIT-Daudpur Kothi, Muzaffarpur - BSPCB","20-07-2026 15:00:00",26.1403345,85.3650192,CO,20,27,24
India,Bihar,Patna,"Govt. High School Shikarpur, Patna - BSPCB","20-07-2026 15:00:00",25.592539,85.227158,PM10,25,67,47
India,Bihar,Patna,"Govt. High School Shikarpur, Patna - BSPCB","20-07-2026 15:00:00",25.592539,85.227158,SO2,12,13,13
India,Bihar,Patna,"Rajbansi Nagar, Patna - BSPCB","20-07-2026 15:00:00",25.599486,85.113666,PM2.5,18,53,28
India,Bihar,Patna,"Rajbansi Nagar, Patna - BSPCB","20-07-2026 15:00:00",25.599486,85.113666,NO2,27,33,31
India,Bihar,Patna,"Rajbansi Nagar, Patna - BSPCB","20-07-2026 15:00:00",25.599486,85.113666,OZONE,22,31,29
India,Bihar,Patna,"Muradpur, Patna - BSPCB","20-07-2026 15:00:00",25.619651,85.147382,PM2.5,20,86,66
India,Bihar,Patna,"Muradpur, Patna - BSPCB","20-07-2026 15:00:00",25.619651,85.147382,OZONE,11,87,49
India,"Andhra Pradesh",Chittoor,"Gangineni Cheruvu, Chittoor - APPCB","20-07-2026 15:00:00",13.20488,79.097889,NO2,30,36,32
India,"Andhra Pradesh",Chittoor,"Gangineni Cheruvu, Chittoor - APPCB","20-07-2026 15:00:00",13.20488,79.097889,NH3,6,8,7
India,"Andhra Pradesh",Eluru,"District Court, Eluru - APPCB","20-07-2026 15:00:00",16.711754,81.092095,CO,10,33,22
India,"Andhra Pradesh",Kadapa,"Yerramukkapalli, Kadapa - APPCB","20-07-2026 15:00:00",14.465052,78.824187,NH3,16,22,17
India,"Andhra Pradesh",Kadapa,"Yerramukkapalli, Kadapa - APPCB","20-07-2026 15:00:00",14.465052,78.824187,OZONE,37,50,42
India,"Andhra Pradesh",Kurnool,"Sita Rama Nagar, Kurnool - APPCB","20-07-2026 15:00:00",15.83411,78.028546,NO2,25,31,27
India,"Andhra Pradesh",Kurnool,"Sita Rama Nagar, Kurnool - APPCB","20-07-2026 15:00:00",15.83411,78.028546,OZONE,12,20,16
India,"Andhra Pradesh",Amaravati,"Secretariat, Amaravati - APPCB","20-07-2026 15:00:00",16.5150833,80.5181667,PM2.5,18,27,27
India,"Andhra Pradesh",Amaravati,"Secretariat, Amaravati - APPCB","20-07-2026 15:00:00",16.5150833,80.5181667,OZONE,19,38,29
India,"Andhra Pradesh",Anantapur,"Gulzarpet, Anantapur - APPCB","20-07-2026 15:00:00",14.675886,77.593027,PM2.5,58,329,93
India,Delhi,Delhi,"Commonwealth Sports Complex, Delhi - DPCC","20-07-2026 15:00:00",28.615828,77.271992,PM2.5,59,133,90
India,Delhi,Delhi,"Commonwealth Sports Complex, Delhi - DPCC","20-07-2026 15:00:00",28.615828,77.271992,SO2,4,8,5
India,Delhi,Delhi,"ITO, Delhi - CPCB","20-07-2026 15:00:00",28.628624,77.24106,NO2,32,105,59
India,Delhi,Delhi,"ITO, Delhi - CPCB","20-07-2026 15:00:00",28.628624,77.24106,SO2,3,32,22
India,Delhi,Delhi,"R K Puram, Delhi - DPCC","20-07-2026 15:00:00",28.563262,77.186937,PM2.5,15,127,76
India,Delhi,Delhi,"R K Puram, Delhi - DPCC","20-07-2026 15:00:00",28.563262,77.186937,CO,22,54,40
India,Delhi,Delhi,"R K Puram, Delhi - DPCC","20-07-2026 15:00:00",28.563262,77.186937,OZONE,2,16,8
India,Delhi,Delhi,"Sirifort, Delhi - CPCB","20-07-2026 15:00:00",28.5504249,77.2159377,OZONE,12,35,17
India,Delhi,Delhi,"IIT Delhi, Delhi - IITM","20-07-2026 15:00:00",28.54246,77.191651,CO,32,40,36
India,Delhi,Delhi,"DTU, Delhi - CPCB","20-07-2026 15:00:00",28.7500499,77.1112615,NO2,12,38,21
India,Delhi,Delhi,"DTU, Delhi - CPCB","20-07-2026 15:00:00",28.7500499,77.1112615,NH3,3,11,8
India,Delhi,Delhi,"DTU, Delhi - CPCB","20-07-2026 15:00:00",28.7500499,77.1112615,OZONE,26,29,27
India,Delhi,Delhi,"NSIT Dwarka, Delhi - CPCB","20-07-2026 15:00:00",28.60909,77.0325413,PM2.5,85,169,121
India,Delhi,Delhi,"NSIT Dwarka, Delhi - CPCB","20-07-2026 15:00:00",28.60909,77.0325413,CO,39,62,53
India,Delhi,Delhi,"NSIT Dwarka, Delhi - CPCB","20-07-2026 15:00:00",28.60909,77.0325413,OZONE,68,153,89
India,Delhi,Delhi,"Pusa, Delhi - IITM","20-07-2026 15:00:00",28.63611,77.173332,NH3,NA,NA,NA
India,Delhi,Delhi,"Pusa, Delhi - IITM","20-07-2026 15:00:00",28.63611,77.173332,SO2,NA,NA,NA
India,Delhi,Delhi,"Pusa, Delhi - IITM","20-07-2026 15:00:00",28.63611,77.173332,CO,38,50,44
India,Gujarat,Ahmedabad,"Raikhad, Ahmedabad - IITM","20-07-2026 15:00:00",23.020509,72.579261,OZONE,5,5,5
India,Gujarat,Ahmedabad,"Rakhial, Ahmedabad - IITM","20-07-2026 15:00:00",23.016834,72.625775,PM10,37,81,56
India,Gujarat,Ahmedabad,"Rakhial, Ahmedabad - IITM","20-07-2026 15:00:00",23.016834,72.625775,NH3,3,4,4
India,Gujarat,Ankleshwar,"GIDC, Ankleshwar - GPCB","20-07-2026 15:00:00",21.613267,73.010555,PM2.5,24,82,43
India,Gujarat,Ankleshwar,"GIDC, Ankleshwar - GPCB","20-07-2026 15:00:00",21.613267,73.010555,SO2,16,20,19
India,Gujarat,Ankleshwar,"GIDC, Ankleshwar - GPCB","20-07-2026 15:00:00",21.613267,73.010555,OZONE,8,12,9
India,Gujarat,Bhavnagar,"Vidhyanagar, Bhavnagar - Nexteng Enviro","20-07-2026 15:00:00",21.755417,72.139056,PM10,29,59,44
India,Gujarat,Gandhinagar,"Sector-10, Gandhinagar - GPCB","20-07-2026 15:00:00",23.221714,72.654328,PM10,22,78,42
India,Gujarat,Gandhinagar,"IIPHG Lekawada, Gandhinagar - IITM","20-07-2026 15:00:00",23.243639,72.68994,PM10,41,118,73
India,Gujarat,Gandhinagar,"IIPHG Lekawada, Gandhinagar - IITM","20-07-2026 15:00:00",23.243639,72.68994,CO,29,37,33
India,Gujarat,Mehsana,"Sadanand Nagar, Mehsana - Nexteng Enviro","20-07-2026 15:00:00",23.59315,72.372792,PM2.5,13,65,31
India,Gujarat,Mehsana,"Sadanand Nagar, Mehsana - Nexteng Enviro","20-07-2026 15:00:00",23.59315,72.372792,PM10,38,114,72
India,Gujarat,Mehsana,"Sadanand Nagar, Mehsana - Nexteng Enviro","20-07-2026 15:00:00",23.59315,72.372792,NH3,0,1,1
India,Gujarat,Mehsana,"Sadanand Nagar, Mehsana - Nexteng Enviro","20-07-2026 15:00:00",23.59315,72.372792,OZONE,9,14,11
India,Chhattisgarh,Korba,"Rampur, Korba - CECB","20-07-2026 15:00:00",22.368195,82.746431,NO2,5,44,15
India,Chhattisgarh,Korba,"Rampur, Korba - CECB","20-07-2026 15:00:00",22.368195,82.746431,CO,12,25,16
India,Chhattisgarh,Korba,"Rampur, Korba - CECB","20-07-2026 15:00:00",22.368195,82.746431,OZONE,5,5,5
India,Chhattisgarh,Korba,"Urja Nagar, Korba - CECB","20-07-2026 15:00:00",22.348441,82.549611,NO2,5,8,6
India,Chhattisgarh,Kunjemura,"OP Jindal School, Kunjemura - CECB","20-07-2026 15:00:00",22.12665,83.483212,PM2.5,3,13,7
India,Chhattisgarh,Raipur,"AIIMS, Raipur - CECB","20-07-2026 15:00:00",21.258815,81.578979,NH3,4,4,4
India,Chhattisgarh,Raipur,"Siltara Phase-II, Raipur - CECB","20-07-2026 15:00:00",21.371751,81.664929,CO,19,23,20
India,Chhattisgarh,Raipur,"Bhatagaon New ISBT, Raipur - CECB","20-07-2026 15:00:00",21.219665,81.630094,NH3,2,2,2
India,Chhattisgarh,Raipur,"Bhatagaon New ISBT, Raipur - CECB","20-07-2026 15:00:00",21.219665,81.630094,OZONE,1,3,2
India,Chhattisgarh,Raipur,"Krishak Nagar, Raipur - CECB","20-07-2026 15:00:00",21.237755,81.705301,SO2,3,8,6
India,Chhattisgarh,Raipur,"Krishak Nagar, Raipur - CECB","20-07-2026 15:00:00",21.237755,81.705301,OZONE,1,3,2
India,Chhattisgarh,Tumidih,"OP Jindal Industrial Park, Tumidih - CECB","20-07-2026 15:00:00",22.06631475,83.33820077,PM10,18,112,57
India,Chhattisgarh,Tumidih,"OP Jindal Industrial Park, Tumidih - CECB","20-07-2026 15:00:00",22.06631475,83.33820077,NO2,2,10,6
India,Delhi,Delhi,"Cantonment Area, Delhi - DPCC","20-07-2026 15:00:00",28.594169,77.1251,PM2.5,21,44,36
India,Delhi,Delhi,"Cantonment Area, Delhi - DPCC","20-07-2026 15:00:00",28.594169,77.1251,OZONE,5,16,9
India,Delhi,Delhi,"Vivek Vihar, Delhi - DPCC","20-07-2026 15:00:00",28.672342,77.31526,NO2,28,49,38
India,Delhi,Delhi,"Vivek Vihar, Delhi - DPCC","20-07-2026 15:00:00",28.672342,77.31526,SO2,9,11,10
India,Delhi,Delhi,"Alipur, Delhi - DPCC","20-07-2026 15:00:00",28.815329,77.15301,NO2,30,60,46
India,Delhi,Delhi,"Alipur, Delhi - DPCC","20-07-2026 15:00:00",28.815329,77.15301,SO2,6,8,7
India,Delhi,Delhi,"Alipur, Delhi - DPCC","20-07-2026 15:00:00",28.815329,77.15301,OZONE,2,9,6
India,Delhi,Delhi,"Rohini, Delhi - DPCC","20-07-2026 15:00:00",28.732528,77.11992,NO2,8,56,30
India,Delhi,Delhi,"Rohini, Delhi - DPCC","20-07-2026 15:00:00",28.732528,77.11992,SO2,6,10,8
India,Delhi,Delhi,"Pusa, Delhi - DPCC","20-07-2026 15:00:00",28.639652,77.146275,PM2.5,55,123,79
India,Delhi,Delhi,"Pusa, Delhi - DPCC","20-07-2026 15:00:00",28.639652,77.146275,SO2,3,11,7
India,Delhi,Delhi,"Mandir Marg, Delhi - DPCC","20-07-2026 15:00:00",28.636429,77.201067,PM2.5,5,140,58
India,Delhi,Delhi,"Mandir Marg, Delhi - DPCC","20-07-2026 15:00:00",28.636429,77.201067,NO2,31,64,48
India,Delhi,Delhi,"Aya Nagar, Delhi - IITM","20-07-2026 15:00:00",28.4706914,77.1099364,PM10,85,159,119
India,Delhi,Delhi,"Ashok Vihar, Delhi - DPCC","20-07-2026 15:00:00",28.695381,77.181665,PM2.5,68,143,89
India,Delhi,Delhi,"Anand Vihar, Delhi - DPCC","20-07-2026 15:00:00",28.647622,77.315809,PM2.5,88,243,158
India,Delhi,Delhi,"Anand Vihar, Delhi - DPCC","20-07-2026 15:00:00",28.647622,77.315809,NH3,9,15,11
India,Delhi,Delhi,"Anand Vihar, Delhi - DPCC","20-07-2026 15:00:00",28.647622,77.315809,SO2,5,19,13
India,Delhi,Delhi,"Anand Vihar, Delhi - DPCC","20-07-2026 15:00:00",28.647622,77.315809,CO,52,62,59
India,Delhi,Delhi,"Anand Vihar, Delhi - DPCC","20-07-2026 15:00:00",28.647622,77.315809,OZONE,2,11,6
India,Delhi,Delhi,"Dr. Karni Singh Shooting Range, Delhi - DPCC","20-07-2026 15:00:00",28.498571,77.26484,NO2,13,23,18
India,Delhi,Delhi,"North Campus, DU, Delhi - IITM","20-07-2026 15:00:00",28.6573814,77.1585447,NO2,35,115,72
India,Delhi,Delhi,"Wazirpur, Delhi - DPCC","20-07-2026 15:00:00",28.699793,77.165453,PM2.5,93,330,231
India,Delhi,Delhi,"Wazirpur, Delhi - DPCC","20-07-2026 15:00:00",28.699793,77.165453,SO2,4,9,6
India,Delhi,Delhi,"Mundka, Delhi - DPCC","20-07-2026 15:00:00",28.684678,77.076574,PM10,101,219,146
India,Delhi,Delhi,"Mundka, Delhi - DPCC","20-07-2026 15:00:00",28.684678,77.076574,SO2,0,5,2
India,Delhi,Delhi,"Mundka, Delhi - DPCC","20-07-2026 15:00:00",28.684678,77.076574,CO,38,56,48
India,Delhi,Delhi,"Aya Nagar, Delhi - IITM","20-07-2026 15:00:00",28.4706914,77.1099364,OZONE,6,26,13
India,Delhi,Delhi,"Burari Crossing, Delhi - IITM","20-07-2026 15:00:00",28.7256504,77.2011573,PM10,68,199,109
India,Delhi,Delhi,"Burari Crossing, Delhi - IITM","20-07-2026 15:00:00",28.7256504,77.2011573,OZONE,12,77,30
India,Delhi,Delhi,"CRRI Mathura Road, Delhi - IITM","20-07-2026 15:00:00",28.5512005,77.2735737,SO2,NA,NA,NA
India,Delhi,Delhi,"NSUT Jaffarpur, Delhi - DPCC","20-07-2026 15:00:00",28.594004,76.909423,NH3,1,10,5
India,Delhi,Delhi,"NSUT Jaffarpur, Delhi - DPCC","20-07-2026 15:00:00",28.594004,76.909423,CO,52,67,55
India,Delhi,Delhi,"Okhla Phase-2, Delhi - DPCC","20-07-2026 15:00:00",28.530785,77.271255,SO2,10,19,14
India,Delhi,Delhi,"JNU, Delhi - DPCC","20-07-2026 15:00:00",28.540721,77.168544,SO2,0,2,1
India,Delhi,Delhi,"Chandni Chowk, Delhi - IITM","20-07-2026 15:00:00",28.656756,77.227234,PM2.5,54,189,120
India,Delhi,Delhi,"Sri Aurobindo Marg, Delhi - DPCC","20-07-2026 15:00:00",28.531346,77.190156,PM2.5,38,107,70
India,Gujarat,Rajkot,"Mavdi, Rajkot - Nexteng Enviro ","20-07-2026 15:00:00",22.248853,70.776774,PM10,27,77,48
India,Gujarat,Surat,"Science Center, Surat - SMC","20-07-2026 15:00:00",21.170046,72.795405,OZONE,NA,NA,NA
India,Gujarat,Surat,"Katargam, Surat - Nexteng Enviro","20-07-2026 15:00:00",21.217779,72.834787,PM10,24,94,61
India,Gujarat,Vadodara,"Bapunagar, Vadodara - Nexteng Enviro","20-07-2026 15:00:00",22.320153,73.216285,PM2.5,19,71,39
India,Gujarat,Vapi,"Phase-1 GIDC, Vapi - GPCB","20-07-2026 15:00:00",20.362421,72.918013,PM2.5,NA,NA,NA
India,Gujarat,Vapi,"Phase-1 GIDC, Vapi - GPCB","20-07-2026 15:00:00",20.362421,72.918013,PM10,NA,NA,NA
India,Gujarat,Vapi,"Phase-1 GIDC, Vapi - GPCB","20-07-2026 15:00:00",20.362421,72.918013,NO2,NA,NA,NA
India,Gujarat,Vapi,"Phase-1 GIDC, Vapi - GPCB","20-07-2026 15:00:00",20.362421,72.918013,NH3,NA,NA,NA
India,Gujarat,Vatva,"Phase-4 GIDC, Vatva - GPCB","20-07-2026 15:00:00",22.969611,72.6435,NH3,2,2,2
India,Delhi,Delhi,"Sonia Vihar, Delhi - DPCC","20-07-2026 15:00:00",28.710508,77.249485,NH3,14,25,17
India,Delhi,Delhi,"IGNOU_Maidan Garhi, Delhi - DPCC","20-07-2026 15:00:00",28.493624,77.201159,NO2,10,23,14
India,Gujarat,Ahmedabad,"Maninagar, Ahmedabad - GPCB","20-07-2026 15:00:00",23.002657,72.591912,NH3,NA,NA,NA
India,Gujarat,Ahmedabad,"Gyaspur, Ahmedabad - IITM","20-07-2026 15:00:00",22.977134,72.553024,NH3,5,11,8
India,Gujarat,Ahmedabad,"Gyaspur, Ahmedabad - IITM","20-07-2026 15:00:00",22.977134,72.553024,SO2,9,27,16
India,Gujarat,Ahmedabad,"Chandkheda, Ahmedabad - IITM","20-07-2026 15:00:00",23.107969,72.574648,PM10,43,90,65
India,Gujarat,Ahmedabad,"SAC ISRO Satellite, Ahmedabad - IITM","20-07-2026 15:00:00",23.023389,72.515201,NO2,10,23,15
India,Delhi,Delhi,"IHBAS, Dilshad Garden, Delhi - CPCB","20-07-2026 15:00:00",28.6811736,77.3025234,NH3,6,7,6
India,Delhi,Delhi,"IHBAS, Dilshad Garden, Delhi - CPCB","20-07-2026 15:00:00",28.6811736,77.3025234,SO2,10,26,18
India,Delhi,Delhi,"IHBAS, Dilshad Garden, Delhi - CPCB","20-07-2026 15:00:00",28.6811736,77.3025234,CO,59,86,72
India,Delhi,Delhi,"IGI Airport (T3), Delhi - IITM","20-07-2026 15:00:00",28.5627763,77.1180053,PM2.5,41,89,67
India,Delhi,Delhi,"Jawaharlal Nehru Stadium, Delhi - DPCC","20-07-2026 15:00:00",28.58028,77.233829,NO2,2,30,12
India,Delhi,Delhi,"Punjabi Bagh, Delhi - DPCC","20-07-2026 15:00:00",28.674045,77.131023,CO,61,69,66
India,Delhi,Delhi,"Shadipur, Delhi - CPCB","20-07-2026 15:00:00",28.6514781,77.1473105,CO,43,68,54
India,Karnataka,Mangalore,"Kadri, Mangalore - KSPCB","20-07-2026 15:00:00",12.88925,74.853,PM10,28,43,37
India,Karnataka,Mysuru,"Hebbal 1st Stage, Mysuru - KSPCB","20-07-2026 15:00:00",12.21041,76.37376,PM2.5,5,24,13
India,Karnataka,Mysuru,"Hebbal 1st Stage, Mysuru - KSPCB","20-07-2026 15:00:00",12.21041,76.37376,NH3,3,6,4
India,Karnataka,Mysuru,"Hebbal 1st Stage, Mysuru - KSPCB","20-07-2026 15:00:00",12.21041,76.37376,SO2,0,7,3
India,Karnataka,Ramanagara,"Vijay Nagar, Ramanagara - KSPCB","20-07-2026 15:00:00",12.733409,77.298051,PM2.5,16,48,28
India,Karnataka,Ramanagara,"Vijay Nagar, Ramanagara - KSPCB","20-07-2026 15:00:00",12.733409,77.298051,PM10,20,66,36
India,Karnataka,Ramanagara,"Vijay Nagar, Ramanagara - KSPCB","20-07-2026 15:00:00",12.733409,77.298051,SO2,14,20,17
India,Karnataka,Shivamogga,"Vinoba Nagara, Shivamogga - KSPCB","20-07-2026 15:00:00",13.94,75.555917,NO2,17,18,18
India,Karnataka,Shivamogga,"Vinoba Nagara, Shivamogga - KSPCB","20-07-2026 15:00:00",13.94,75.555917,NH3,2,2,2
India,Karnataka,Shivamogga,"Vinoba Nagara, Shivamogga - KSPCB","20-07-2026 15:00:00",13.94,75.555917,CO,28,31,30
India,Karnataka,Tumakuru,"Thimmalapura, Tumakuru - KSPCB","20-07-2026 15:00:00",13.377516,77.099072,CO,53,54,54
India,Karnataka,Vijayapura,"Ibrahimpur, Vijayapura - KSPCB","20-07-2026 15:00:00",16.802639,75.722694,PM10,42,43,43
India,Karnataka,Vijayapura,"Ibrahimpur, Vijayapura - KSPCB","20-07-2026 15:00:00",16.802639,75.722694,NO2,11,12,11
India,Karnataka,Vijayapura,"Ibrahimpur, Vijayapura - KSPCB","20-07-2026 15:00:00",16.802639,75.722694,OZONE,16,16,16
India,Karnataka,Yadgir,"Collector Office, Yadgir - KSPCB","20-07-2026 15:00:00",16.7602,77.1428,CO,10,18,13
India,Kerala,Kannur,"Thavakkara, Kannur - Kerala PCB","20-07-2026 15:00:00",11.875,75.3732,PM2.5,38,43,40
India,Kerala,Kollam,"Polayathode, Kollam - Kerala PCB","20-07-2026 15:00:00",8.8787,76.6073,PM10,NA,NA,NA
India,Haryana,Kurukshetra,"Sector-7, Kurukshetra - HSPCB","20-07-2026 15:00:00",29.966942,76.875879,CO,4,22,14
India,Haryana,Mandikhera,"General Hospital, Mandikhera(Nuh) - HSPCB","20-07-2026 15:00:00",27.9002,76.9938,PM2.5,49,53,51
India,Haryana,Manesar,"Sector-2 IMT, Manesar - HSPCB","20-07-2026 15:00:00",28.360699,76.93609,PM10,69,116,92
India,Haryana,Narnaul,"Shastri Nagar, Narnaul - HSPCB","20-07-2026 15:00:00",28.060249,76.113115,CO,11,15,13
India,Haryana,Palwal,"Shyam Nagar, Palwal - HSPCB","20-07-2026 15:00:00",28.1485564,77.3320667,NH3,8,11,9
India,Haryana,Palwal,"Shyam Nagar, Palwal - HSPCB","20-07-2026 15:00:00",28.1485564,77.3320667,CO,44,81,62
India,Haryana,Panchgaon,"Amity University, Panchgaon - IITM","20-07-2026 15:00:00",28.3153,76.9143,PM2.5,95,221,153
India,Haryana,Panchgaon,"Amity University, Panchgaon - IITM","20-07-2026 15:00:00",28.3153,76.9143,CO,32,41,37
India,Haryana,Panchkula,"Sector-6, Panchkula - HSPCB ","20-07-2026 15:00:00",30.7057778,76.8531805555555,PM10,NA,NA,NA
India,Haryana,Panchkula,"Sector-6, Panchkula - HSPCB ","20-07-2026 15:00:00",30.7057778,76.8531805555555,SO2,10,13,11
India,Haryana,Rohtak,"MD University, Rohtak - HSPCB","20-07-2026 15:00:00",28.52123,76.37138,CO,37,45,42
India,Haryana,Sirsa,"F-Block, Sirsa - HSPCB","20-07-2026 15:00:00",29.5364,75.0158,SO2,9,28,17
India,Karnataka,Bengaluru,"BWSSB Kadabesanahalli, Bengaluru - CPCB","20-07-2026 15:00:00",12.9352049,77.6814488,CO,39,40,39
India,Karnataka,Bengaluru,"Hombegowda Nagar, Bengaluru - KSPCB","20-07-2026 15:00:00",12.938539,77.5901,OZONE,16,28,24
India,Karnataka,Bengaluru,"Hebbal, Bengaluru - KSPCB","20-07-2026 15:00:00",13.029152,77.585901,PM2.5,2,18,8
India,Karnataka,Bengaluru,"Hebbal, Bengaluru - KSPCB","20-07-2026 15:00:00",13.029152,77.585901,PM10,17,46,26
India,Karnataka,Bengaluru,"Hebbal, Bengaluru - KSPCB","20-07-2026 15:00:00",13.029152,77.585901,NH3,2,2,2
India,Karnataka,Bengaluru,"Hebbal, Bengaluru - KSPCB","20-07-2026 15:00:00",13.029152,77.585901,SO2,8,17,12
India,Karnataka,Bengaluru,"Hebbal, Bengaluru - KSPCB","20-07-2026 15:00:00",13.029152,77.585901,CO,14,31,23
India,Karnataka,Bengaluru,"Silk Board, Bengaluru - KSPCB","20-07-2026 15:00:00",12.917348,77.622813,CO,NA,NA,NA
India,Karnataka,Bengaluru,"Silk Board, Bengaluru - KSPCB","20-07-2026 15:00:00",12.917348,77.622813,OZONE,16,23,20
India,Karnataka,Bengaluru,"Jayanagar 5th Block, Bengaluru - KSPCB","20-07-2026 15:00:00",12.920984,77.584908,PM2.5,12,42,31
India,Karnataka,Chamarajanagar,"Urban, Chamarajanagar - KSPCB","20-07-2026 15:00:00",11.55358,76.55521,PM2.5,16,39,23
India,Karnataka,Chamarajanagar,"Urban, Chamarajanagar - KSPCB","20-07-2026 15:00:00",11.55358,76.55521,NO2,14,34,21
India,Karnataka,Chamarajanagar,"Urban, Chamarajanagar - KSPCB","20-07-2026 15:00:00",11.55358,76.55521,NH3,1,3,2
India,"Himachal Pradesh",Baddi,"HIMUDA Complex Phase-1, Baddi - HPPCB","20-07-2026 15:00:00",30.943887,76.801991,PM2.5,20,207,83
India,"Himachal Pradesh",Baddi,"HIMUDA Complex Phase-1, Baddi - HPPCB","20-07-2026 15:00:00",30.943887,76.801991,CO,50,64,56
India,"Jammu and Kashmir",Pampore,"Khrew, Pampore - JKPCC","20-07-2026 15:00:00",34.031606,75.009712,NO2,NA,NA,NA
India,"Jammu and Kashmir",Pampore,"Khrew, Pampore - JKPCC","20-07-2026 15:00:00",34.031606,75.009712,SO2,4,15,9
India,"Jammu and Kashmir",Srinagar,"Rajbagh, Srinagar - JKPCC","20-07-2026 15:00:00",34.066206,74.81982,PM10,24,61,40
India,"Jammu and Kashmir",Srinagar,"Khunmoh, Srinagar - JKPCC","20-07-2026 15:00:00",34.06313,74.96017,CO,NA,NA,NA
India,Jharkhand,Dhanbad,"Sardar Patel Nagar, Dhanbad - JSPCB","20-07-2026 15:00:00",23.80569,86.44268,NO2,94,122,101
India,Jharkhand,Dhanbad,"Sardar Patel Nagar, Dhanbad - JSPCB","20-07-2026 15:00:00",23.80569,86.44268,SO2,NA,NA,NA
India,Jharkhand,Dhanbad,"Sardar Patel Nagar, Dhanbad - JSPCB","20-07-2026 15:00:00",23.80569,86.44268,OZONE,15,36,21
India,Jharkhand,Jorapokhar,"Tata Stadium, Jorapokhar - JSPCB","20-07-2026 15:00:00",23.707909,86.41467,OZONE,2,6,4
India,Karnataka,Dharwad,"Kalabhavan, Dharwad - KSPCB","20-07-2026 15:00:00",15.459706,75.008381,NH3,6,7,7
India,Karnataka,Dharwad,"Kalabhavan, Dharwad - KSPCB","20-07-2026 15:00:00",15.459706,75.008381,OZONE,30,31,31
India,Karnataka,Kalaburagi,"Mahatma Basaveswar Colony, Kalaburgi - KSPCB","20-07-2026 15:00:00",17.336318,76.847397,PM2.5,8,31,15
India,Karnataka,Kalaburagi,"Mahatma Basaveswar Colony, Kalaburgi - KSPCB","20-07-2026 15:00:00",17.336318,76.847397,CO,28,30,29
India,Karnataka,Kalaburagi,"Mahatma Basaveswar Colony, Kalaburgi - KSPCB","20-07-2026 15:00:00",17.336318,76.847397,OZONE,13,13,13
India,Karnataka,Karwar,"KHB Colony, Karwar - KSPCB","20-07-2026 15:00:00",14.816666,74.141003,NO2,17,29,24
India,Karnataka,Karwar,"KHB Colony, Karwar - KSPCB","20-07-2026 15:00:00",14.816666,74.141003,NH3,3,5,5
India,Karnataka,Karwar,"KHB Colony, Karwar - KSPCB","20-07-2026 15:00:00",14.816666,74.141003,OZONE,18,18,18
India,Karnataka,Koppal,"Diwator Nagar, Koppal - KSPCB","20-07-2026 15:00:00",15.34763,76.181767,PM2.5,NA,NA,NA
India,Karnataka,Koppal,"Diwator Nagar, Koppal - KSPCB","20-07-2026 15:00:00",15.34763,76.181767,NH3,7,8,8
India,Karnataka,Madikeri,"Stuart Hill, Madikeri - KSPCB","20-07-2026 15:00:00",12.415911,75.73505,PM2.5,3,13,6
India,Karnataka,Madikeri,"Stuart Hill, Madikeri - KSPCB","20-07-2026 15:00:00",12.415911,75.73505,OZONE,2,5,3
India,Karnataka,Bagalkot,"Vidayagiri, Bagalkot - KSPCB","20-07-2026 15:00:00",16.172806,75.659694,CO,9,50,24
India,Karnataka,Bagalkot,"Vidayagiri, Bagalkot - KSPCB","20-07-2026 15:00:00",16.172806,75.659694,OZONE,18,19,18
India,Karnataka,Bengaluru,"City Railway Station, Bengaluru - KSPCB","20-07-2026 15:00:00",12.9756843,77.5660749,NO2,29,35,31
India,Karnataka,Bengaluru,"Jigani, Bengaluru - KSPCB","20-07-2026 15:00:00",12.7816279,77.6299145,PM10,48,71,57
India,Karnataka,Bengaluru,"BTM Layout, Bengaluru - CPCB","20-07-2026 15:00:00",12.9135218,77.5950804,NO2,21,22,22
India,Karnataka,Bengaluru,"BTM Layout, Bengaluru - CPCB","20-07-2026 15:00:00",12.9135218,77.5950804,SO2,16,16,16
India,Karnataka,Bengaluru,"Sanegurava Halli, Bengaluru - KSPCB","20-07-2026 15:00:00",12.990328,77.5431385,NH3,NA,NA,NA
India,Karnataka,Bengaluru,"Sanegurava Halli, Bengaluru - KSPCB","20-07-2026 15:00:00",12.990328,77.5431385,SO2,6,7,6
India,Karnataka,Bengaluru,"Sanegurava Halli, Bengaluru - KSPCB","20-07-2026 15:00:00",12.990328,77.5431385,OZONE,NA,NA,NA
India,Haryana,Faridabad,"Sector 30, Faridabad - HSPCB","20-07-2026 15:00:00",28.4417,77.3217,NO2,12,14,13
India,Haryana,Fatehabad,"Huda Sector, Fatehabad - HSPCB","20-07-2026 15:00:00",29.503664,75.467934,NH3,NA,NA,NA
India,Haryana,Fatehabad,"Huda Sector, Fatehabad - HSPCB","20-07-2026 15:00:00",29.503664,75.467934,SO2,NA,NA,NA
India,Haryana,Gurugram,"Sector-51, Gurugram - HSPCB","20-07-2026 15:00:00",28.4227,77.0667,PM10,112,171,140
India,Haryana,Gurugram,"Teri Gram, Gurugram - HSPCB","20-07-2026 15:00:00",28.4275,77.1465,CO,33,33,33
India,Haryana,Gurugram,"NISE Gwal Pahari, Gurugram - IITM","20-07-2026 15:00:00",28.422681,77.148944,NO2,6,26,10
India,Haryana,Gurugram,"NISE Gwal Pahari, Gurugram - IITM","20-07-2026 15:00:00",28.422681,77.148944,NH3,NA,NA,NA
India,Haryana,Gurugram,"Vikas Sadan, Gurugram - HSPCB","20-07-2026 15:00:00",28.4501238,77.0263051,NO2,1,14,5
India,Haryana,Bahadurgarh,"Arya Nagar, Bahadurgarh - HSPCB","20-07-2026 15:00:00",28.6701,76.9254,OZONE,8,26,21
India,Haryana,Ballabgarh,"Nathu Colony, Ballabgarh - HSPCB","20-07-2026 15:00:00",28.3419248,77.319699,NO2,19,21,20
India,Haryana,Ballabgarh,"Nathu Colony, Ballabgarh - HSPCB","20-07-2026 15:00:00",28.3419248,77.319699,OZONE,4,6,5
India,Haryana,"Charkhi Dadri","Mini Secretariat, Charkhi Dadri - HSPCB","20-07-2026 15:00:00",28.593883,76.270653,PM2.5,58,164,98
India,Haryana,Dharuhera,"Municipal Corporation Office, Dharuhera -  HSPCB","20-07-2026 15:00:00",28.2068,76.7997,CO,37,59,46
India,Haryana,Hisar,"Urban Estate-II, Hisar - HSPCB","20-07-2026 15:00:00",29.14056,75.744941,CO,74,95,83
India,Haryana,Jind,"Police Lines, Jind - HSPCB","20-07-2026 15:00:00",29.307814,76.337619,PM10,83,138,110
India,Haryana,Kaithal,"Rishi Nagar, Kaithal - HSPCB","20-07-2026 15:00:00",29.8006,76.4155,CO,14,24,20
India,Haryana,Karnal,"Sector-12, Karnal - HSPCB","20-07-2026 15:00:00",29.6953,77.0027,PM2.5,20,500,187
India,Haryana,Karnal,"Sector-12, Karnal - HSPCB","20-07-2026 15:00:00",29.6953,77.0027,NO2,9,22,15
India,Maharashtra,Ahmednagar,"Tarakpur, Ahmednagar - MPCB","20-07-2026 15:00:00",19.10122,74.73339,OZONE,5,26,19
India,Maharashtra,Akola,"Ramdaspeth, Akola - MPCB","20-07-2026 15:00:00",20.719516,77.000253,PM2.5,40,60,49
India,Maharashtra,Ambernath,"Chinchpada, Ambernath - MPCB","20-07-2026 15:00:00",19.215784,73.199781,CO,8,12,10
India,Maharashtra,Ambernath,"Chinchpada, Ambernath - MPCB","20-07-2026 15:00:00",19.215784,73.199781,OZONE,5,11,8
India,Maharashtra,Amravati,"Shri Shivaji Science College, Amravati - MPCB","20-07-2026 15:00:00",20.939198,77.765701,OZONE,5,20,13
India,Maharashtra,Amravati,"Shivneri Colony, Amravati - MPCB","20-07-2026 15:00:00",20.9402359,77.7895248,PM10,9,48,31
India,Maharashtra,Amravati,"Shivneri Colony, Amravati - MPCB","20-07-2026 15:00:00",20.9402359,77.7895248,CO,8,10,9
India,Maharashtra,Aurangabad,"More Chowk Waluj, Aurangabad - MPCB","20-07-2026 15:00:00",19.8389439,75.244448,PM2.5,45,54,50
India,Maharashtra,Aurangabad,"More Chowk Waluj, Aurangabad - MPCB","20-07-2026 15:00:00",19.8389439,75.244448,PM10,44,58,50
India,Maharashtra,Aurangabad,"More Chowk Waluj, Aurangabad - MPCB","20-07-2026 15:00:00",19.8389439,75.244448,OZONE,3,19,11
India,Maharashtra,Aurangabad,"Rachnakar Colony, Aurangabad - MPCB","20-07-2026 15:00:00",19.863756,75.321188,CO,30,39,34
India,Maharashtra,Aurangabad,"MIDC Chilkalthana, Aurangabad - MPCB","20-07-2026 15:00:00",19.87562,75.38731,SO2,4,9,7
India,Maharashtra,Badlapur,"Katrap, Badlapur - MPCB","20-07-2026 15:00:00",19.16485,73.23409,NH3,7,7,7
India,Maharashtra,Badlapur,"Katrap, Badlapur - MPCB","20-07-2026 15:00:00",19.16485,73.23409,SO2,2,3,3
India,Maharashtra,Badlapur,"Katrap, Badlapur - MPCB","20-07-2026 15:00:00",19.16485,73.23409,OZONE,25,27,26
India,Maharashtra,Beed,"Bir, Beed - MPCB","20-07-2026 15:00:00",18.988474,75.753873,PM10,18,92,46
India,Maharashtra,Beed,"Bir, Beed - MPCB","20-07-2026 15:00:00",18.988474,75.753873,NO2,4,17,10
India,"Madhya Pradesh",Indore,"Residency Area, Indore - IMC","20-07-2026 15:00:00",22.7084,75.8815,NO2,0,7,3
India,"Madhya Pradesh",Indore,"Residency Area, Indore - IMC","20-07-2026 15:00:00",22.7084,75.8815,CO,4,7,6
India,"Madhya Pradesh",Indore,"Residency Area, Indore - IMC","20-07-2026 15:00:00",22.7084,75.8815,OZONE,5,6,6
India,"Madhya Pradesh",Jabalpur,"Gupteshwar, Jabalpur - JMC","20-07-2026 15:00:00",23.142888,79.916147,PM2.5,33,96,60
India,"Madhya Pradesh",Jabalpur,"Gupteshwar, Jabalpur - JMC","20-07-2026 15:00:00",23.142888,79.916147,CO,20,24,22
India,"Madhya Pradesh",Jabalpur,"Suhagi, Jabalpur - JMC","20-07-2026 15:00:00",23.218135,79.95777,PM10,23,241,47
India,"Madhya Pradesh",Jabalpur,"Suhagi, Jabalpur - JMC","20-07-2026 15:00:00",23.218135,79.95777,NO2,13,13,13
India,"Madhya Pradesh",Jabalpur,"Suhagi, Jabalpur - JMC","20-07-2026 15:00:00",23.218135,79.95777,SO2,NA,NA,NA
India,"Madhya Pradesh",Jabalpur,"Govindh Bhavan Colony, Jabalpur - JMC","20-07-2026 15:00:00",23.163174,79.973061,OZONE,23,49,31
India,"Madhya Pradesh",Jabalpur,"Marhatal, Jabalpur - MPPCB","20-07-2026 15:00:00",23.168606,79.932247,PM2.5,24,50,33
India,"Madhya Pradesh",Jabalpur,"Marhatal, Jabalpur - MPPCB","20-07-2026 15:00:00",23.168606,79.932247,PM10,26,55,42
India,"Madhya Pradesh",Jabalpur,"Marhatal, Jabalpur - MPPCB","20-07-2026 15:00:00",23.168606,79.932247,SO2,19,23,21
India,"Madhya Pradesh",Maihar,"Sahilara, Maihar - KJS Cements","20-07-2026 15:00:00",24.2613009,80.7231783,SO2,14,15,14
India,"Madhya Pradesh",Mandideep,"Sector-D Industrial Area, Mandideep - MPPCB","20-07-2026 15:00:00",23.10844,77.511428,PM10,11,183,62
India,"Madhya Pradesh",Pithampur,"Sector-2 Industrial Area, Pithampur - MPPCB","20-07-2026 15:00:00",22.624758,75.675238,NH3,4,5,4
India,Maharashtra,Beed,"Bir, Beed - MPCB","20-07-2026 15:00:00",18.988474,75.753873,OZONE,8,17,13
India,Maharashtra,Belapur,"CBD Belapur, Belapur - MPCB","20-07-2026 15:00:00",19.0243902,73.0406721,OZONE,13,35,21
India,Maharashtra,Bhiwandi,"Gokul Nagar, Bhiwandi - MPCB","20-07-2026 15:00:00",19.309073,73.057223,OZONE,15,15,15
India,Maharashtra,Boisar,"Khaira, Boisar - MPCB","20-07-2026 15:00:00",19.786089,72.757971,PM2.5,25,39,33
India,Maharashtra,Chandrapur,"Chauhan Colony, Chandrapur - MPCB","20-07-2026 15:00:00",19.9629,79.298714,CO,36,42,40
India,Maharashtra,Chandrapur,"Chauhan Colony, Chandrapur - MPCB","20-07-2026 15:00:00",19.9629,79.298714,OZONE,14,19,17
India,Maharashtra,Dombivli,"Kalu Nagar, Dombivli - MPCB","20-07-2026 15:00:00",19.2268427,73.0788456,SO2,NA,NA,NA
India,Maharashtra,Hingoli,"Ashta Vinayak Nagar, Hingoli - MPCB","20-07-2026 15:00:00",19.710842,77.151824,NO2,4,19,8
India,Maharashtra,Jalgaon,"Prabhat Colony, Jalgaon - MPCB","20-07-2026 15:00:00",21.001264,75.565602,PM2.5,2,92,21
India,Maharashtra,Jalgaon,"Prabhat Colony, Jalgaon - MPCB","20-07-2026 15:00:00",21.001264,75.565602,PM10,3,408,46
India,Maharashtra,Jalgaon,"Prabhat Colony, Jalgaon - MPCB","20-07-2026 15:00:00",21.001264,75.565602,NO2,7,13,9
India,Maharashtra,Jalgaon,"Prabhat Colony, Jalgaon - MPCB","20-07-2026 15:00:00",21.001264,75.565602,CO,22,28,26
India,Maharashtra,Jalna,"Old MIDC, Jalna - MPCB","20-07-2026 15:00:00",19.854616,75.905894,NO2,16,24,20
India,Maharashtra,Kalyan,"Pimpleshwar Mandir, Kalyan - MPCB","20-07-2026 15:00:00",19.192056,72.9585188,CO,40,40,40
India,Maharashtra,Kolhapur,"Sinchan Bhavan, Kolhapur - MPCB","20-07-2026 15:00:00",16.7143745,74.2426398,NH3,NA,NA,NA
India,Maharashtra,Kolhapur,"Sinchan Bhavan, Kolhapur - MPCB","20-07-2026 15:00:00",16.7143745,74.2426398,CO,24,26,25
India,Maharashtra,Kolhapur,"Shivaji University, Kolhapur - MPCB","20-07-2026 15:00:00",16.6870449,74.2505872,PM2.5,20,25,21
India,Maharashtra,Kolhapur,"Shivaji University, Kolhapur - MPCB","20-07-2026 15:00:00",16.6870449,74.2505872,CO,17,22,20
India,Maharashtra,Kolhapur,"Shivaji University, Kolhapur - MPCB","20-07-2026 15:00:00",16.6870449,74.2505872,OZONE,9,14,11
India,Maharashtra,Latur,"Sawe Wadi, Latur - MPCB","20-07-2026 15:00:00",18.39963,76.57452,CO,12,22,17
India,Maharashtra,Mahad,"Kamble Tarf Birwadi, Mahad - MPCB","20-07-2026 15:00:00",18.1023399,73.4783687,PM10,25,50,33
India,Maharashtra,Malegaon,"Mahesh Nagar, Malegaon - MPCB","20-07-2026 15:00:00",20.555712,74.529236,SO2,1,3,2
India,Maharashtra,Malegaon,"Mahesh Nagar, Malegaon - MPCB","20-07-2026 15:00:00",20.555712,74.529236,OZONE,6,12,9
India,Maharashtra,Mira-Bhayandar,"Bhayandar West, Mira-Bhayandar - MPCB","20-07-2026 15:00:00",19.296481,72.840923,OZONE,10,15,12
India,Maharashtra,Mumbai,"Kherwadi_Bandra East, Mumbai - MPCB","20-07-2026 15:00:00",19.0632143,72.8456324,PM10,17,33,26
India,Kerala,Kollam,"Polayathode, Kollam - Kerala PCB","20-07-2026 15:00:00",8.8787,76.6073,OZONE,NA,NA,NA
India,Kerala,Thiruvananthapuram,"Kariavattom, Thiruvananthapuram - Kerala PCB","20-07-2026 15:00:00",8.5637,76.8865,OZONE,30,31,31
India,Kerala,Thrissur,"Corporation Ground, Thrissur - Kerala PCB","20-07-2026 15:00:00",10.5324,76.2159,PM10,43,54,48
India,Kerala,Thrissur,"Corporation Ground, Thrissur - Kerala PCB","20-07-2026 15:00:00",10.5324,76.2159,NO2,6,8,7
India,"Madhya Pradesh",Bhopal,"Paryavaran Parisar, Bhopal - MPPCB","20-07-2026 15:00:00",23.210494,77.425409,PM10,14,50,30
India,"Madhya Pradesh",Bhopal,"T T Nagar, Bhopal - MPPCB","20-07-2026 15:00:00",23.233584,77.400574,PM10,28,80,52
India,"Madhya Pradesh",Bhopal,"T T Nagar, Bhopal - MPPCB","20-07-2026 15:00:00",23.233584,77.400574,NH3,6,6,6
India,"Madhya Pradesh",Bhopal,"T T Nagar, Bhopal - MPPCB","20-07-2026 15:00:00",23.233584,77.400574,SO2,17,55,24
India,"Madhya Pradesh",Bhopal,"T T Nagar, Bhopal - MPPCB","20-07-2026 15:00:00",23.233584,77.400574,CO,26,37,30
India,"Madhya Pradesh",Damoh,"Shrivastav Colony, Damoh - MPPCB","20-07-2026 15:00:00",23.81748678,79.446246,NH3,NA,NA,NA
India,"Madhya Pradesh",Damoh,"Shrivastav Colony, Damoh - MPPCB","20-07-2026 15:00:00",23.81748678,79.446246,CO,17,21,19
India,Maharashtra,Mumbai,"Ghatkopar, Mumbai - BMC","20-07-2026 15:00:00",19.083694,72.920967,PM10,23,52,39
India,Maharashtra,Mumbai,"Ghatkopar, Mumbai - BMC","20-07-2026 15:00:00",19.083694,72.920967,SO2,0,1,0
India,Maharashtra,Mumbai,"Ghatkopar, Mumbai - BMC","20-07-2026 15:00:00",19.083694,72.920967,OZONE,30,30,30
India,Maharashtra,Mumbai,"Byculla, Mumbai - BMC","20-07-2026 15:00:00",18.9767,72.838,PM2.5,11,28,18
India,Maharashtra,Mumbai,"Byculla, Mumbai - BMC","20-07-2026 15:00:00",18.9767,72.838,NO2,5,31,14
India,Maharashtra,Mumbai,"Byculla, Mumbai - BMC","20-07-2026 15:00:00",18.9767,72.838,OZONE,6,7,6
India,Maharashtra,Mumbai,"Bandra Kurla Complex, Mumbai - MPCB","20-07-2026 15:00:00",19.065931,72.862131,PM10,22,45,33
India,Maharashtra,Mumbai,"Chembur, Mumbai - MPCB","20-07-2026 15:00:00",19.0364585,72.8954371,PM2.5,10,33,19
India,Maharashtra,Mumbai,"Sewri, Mumbai - BMC","20-07-2026 15:00:00",19.000084,72.85673,PM2.5,26,36,30
India,Maharashtra,Mumbai,"Mazgaon, Mumbai - IITM","20-07-2026 15:00:00",18.96702,72.84214,PM10,33,51,40
India,Maharashtra,Mumbai,"Mazgaon, Mumbai - IITM","20-07-2026 15:00:00",18.96702,72.84214,NO2,8,14,9
India,Maharashtra,Mumbai,"Khindipada-Bhandup West, Mumbai - IITM","20-07-2026 15:00:00",19.1653323,72.922099,CO,8,13,10
India,Maharashtra,Mumbai,"Bandra Kurla Complex, Mumbai - IITM","20-07-2026 15:00:00",19.053536,72.84643,PM2.5,8,35,17
India,Maharashtra,Mumbai,"Bandra Kurla Complex, Mumbai - IITM","20-07-2026 15:00:00",19.053536,72.84643,PM10,33,51,42
India,Maharashtra,Mumbai,"Bandra Kurla Complex, Mumbai - IITM","20-07-2026 15:00:00",19.053536,72.84643,NO2,4,17,6
India,Maharashtra,Mumbai,"Bandra Kurla Complex, Mumbai - IITM","20-07-2026 15:00:00",19.053536,72.84643,SO2,2,7,4
India,Maharashtra,Mumbai,"Sion, Mumbai - MPCB","20-07-2026 15:00:00",19.047,72.8746,SO2,NA,NA,NA
India,Maharashtra,Mumbai,"Siddharth Nagar-Worli, Mumbai - IITM","20-07-2026 15:00:00",19.000083,72.813993,CO,18,22,20
India,Maharashtra,Mumbai,"Kandivali West, Mumbai - BMC","20-07-2026 15:00:00",19.215859,72.831718,NO2,8,44,21
India,Maharashtra,Mumbai,"Kandivali West, Mumbai - BMC","20-07-2026 15:00:00",19.215859,72.831718,CO,9,19,15
India,Maharashtra,Mumbai,"Mulund West, Mumbai - MPCB","20-07-2026 15:00:00",19.175,72.9419,NO2,13,16,15
India,"Madhya Pradesh",Pithampur,"Sector-2 Industrial Area, Pithampur - MPPCB","20-07-2026 15:00:00",22.624758,75.675238,SO2,13,18,14
India,"Madhya Pradesh",Singrauli,"Suryakiran Bhawan NCL, Singrauli - MPPCB","20-07-2026 15:00:00",24.10897,82.64558,PM10,47,132,81
India,"Madhya Pradesh",Singrauli,"Suryakiran Bhawan NCL, Singrauli - MPPCB","20-07-2026 15:00:00",24.10897,82.64558,NO2,NA,NA,NA
India,"Madhya Pradesh",Singrauli,"Suryakiran Bhawan NCL, Singrauli - MPPCB","20-07-2026 15:00:00",24.10897,82.64558,SO2,4,71,18
India,"Madhya Pradesh",Singrauli,"Suryakiran Bhawan NCL, Singrauli - MPPCB","20-07-2026 15:00:00",24.10897,82.64558,CO,29,43,37
India,"Madhya Pradesh",Ujjain,"Mahashweta Nagar, Ujjain - MPPCB","20-07-2026 15:00:00",23.1633321,75.800225,NO2,4,30,12
India,"Madhya Pradesh",Gwalior,"Deen Dayal Nagar, Gwalior - MPPCB","20-07-2026 15:00:00",26.259242,78.216432,OZONE,53,110,75
India,"Madhya Pradesh",Gwalior,"Maharaj Bada, Gwalior - MPPCB","20-07-2026 15:00:00",26.200388,78.147714,CO,30,79,52
India,"Madhya Pradesh",Indore,"Chhoti Gwaltoli, Indore - MPPCB","20-07-2026 15:00:00",22.431,75.5213,SO2,14,16,15
India,"Madhya Pradesh",Indore,"Maguda Nagar, Indore - IMC","20-07-2026 15:00:00",22.7524,75.8872,NH3,NA,NA,NA
India,Maharashtra,Pune,"Mhada Colony, Pune - IITM","20-07-2026 15:00:00",18.57304,73.927715,CO,34,72,52
India,Maharashtra,Pune,"Savitribai Phule Pune University, Pune - MPCB","20-07-2026 15:00:00",18.547056,73.826908,PM10,16,32,23
India,Maharashtra,Pune,"Savitribai Phule Pune University, Pune - MPCB","20-07-2026 15:00:00",18.547056,73.826908,CO,30,37,33
India,Maharashtra,Sangli,"Vijay Nagar, Sangli - MPCB","20-07-2026 15:00:00",16.5038,74.3623,SO2,2,16,3
India,Maharashtra,Solapur,"Dnyaneshwar Nagar, Solapur - MPCB","20-07-2026 15:00:00",17.6336264,75.9132495,OZONE,11,21,16
India,Maharashtra,Solapur,"Ratandeep Housing Society, Solapur - MPCB","20-07-2026 15:00:00",17.65439,75.90649,PM10,15,47,32
India,Maharashtra,Thane,"Kasarvadavali, Thane - MPCB","20-07-2026 15:00:00",19.26777,72.97182,PM2.5,11,38,24
India,Maharashtra,Thane,"Kasarvadavali, Thane - MPCB","20-07-2026 15:00:00",19.26777,72.97182,NH3,0,1,1
India,Maharashtra,Thane,"Upvan Fort, Thane - MPCB","20-07-2026 15:00:00",19.222279,72.957979,PM10,9,27,15
India,Maharashtra,Thane,"Upvan Fort, Thane - MPCB","20-07-2026 15:00:00",19.222279,72.957979,NO2,NA,NA,NA
India,Maharashtra,Ulhasnagar,"Sidhi Vinayak Nagar, Ulhasnagar - MPCB","20-07-2026 15:00:00",19.235581,73.159121,NH3,3,4,3
India,Maharashtra,Virar,"Bolinj, Virar - MPCB","20-07-2026 15:00:00",19.445821,72.7988231,PM2.5,15,24,19
India,Maharashtra,Virar,"Bolinj, Virar - MPCB","20-07-2026 15:00:00",19.445821,72.7988231,PM10,31,48,37
India,Maharashtra,Pimpri-Chinchwad,"Bhosari, Pune - IITM","20-07-2026 15:00:00",18.640051,73.848956,CO,23,46,29
India,Maharashtra,Pimpri-Chinchwad,"Thergaon, Pimpri Chinchwad - MPCB","20-07-2026 15:00:00",18.616318,73.765797,CO,8,45,24
India,Maharashtra,Pimpri-Chinchwad,"Thergaon, Pimpri Chinchwad - MPCB","20-07-2026 15:00:00",18.616318,73.765797,OZONE,8,11,9
India,Maharashtra,Pimpri-Chinchwad,"Transport Nagar-Nigdi, Pune - IITM","20-07-2026 15:00:00",18.664282,73.763966,PM2.5,10,31,19
India,Maharashtra,Pimpri-Chinchwad,"Savta Mali Nagar, Pimpri-Chinchwad - IITM","20-07-2026 15:00:00",18.614767,73.799516,PM10,NA,NA,NA
India,Maharashtra,Pune,"Katraj Dairy, Pune - MPCB","20-07-2026 15:00:00",18.45445,73.854155,PM2.5,10,27,17
India,Maharashtra,Pune,"Katraj Dairy, Pune - MPCB","20-07-2026 15:00:00",18.45445,73.854155,PM10,17,48,29
India,Maharashtra,Pune,"Katraj Dairy, Pune - MPCB","20-07-2026 15:00:00",18.45445,73.854155,SO2,0,4,3
India,Maharashtra,Pune,"Katraj Dairy, Pune - MPCB","20-07-2026 15:00:00",18.45445,73.854155,OZONE,39,40,40
India,Maharashtra,Pune,"Dhankawadi, Pune - IITM","20-07-2026 15:00:00",18.459883,73.852193,SO2,NA,NA,NA
India,Maharashtra,Pune,"Dhankawadi, Pune - IITM","20-07-2026 15:00:00",18.459883,73.852193,OZONE,1,3,2
India,Maharashtra,Pune,"Revenue Colony-Shivajinagar, Pune - IITM","20-07-2026 15:00:00",18.530085,73.849598,SO2,10,23,17
India,Maharashtra,Pune,"Revenue Colony-Shivajinagar, Pune - IITM","20-07-2026 15:00:00",18.530085,73.849598,CO,12,64,39
India,Maharashtra,Pune,"Mhada Colony, Pune - IITM","20-07-2026 15:00:00",18.57304,73.927715,PM10,33,64,47
India,Maharashtra,Pune,"Mhada Colony, Pune - IITM","20-07-2026 15:00:00",18.57304,73.927715,NO2,17,66,33
India,Maharashtra,Virar,"Bolinj, Virar - MPCB","20-07-2026 15:00:00",19.445821,72.7988231,OZONE,22,23,22
India,Mizoram,Aizawl,"Sikulpuikawn, Aizawl - Mizoram PCB","20-07-2026 15:00:00",23.7176342,92.7192841,CO,3,3,3
India,Nagaland,Kohima,"PWD Junction, Kohima - NPCB","20-07-2026 15:00:00",25.6635413,94.0989878,PM2.5,0,34,9
India,Nagaland,Kohima,"PWD Junction, Kohima - NPCB","20-07-2026 15:00:00",25.6635413,94.0989878,PM10,1,27,8
India,Nagaland,Kohima,"PWD Junction, Kohima - NPCB","20-07-2026 15:00:00",25.6635413,94.0989878,NH3,0,1,1
India,Odisha,Angul,"Hakimapada, Angul - OSPCB","20-07-2026 15:00:00",20.832874,85.104082,PM2.5,3,250,33
India,Odisha,Angul,"Hakimapada, Angul - OSPCB","20-07-2026 15:00:00",20.832874,85.104082,CO,44,84,56
India,Odisha,Baripada,"Meher Colony, Baripada - OSPCB","20-07-2026 15:00:00",21.941841,86.728318,PM10,16,76,50
India,Odisha,Baripada,"Meher Colony, Baripada - OSPCB","20-07-2026 15:00:00",21.941841,86.728318,NH3,1,2,2
India,Odisha,Baripada,"Meher Colony, Baripada - OSPCB","20-07-2026 15:00:00",21.941841,86.728318,OZONE,52,77,60
India,Odisha,Bhubaneswar,"Patia, Bhubaneswar - OSPCB","20-07-2026 15:00:00",20.34652,85.8163,PM2.5,NA,NA,NA
India,Odisha,Bhubaneswar,"Patia, Bhubaneswar - OSPCB","20-07-2026 15:00:00",20.34652,85.8163,PM10,NA,NA,NA
India,Odisha,Bhubaneswar,"Patia, Bhubaneswar - OSPCB","20-07-2026 15:00:00",20.34652,85.8163,NH3,2,2,2
India,Odisha,Bhubaneswar,"Patia, Bhubaneswar - OSPCB","20-07-2026 15:00:00",20.34652,85.8163,SO2,4,9,6
India,Odisha,Bhubaneswar,"Patia, Bhubaneswar - OSPCB","20-07-2026 15:00:00",20.34652,85.8163,CO,45,56,52
India,Punjab,Jalandhar,"Civil Line, Jalandhar - PPCB","20-07-2026 15:00:00",31.321907,75.578914,NO2,32,42,35
India,Punjab,Jalandhar,"Civil Line, Jalandhar - PPCB","20-07-2026 15:00:00",31.321907,75.578914,NH3,3,4,3
India,Punjab,Khanna,"Kalal Majra, Khanna - PPCB","20-07-2026 15:00:00",30.736056,76.209694,PM10,64,73,69
India,Punjab,Ludhiana,"Punjab Agricultural University, Ludhiana - PPCB","20-07-2026 15:00:00",30.9028,75.8086,NO2,32,44,40
India,Punjab,"Mandi Gobindgarh","RIMT University, Mandi Gobindgarh - PPCB","20-07-2026 15:00:00",30.649961,76.331442,PM2.5,49,301,128
India,Rajasthan,Alwar,"Moti Doongri, Alwar - RSPCB","20-07-2026 15:00:00",27.554793,76.611536,PM10,60,115,74
India,Rajasthan,Banswara,"Rati Talai, Banswara - RSPCB","20-07-2026 15:00:00",23.55519,74.44001,PM2.5,21,225,70
India,Rajasthan,Banswara,"Rati Talai, Banswara - RSPCB","20-07-2026 15:00:00",23.55519,74.44001,PM10,33,212,97
India,Rajasthan,Banswara,"Rati Talai, Banswara - RSPCB","20-07-2026 15:00:00",23.55519,74.44001,NO2,11,40,23
India,Rajasthan,Banswara,"Rati Talai, Banswara - RSPCB","20-07-2026 15:00:00",23.55519,74.44001,OZONE,15,45,27
India,Rajasthan,Baran,"Bamboliya, Baran - RSPCB","20-07-2026 15:00:00",25.106006,76.469948,PM2.5,10,41,22
India,Maharashtra,"Navi Mumbai","Mahape, Navi Mumbai - MPCB","20-07-2026 15:00:00",19.1135051,73.008978,OZONE,11,40,27
India,Maharashtra,"Navi Mumbai","Sanpada, Navi Mumbai - MPCB","20-07-2026 15:00:00",19.0575752,73.0151367,NH3,1,11,3
India,Maharashtra,"Navi Mumbai","Sanpada, Navi Mumbai - MPCB","20-07-2026 15:00:00",19.0575752,73.0151367,OZONE,6,35,20
India,Maharashtra,"Navi Mumbai","Tondare-Taloja, Navi Mumbai - MPCB","20-07-2026 15:00:00",19.063,73.1209,PM2.5,16,42,30
India,Maharashtra,"Navi Mumbai","Tondare-Taloja, Navi Mumbai - MPCB","20-07-2026 15:00:00",19.063,73.1209,SO2,0,4,1
India,Maharashtra,"Navi Mumbai","Kopripada-Vashi, Navi Mumbai - MPCB","20-07-2026 15:00:00",19.090337,73.014232,CO,22,36,31
India,Maharashtra,"Navi Mumbai","Nerul, Navi Mumbai - MPCB","20-07-2026 15:00:00",19.008751,73.01662,NO2,8,8,8
India,Maharashtra,"Navi Mumbai","Sector-2E Kalamboli, Navi Mumbai - MPCB","20-07-2026 15:00:00",19.02579,73.10297,NO2,7,13,10
India,Maharashtra,"Navi Mumbai","Sector-2E Kalamboli, Navi Mumbai - MPCB","20-07-2026 15:00:00",19.02579,73.10297,OZONE,0,9,5
India,Maharashtra,Parbhani,"Masoom Colony, Parbhani - MPCB","20-07-2026 15:00:00",19.265594,76.761463,NO2,19,38,27
India,Odisha,Rourkela,"Raghunathpali, Rourkela - OSPCB","20-07-2026 15:00:00",22.220833,84.809444,PM2.5,16,74,38
India,Odisha,Rourkela,"Raghunathpali, Rourkela - OSPCB","20-07-2026 15:00:00",22.220833,84.809444,CO,25,37,30
India,Odisha,Rourkela,"Fertilizer Township, Rourkela - OSPCB","20-07-2026 15:00:00",22.18972222,84.86277778,SO2,9,14,12
India,Odisha,Rourkela,"Fertilizer Township, Rourkela - OSPCB","20-07-2026 15:00:00",22.18972222,84.86277778,CO,21,21,21
India,Puducherry,Puducherry,"Jawahar Nagar, Puducherry - PPCC","20-07-2026 15:00:00",11.9309,79.8027,OZONE,15,67,39
India,Punjab,Amritsar,"Golden Temple, Amritsar - PPCB","20-07-2026 15:00:00",31.62,74.876512,SO2,11,17,14
India,Punjab,Bathinda,"Hardev Nagar, Bathinda - PPCB","20-07-2026 15:00:00",30.233011,74.907758,PM10,31,90,57
India,Punjab,Bathinda,"Hardev Nagar, Bathinda - PPCB","20-07-2026 15:00:00",30.233011,74.907758,NO2,31,37,33
India,Punjab,Jalandhar,"Civil Line, Jalandhar - PPCB","20-07-2026 15:00:00",31.321907,75.578914,PM2.5,29,74,54
India,Maharashtra,Nagpur,"Ram Nagar, Nagpur - MPCB","20-07-2026 15:00:00",21.143383,79.048912,OZONE,2,6,5
India,Maharashtra,Nagpur,"Opp GPO Civil Lines, Nagpur - MPCB","20-07-2026 15:00:00",21.152875,79.0517531,PM2.5,6,58,30
India,Maharashtra,Nagpur,"Mahal, Nagpur - MPCB","20-07-2026 15:00:00",21.14472,79.107595,SO2,7,43,22
India,Maharashtra,Nanded,"Sneh Nagar, Nanded - MPCB","20-07-2026 15:00:00",19.173852,77.296291,OZONE,9,39,29
India,Maharashtra,Nashik,"MIDC Ambad, Nashik - MPCB","20-07-2026 15:00:00",19.95022,73.73148,NO2,3,6,5
India,Maharashtra,Nashik,"MIDC Ambad, Nashik - MPCB","20-07-2026 15:00:00",19.95022,73.73148,NH3,3,4,3
India,Maharashtra,Nashik,"Gangapur Road, Nashik - MPCB","20-07-2026 15:00:00",20.0073285,73.7762427,PM2.5,9,86,46
India,Maharashtra,Nashik,"Hirawadi, Nashik - MPCB","20-07-2026 15:00:00",20.021503,73.813844,OZONE,12,20,16
India,Maharashtra,Mumbai,"Chakala-Andheri East, Mumbai - IITM","20-07-2026 15:00:00",19.11074,72.86084,NO2,2,5,4
India,Maharashtra,Mumbai,"Malad West, Mumbai - IITM","20-07-2026 15:00:00",19.19709,72.82204,SO2,0,13,8
India,Maharashtra,Mumbai,"Deonar, Mumbai - IITM","20-07-2026 15:00:00",19.04946,72.923,NH3,10,13,11
India,Maharashtra,Mumbai,"Deonar, Mumbai - IITM","20-07-2026 15:00:00",19.04946,72.923,CO,40,64,47
India,Maharashtra,Mumbai,"Borivali East, Mumbai - MPCB","20-07-2026 15:00:00",19.2243333,72.8658113,PM10,NA,NA,NA
India,Maharashtra,Mumbai,"Borivali East, Mumbai - MPCB","20-07-2026 15:00:00",19.2243333,72.8658113,NO2,NA,NA,NA
India,Maharashtra,Mumbai,"Borivali East, Mumbai - MPCB","20-07-2026 15:00:00",19.2243333,72.8658113,NH3,NA,NA,NA
India,Maharashtra,Mumbai,"Borivali East, Mumbai - MPCB","20-07-2026 15:00:00",19.2243333,72.8658113,SO2,NA,NA,NA
India,Maharashtra,Mumbai,"Shivaji Nagar, Mumbai - BMC","20-07-2026 15:00:00",19.060498,72.923356,NO2,5,17,12
India,Maharashtra,Mumbai,"Powai, Mumbai - MPCB","20-07-2026 15:00:00",19.1375,72.915056,NH3,NA,NA,NA
India,Odisha,Bileipada,"Tata Township, Bileipada - OSPCB","20-07-2026 15:00:00",22.06156703,85.47409613,PM10,60,120,97
India,Odisha,Brajrajnagar,"GM Office, Brajrajnagar - OSPCB","20-07-2026 15:00:00",21.8004996,83.8396977,NO2,19,21,20
India,Odisha,Brajrajnagar,"GM Office, Brajrajnagar - OSPCB","20-07-2026 15:00:00",21.8004996,83.8396977,SO2,24,25,24
India,Odisha,Brajrajnagar,"GM Office, Brajrajnagar - OSPCB","20-07-2026 15:00:00",21.8004996,83.8396977,OZONE,42,43,42
India,Odisha,Cuttack,"CDA Area, Cuttack - OSPCB","20-07-2026 15:00:00",20.48891,85.84768,NO2,11,29,18
India,Odisha,Cuttack,"CDA Area, Cuttack - OSPCB","20-07-2026 15:00:00",20.48891,85.84768,SO2,5,15,9
India,Odisha,Keonjhar,"Jagamohanpur, Keonjhar - OSPCB","20-07-2026 15:00:00",21.6439,85.599355,NH3,2,3,2
India,Telangana,Hyderabad,"ICRISAT Patancheru, Hyderabad - TSPCB","20-07-2026 15:00:00",17.5184,78.278777,NH3,1,2,2
India,Tripura,Agartala,"Bardowali, Agartala - Tripura SPCB","20-07-2026 15:00:00",23.8175497,91.2726974,PM2.5,31,81,54
India,"Uttar Pradesh",Agra,"Rohta, Agra - UPPCB","20-07-2026 15:00:00",27.106972,78.000111,NO2,15,15,15
India,"Uttar Pradesh",Agra,"Sanjay Palace, Agra - UPPCB","20-07-2026 15:00:00",27.19865833,78.00598056,NO2,2,4,3
India,"Uttar Pradesh",Agra,"Sanjay Palace, Agra - UPPCB","20-07-2026 15:00:00",27.19865833,78.00598056,NH3,NA,NA,NA
India,"Uttar Pradesh",Agra,"Sanjay Palace, Agra - UPPCB","20-07-2026 15:00:00",27.19865833,78.00598056,SO2,2,2,2
India,"Uttar Pradesh",Agra,"Sanjay Palace, Agra - UPPCB","20-07-2026 15:00:00",27.19865833,78.00598056,OZONE,2,6,4
India,"Uttar Pradesh",Agra,"Shastripuram, Agra - UPPCB","20-07-2026 15:00:00",27.19862,77.92066,PM10,37,98,67
India,"Uttar Pradesh",Agra,"Shastripuram, Agra - UPPCB","20-07-2026 15:00:00",27.19862,77.92066,NO2,32,33,33
India,"Uttar Pradesh",Agra,"Shahjahan Garden, Agra - UPPCB","20-07-2026 15:00:00",27.169338,78.03582,PM2.5,37,500,117
India,"Uttar Pradesh",Agra,"Shahjahan Garden, Agra - UPPCB","20-07-2026 15:00:00",27.169338,78.03582,PM10,56,444,122
India,"Uttar Pradesh",Agra,"Shahjahan Garden, Agra - UPPCB","20-07-2026 15:00:00",27.169338,78.03582,NO2,12,13,12
India,"Uttar Pradesh",Agra,"Shahjahan Garden, Agra - UPPCB","20-07-2026 15:00:00",27.169338,78.03582,NH3,1,1,1
India,"Uttar Pradesh",Agra,"Shahjahan Garden, Agra - UPPCB","20-07-2026 15:00:00",27.169338,78.03582,OZONE,1,2,1
India,"Uttar Pradesh",Baghpat,"Sardar Patel Inter College, Baghpat - UPPCB","20-07-2026 15:00:00",28.964949,77.278761,PM2.5,40,143,67
India,"Uttar Pradesh",Baghpat,"Sardar Patel Inter College, Baghpat - UPPCB","20-07-2026 15:00:00",28.964949,77.278761,NH3,1,2,1
India,"Uttar Pradesh",Bareilly,"Rajendra Nagar, Bareilly - UPPCB","20-07-2026 15:00:00",28.38910936,79.42963708,NH3,1,3,1
India,Rajasthan,Nagaur,"Karni Colony, Nagaur - RSPCB","20-07-2026 15:00:00",27.213494,73.734444,CO,6,16,11
India,Rajasthan,Pali,"Indira Colony Vistar, Pali - RSPCB","20-07-2026 15:00:00",25.771061,73.340227,PM10,57,121,95
India,Rajasthan,Pali,"Indira Colony Vistar, Pali - RSPCB","20-07-2026 15:00:00",25.771061,73.340227,NH3,0,24,7
India,Rajasthan,Pratapgarh,"Pragati Nagar, Pratapgarh - RSPCB","20-07-2026 15:00:00",24.041198,74.780702,NO2,5,15,9
India,Rajasthan,Pratapgarh,"Pragati Nagar, Pratapgarh - RSPCB","20-07-2026 15:00:00",24.041198,74.780702,NH3,3,5,3
India,Rajasthan,"Sawai Madhopur","Sahu Nagar, Sawai Madhopur - RSPCB","20-07-2026 15:00:00",26.031443,76.359327,NO2,5,28,18
India,Rajasthan,Sikar,"Radhakishan Pura, Sikar - RSPCB","20-07-2026 15:00:00",27.608912,75.153302,PM2.5,12,42,31
India,Rajasthan,Sikar,"Radhakishan Pura, Sikar - RSPCB","20-07-2026 15:00:00",27.608912,75.153302,NO2,4,13,8
India,Rajasthan,"Sri Ganganagar","Old City, Sri Ganganagar - RSPCB","20-07-2026 15:00:00",29.931624,73.864511,CO,9,23,18
India,Rajasthan,Tonk,"Shastri Nagar, Tonk - RSPCB","20-07-2026 15:00:00",26.159933,75.780517,PM2.5,45,97,68
India,Rajasthan,Tonk,"Shastri Nagar, Tonk - RSPCB","20-07-2026 15:00:00",26.159933,75.780517,OZONE,29,315,100
India,Rajasthan,Udaipur,"Ashok Nagar, Udaipur - RSPCB","20-07-2026 15:00:00",24.5886166,73.6321397,PM10,47,115,78
India,"Tamil Nadu",Cuddalore,"Semmandalam, Cuddalore - TNPCB","20-07-2026 15:00:00",11.7637683,79.7499835,NO2,1,4,2
India,"Tamil Nadu",Cuddalore,"Kudikadu, Cuddalore - TNPCB","20-07-2026 15:00:00",11.6829898,79.7532099,PM10,NA,NA,NA
India,"Tamil Nadu",Gummidipoondi,"Anthoni Pillai Nagar, Gummidipoondi - TNPCB","20-07-2026 15:00:00",13.4127,80.1081,NH3,0,1,1
India,"Tamil Nadu",Gummidipoondi,"Anthoni Pillai Nagar, Gummidipoondi - TNPCB","20-07-2026 15:00:00",13.4127,80.1081,CO,NA,NA,NA
India,"Tamil Nadu",Madurai,"Uchapatti, Madurai - TNPCB","20-07-2026 15:00:00",9.865935,78.022669,CO,45,48,46
India,"Tamil Nadu",Ramanathapuram,"Chalai Bazaar, Ramanathapuram - TNPCB","20-07-2026 15:00:00",9.36399,78.831977,NO2,NA,NA,NA
India,"Tamil Nadu",Thoothukudi,"Meelavittan, Thoothukudi - TNPCB","20-07-2026 15:00:00",8.816428,78.099039,NO2,12,22,17
India,"Tamil Nadu",Thoothukudi,"Meelavittan, Thoothukudi - TNPCB","20-07-2026 15:00:00",8.816428,78.099039,OZONE,27,35,31
India,Telangana,Hyderabad,"Somajiguda, Hyderabad - TSPCB","20-07-2026 15:00:00",17.417094,78.457437,NH3,4,4,4
India,Telangana,Hyderabad,"Somajiguda, Hyderabad - TSPCB","20-07-2026 15:00:00",17.417094,78.457437,CO,17,21,19
India,Telangana,Hyderabad,"Somajiguda, Hyderabad - TSPCB","20-07-2026 15:00:00",17.417094,78.457437,OZONE,12,16,15
India,Telangana,Hyderabad,"Nacharam_TSIIC IALA, Hyderabad - TSPCB","20-07-2026 15:00:00",17.429398,78.569354,PM2.5,30,42,35
India,Telangana,Hyderabad,"Kokapet, Hyderabad - TSPCB","20-07-2026 15:00:00",17.393559,78.339194,NO2,11,13,11
India,Telangana,Hyderabad,"Kokapet, Hyderabad - TSPCB","20-07-2026 15:00:00",17.393559,78.339194,NH3,2,2,2
India,Telangana,Hyderabad,"Kokapet, Hyderabad - TSPCB","20-07-2026 15:00:00",17.393559,78.339194,OZONE,15,22,18
India,Telangana,Hyderabad,"Ramachandrapuram, Hyderabad - TSPCB","20-07-2026 15:00:00",17.528544,78.286195,PM10,65,77,72
India,Telangana,Hyderabad,"Ramachandrapuram, Hyderabad - TSPCB","20-07-2026 15:00:00",17.528544,78.286195,CO,24,41,32
India,Telangana,Hyderabad,"Zoo Park, Hyderabad - TSPCB","20-07-2026 15:00:00",17.349694,78.451437,NO2,NA,NA,NA
India,Telangana,Hyderabad,"ECIL Kapra, Hyderabad - TSPCB","20-07-2026 15:00:00",17.470431,78.566959,PM2.5,35,45,39
India,Telangana,Hyderabad,"ECIL Kapra, Hyderabad - TSPCB","20-07-2026 15:00:00",17.470431,78.566959,NO2,1,8,6
India,Telangana,Hyderabad,"ECIL Kapra, Hyderabad - TSPCB","20-07-2026 15:00:00",17.470431,78.566959,NH3,0,5,4
India,Telangana,Hyderabad,"ECIL Kapra, Hyderabad - TSPCB","20-07-2026 15:00:00",17.470431,78.566959,OZONE,11,51,27
India,Telangana,Hyderabad,"New Malakpet, Hyderabad - TSPCB","20-07-2026 15:00:00",17.37206,78.50864,NO2,11,15,12
India,Telangana,Hyderabad,"IDA Pashamylaram, Hyderabad - TSPCB","20-07-2026 15:00:00",17.5316895,78.218939,NO2,2,44,18
India,Telangana,Hyderabad,"IDA Pashamylaram, Hyderabad - TSPCB","20-07-2026 15:00:00",17.5316895,78.218939,SO2,1,21,8
India,Rajasthan,Jodhpur,"Samrat Ashok Udhyan, Jodhpur - RSPCB","20-07-2026 15:00:00",26.253384,72.976571,PM2.5,17,43,29
India,Rajasthan,Jodhpur,"Samrat Ashok Udhyan, Jodhpur - RSPCB","20-07-2026 15:00:00",26.253384,72.976571,NH3,2,2,2
India,Rajasthan,Jodhpur,"Samrat Ashok Udhyan, Jodhpur - RSPCB","20-07-2026 15:00:00",26.253384,72.976571,CO,7,14,11
India,Rajasthan,Karauli,"Satyawati Vihar, Karauli - RSPCB","20-07-2026 15:00:00",26.506177,77.025989,NH3,5,16,10
India,Rajasthan,Khairthal,"New Anaj Mandi, Khairthal - RSPCB","20-07-2026 15:00:00",27.8015617,76.6365217,PM10,55,119,82
India,Rajasthan,Khairthal,"New Anaj Mandi, Khairthal - RSPCB","20-07-2026 15:00:00",27.8015617,76.6365217,OZONE,14,19,17
India,Rajasthan,Kota,"Shrinath Puram, Kota - RSPCB","20-07-2026 15:00:00",25.14389,75.821256,NH3,3,6,5
India,Rajasthan,Kota,"Shrinath Puram, Kota - RSPCB","20-07-2026 15:00:00",25.14389,75.821256,OZONE,7,9,8
India,Rajasthan,Kota,"Nayapura, Kota - RSPCB","20-07-2026 15:00:00",25.196024,75.855668,NH3,5,7,6
India,Rajasthan,Kota,"Dhanmandi, Kota - RSPCB","20-07-2026 15:00:00",25.16409,75.858137,NH3,2,3,2
India,Rajasthan,Nagaur,"Karni Colony, Nagaur - RSPCB","20-07-2026 15:00:00",27.213494,73.734444,PM2.5,13,45,26
India,Rajasthan,Udaipur,"Ashok Nagar, Udaipur - RSPCB","20-07-2026 15:00:00",24.5886166,73.6321397,CO,14,33,23
India,Sikkim,Gangtok,"Zero Point GICI, Gangtok - SSPCB","20-07-2026 15:00:00",27.33853,88.614099,NO2,7,8,8
India,"Tamil Nadu",Chennai,"Velachery Res. Area, Chennai - CPCB","20-07-2026 15:00:00",13.0052189,80.2398125,PM2.5,57,71,59
India,"Tamil Nadu",Chennai,"Velachery Res. Area, Chennai - CPCB","20-07-2026 15:00:00",13.0052189,80.2398125,OZONE,8,13,11
India,"Tamil Nadu",Chennai,"Manali Village, Chennai - TNPCB","20-07-2026 15:00:00",13.1662,80.2584,PM2.5,22,49,33
India,"Tamil Nadu",Chennai,"Manali, Chennai - CPCB","20-07-2026 15:00:00",13.164544,80.26285,NH3,6,7,6
India,"Tamil Nadu",Chennai,"Manali, Chennai - CPCB","20-07-2026 15:00:00",13.164544,80.26285,CO,12,51,29
India,"Tamil Nadu",Chennai,"Royapuram, Chennai - TNPCB","20-07-2026 15:00:00",13.1036,80.2909,NO2,NA,NA,NA
India,"Tamil Nadu",Chennai,"Perungudi, Chennai - TNPCB","20-07-2026 15:00:00",12.9533,80.2357,SO2,1,7,5
India,"Tamil Nadu",Chennai,"Kodungaiyur, Chennai - TNPCB","20-07-2026 15:00:00",13.1278,80.2642,NH3,3,5,4
India,Rajasthan,Jaipur,"Shastri Nagar, Jaipur - RSPCB","20-07-2026 15:00:00",26.9502929,75.730943,PM10,62,115,99
India,Rajasthan,Jaipur,"Shastri Nagar, Jaipur - RSPCB","20-07-2026 15:00:00",26.9502929,75.730943,NO2,18,53,36
India,Rajasthan,Jaipur,"Shastri Nagar, Jaipur - RSPCB","20-07-2026 15:00:00",26.9502929,75.730943,NH3,7,16,10
India,Rajasthan,Jaipur,"Shastri Nagar, Jaipur - RSPCB","20-07-2026 15:00:00",26.9502929,75.730943,SO2,3,36,17
India,Rajasthan,Jaisalmer,"Sadar Bazar, Jaisalmer - RSPCB","20-07-2026 15:00:00",26.912329,70.909168,SO2,3,4,3
India,Rajasthan,Jalore,"Mudtra Sili, Jalore - RSPCB","20-07-2026 15:00:00",25.344694,72.626208,PM10,55,89,72
India,Rajasthan,Jalore,"Mudtra Sili, Jalore - RSPCB","20-07-2026 15:00:00",25.344694,72.626208,NO2,4,17,9
India,Rajasthan,Jhunjhunu,"Indra Nagar, Jhunjhunu - RSPCB","20-07-2026 15:00:00",28.108988,75.386577,NO2,3,33,10
India,Rajasthan,Jodhpur,"Mandor, Jodhpur - RSPCB","20-07-2026 15:00:00",26.358805,73.047444,CO,10,11,10
India,Rajasthan,Jodhpur,"Jhalamand, Jodhpur - RSPCB","20-07-2026 15:00:00",26.215415,73.070156,SO2,1,11,5
India,Rajasthan,Jodhpur,"Collectorate, Jodhpur - RSPCB","20-07-2026 15:00:00",26.268249,73.0193853,NH3,1,6,3
India,Rajasthan,Barmer,"Railway Colony, Barmer - RSPCB","20-07-2026 15:00:00",25.747299,71.393989,SO2,3,4,4
India,Rajasthan,Bhilwara,"Pratap Nagar, Bhilwara - RSPCB","20-07-2026 15:00:00",25.339605,74.618883,SO2,15,22,19
India,Rajasthan,Bhilwara,"Pratap Nagar, Bhilwara - RSPCB","20-07-2026 15:00:00",25.339605,74.618883,CO,46,56,50
India,Rajasthan,Bhiwadi,"RIICO Ind. Area III, Bhiwadi - RSPCB","20-07-2026 15:00:00",28.194909,76.862296,CO,22,53,36
India,Rajasthan,Bhiwadi,"Vasundhara Nagar_UIT, Bhiwadi - RSPCB","20-07-2026 15:00:00",28.207266,76.829265,SO2,2,16,6
India,Rajasthan,Bhiwadi,"Vasundhara Nagar_UIT, Bhiwadi - RSPCB","20-07-2026 15:00:00",28.207266,76.829265,OZONE,6,35,21
India,Rajasthan,Bikaner,"MM Ground, Bikaner - RSPCB","20-07-2026 15:00:00",28.018792,73.292658,PM10,50,117,90
India,Rajasthan,Bundi,"New Colony, Bundi - RSPCB","20-07-2026 15:00:00",25.435774,75.644272,PM2.5,12,60,31
India,Rajasthan,Bundi,"New Colony, Bundi - RSPCB","20-07-2026 15:00:00",25.435774,75.644272,PM10,51,107,70
India,Rajasthan,Bundi,"New Colony, Bundi - RSPCB","20-07-2026 15:00:00",25.435774,75.644272,NH3,4,6,5
India,Rajasthan,Bundi,"New Colony, Bundi - RSPCB","20-07-2026 15:00:00",25.435774,75.644272,OZONE,23,62,45
India,Rajasthan,Churu,"Subash Chowk, Churu - RSPCB","20-07-2026 15:00:00",28.296139,74.961696,PM2.5,7,44,23
India,Rajasthan,Churu,"Subash Chowk, Churu - RSPCB","20-07-2026 15:00:00",28.296139,74.961696,PM10,79,146,101
India,Rajasthan,Churu,"Subash Chowk, Churu - RSPCB","20-07-2026 15:00:00",28.296139,74.961696,NH3,4,6,6
India,Rajasthan,Churu,"Subash Chowk, Churu - RSPCB","20-07-2026 15:00:00",28.296139,74.961696,CO,21,25,22
India,Rajasthan,Dungarpur,"Bhoiwada, Dungarpur - RSPCB","20-07-2026 15:00:00",23.837789,73.714926,PM10,20,89,50
India,Rajasthan,Dungarpur,"Bhoiwada, Dungarpur - RSPCB","20-07-2026 15:00:00",23.837789,73.714926,NH3,6,8,7
India,Rajasthan,Hanumangarh,"Housing Board, Hanumangarh - RSPCB","20-07-2026 15:00:00",29.61075,74.283608,CO,13,19,17
India,Rajasthan,Jaipur,"Sector-2 Murlipura, Jaipur - RSPCB","20-07-2026 15:00:00",26.960669,75.771817,PM2.5,37,81,54
India,Rajasthan,Jaipur,"RIICO Sitapura, Jaipur - RSPCB","20-07-2026 15:00:00",26.786682,75.827928,PM10,NA,NA,NA
India,"Uttar Pradesh",Meerut,"Ganga Nagar, Meerut - UPPCB","20-07-2026 15:00:00",28.999264,77.7590354,PM10,NA,NA,NA
India,"Uttar Pradesh",Meerut,"Ganga Nagar, Meerut - UPPCB","20-07-2026 15:00:00",28.999264,77.7590354,SO2,23,28,25
India,"Uttar Pradesh",Meerut,"MIET College, Meerut - UPPCB","20-07-2026 15:00:00",28.972677,77.641018,NO2,25,32,29
India,"Uttar Pradesh",Meerut,"MIET College, Meerut - UPPCB","20-07-2026 15:00:00",28.972677,77.641018,NH3,6,8,7
India,"Uttar Pradesh",Meerut,"MIET College, Meerut - UPPCB","20-07-2026 15:00:00",28.972677,77.641018,OZONE,8,13,11
India,"Uttar Pradesh",Meerut,"Pallavpuram Phase 2, Meerut - UPPCB","20-07-2026 15:00:00",29.06351,77.709723,PM2.5,15,126,81
India,"Uttar Pradesh",Meerut,"Pallavpuram Phase 2, Meerut - UPPCB","20-07-2026 15:00:00",29.06351,77.709723,CO,13,28,21
India,"Uttar Pradesh",Meerut,"Jai Bhim Nagar, Meerut - UPPCB","20-07-2026 15:00:00",28.9535882,77.7622941,SO2,4,6,4
India,"Uttar Pradesh",Meerut,"Jai Bhim Nagar, Meerut - UPPCB","20-07-2026 15:00:00",28.9535882,77.7622941,CO,33,37,36
India,"Uttar Pradesh",Modinagar,"SRM University, Modinagar - UPPCB","20-07-2026 15:00:00",28.798171,77.540243,CO,6,20,15
India,"Uttar Pradesh",Moradabad,"Eco Herbal Park, Moradabad - UPPCB","20-07-2026 15:00:00",28.840739,78.697531,SO2,12,18,15
India,"Uttar Pradesh",Moradabad,"Eco Herbal Park, Moradabad - UPPCB","20-07-2026 15:00:00",28.840739,78.697531,CO,18,27,24
India,"Uttar Pradesh",Moradabad,"Employment Office, Moradabad - UPPCB","20-07-2026 15:00:00",28.88528,78.7388,PM2.5,26,57,41
India,"Uttar Pradesh",Moradabad,"Employment Office, Moradabad - UPPCB","20-07-2026 15:00:00",28.88528,78.7388,PM10,22,55,37
India,"Uttar Pradesh",Moradabad,"Employment Office, Moradabad - UPPCB","20-07-2026 15:00:00",28.88528,78.7388,CO,11,25,15
India,"Uttar Pradesh",Moradabad,"Transport Nagar, Moradabad - UPPCB","20-07-2026 15:00:00",28.802625,78.753728,PM2.5,6,96,30
India,"Uttar Pradesh",Moradabad,"Transport Nagar, Moradabad - UPPCB","20-07-2026 15:00:00",28.802625,78.753728,NH3,5,5,5
India,"Uttar Pradesh",Vrindavan,"Omex Eternity, Vrindavan - UPPCB","20-07-2026 15:00:00",27.571409,77.655757,OZONE,15,16,16
India,"West Bengal",Asansol,"Mahabir Colliery, Asansol - WBPCB","20-07-2026 15:00:00",23.618183,87.105718,PM2.5,20,72,39
India,"West Bengal",Asansol,"Asansol Court Area, Asansol - WBPCB","20-07-2026 15:00:00",23.685297,86.945968,PM2.5,23,56,37
India,"West Bengal",Asansol,"Asansol Court Area, Asansol - WBPCB","20-07-2026 15:00:00",23.685297,86.945968,NH3,2,5,3
India,"West Bengal",Asansol,"Trivenidevi Bhalotia College, Asansol - WBPCB","20-07-2026 15:00:00",23.616515,87.119133,PM2.5,2,44,29
India,"West Bengal",Asansol,"Trivenidevi Bhalotia College, Asansol - WBPCB","20-07-2026 15:00:00",23.616515,87.119133,PM10,17,40,29
India,"West Bengal",Asansol,"Trivenidevi Bhalotia College, Asansol - WBPCB","20-07-2026 15:00:00",23.616515,87.119133,NH3,5,6,5
India,"West Bengal",Asansol,"Trivenidevi Bhalotia College, Asansol - WBPCB","20-07-2026 15:00:00",23.616515,87.119133,OZONE,5,7,6
India,"West Bengal",Asansol,"Evelyn Lodge, Asansol - WBPCB","20-07-2026 15:00:00",23.697936,86.944395,PM2.5,12,44,26
India,"West Bengal",Barrackpore,"SVSPA Campus, Barrackpore - WBPCB","20-07-2026 15:00:00",22.7605581,88.3617589,PM2.5,30,53,41
India,"West Bengal",Barrackpore,"SVSPA Campus, Barrackpore - WBPCB","20-07-2026 15:00:00",22.7605581,88.3617589,PM10,48,74,58
India,"West Bengal",Barrackpore,"SVSPA Campus, Barrackpore - WBPCB","20-07-2026 15:00:00",22.7605581,88.3617589,NO2,9,18,12
India,"West Bengal",Barrackpore,"SVSPA Campus, Barrackpore - WBPCB","20-07-2026 15:00:00",22.7605581,88.3617589,NH3,5,7,6
India,"West Bengal",Barrackpore,"SVSPA Campus, Barrackpore - WBPCB","20-07-2026 15:00:00",22.7605581,88.3617589,SO2,10,11,11
India,"West Bengal",Durgapur,"Mahishkapur Road_B-Zone, Durgapur - WBPCB","20-07-2026 15:00:00",23.567923,87.306843,PM2.5,10,80,40
India,"West Bengal",Howrah,"Ghusuri, Howrah - WBPCB","20-07-2026 15:00:00",22.611968,88.347422,NH3,2,3,3
India,"West Bengal",Kolkata,"Bidhannagar, Kolkata - WBPCB","20-07-2026 15:00:00",22.58157048,88.41002457,PM10,35,65,48
India,"West Bengal",Kolkata,"Bidhannagar, Kolkata - WBPCB","20-07-2026 15:00:00",22.58157048,88.41002457,CO,25,29,27
India,"West Bengal",Kolkata,"Victoria, Kolkata - WBPCB","20-07-2026 15:00:00",22.5448082,88.3403691,PM2.5,75,88,81
India,"West Bengal",Kolkata,"Victoria, Kolkata - WBPCB","20-07-2026 15:00:00",22.5448082,88.3403691,NO2,18,22,21
India,"West Bengal",Kolkata,"Victoria, Kolkata - WBPCB","20-07-2026 15:00:00",22.5448082,88.3403691,NH3,7,8,8
India,"West Bengal",Kolkata,"Victoria, Kolkata - WBPCB","20-07-2026 15:00:00",22.5448082,88.3403691,CO,32,49,39
India,"West Bengal",Kolkata,"Victoria, Kolkata - WBPCB","20-07-2026 15:00:00",22.5448082,88.3403691,OZONE,48,66,58
India,"West Bengal",Kolkata,"Rabindra Sarobar, Kolkata - WBPCB","20-07-2026 15:00:00",22.51106,88.35142,PM2.5,21,46,31
India,"West Bengal",Kolkata,"Rabindra Sarobar, Kolkata - WBPCB","20-07-2026 15:00:00",22.51106,88.35142,OZONE,19,34,24
India,"West Bengal",Kolkata,"Fort William, Kolkata - WBPCB","20-07-2026 15:00:00",22.55664,88.342674,PM2.5,11,59,40
India,"West Bengal",Kolkata,"Fort William, Kolkata - WBPCB","20-07-2026 15:00:00",22.55664,88.342674,OZONE,12,28,21
India,"West Bengal",Kolkata,"Ballygunge, Kolkata - WBPCB","20-07-2026 15:00:00",22.5367507,88.3638022,NH3,6,8,7
India,"West Bengal",Siliguri,"Ward-32 Bapupara, Siliguri - WBPCB","20-07-2026 15:00:00",26.6879226,88.4152495,NH3,14,15,14
India,"West Bengal",Siliguri,"Ward-32 Bapupara, Siliguri - WBPCB","20-07-2026 15:00:00",26.6879226,88.4152495,SO2,13,14,13
India,"Uttar Pradesh",Bareilly,"Civil Lines, Bareilly - UPPCB","20-07-2026 15:00:00",28.359581,79.414455,PM10,26,45,32
India,"Uttar Pradesh",Bareilly,"Civil Lines, Bareilly - UPPCB","20-07-2026 15:00:00",28.359581,79.414455,SO2,12,25,21
India,"Uttar Pradesh",Firozabad,"Nagla Bhau, Firozabad - UPPCB","20-07-2026 15:00:00",27.168897,78.37696,PM2.5,21,57,38
India,"Uttar Pradesh",Firozabad,"Nagla Bhau, Firozabad - UPPCB","20-07-2026 15:00:00",27.168897,78.37696,PM10,30,100,56
India,"Uttar Pradesh",Firozabad,"Nagla Bhau, Firozabad - UPPCB","20-07-2026 15:00:00",27.168897,78.37696,NH3,2,2,2
India,"Uttar Pradesh",Firozabad,"Nagla Bhau, Firozabad - UPPCB","20-07-2026 15:00:00",27.168897,78.37696,SO2,8,55,24
India,"Uttar Pradesh",Firozabad,"Vibhab Nagar, Firozabad - UPPCB","20-07-2026 15:00:00",27.1594,78.3953,OZONE,0,1,1
India,"Uttar Pradesh",Ghaziabad,"Sanjay Nagar, Ghaziabad - UPPCB","20-07-2026 15:00:00",28.685382,77.453839,NH3,11,15,14
India,"Uttar Pradesh",Ghaziabad,"Vasundhara, Ghaziabad - UPPCB","20-07-2026 15:00:00",28.6603346,77.3572563,PM10,102,204,143
India,"Uttar Pradesh",Ghaziabad,"Indirapuram, Ghaziabad - UPPCB","20-07-2026 15:00:00",28.646233,77.358075,PM2.5,59,131,88
India,"Uttar Pradesh",Ghaziabad,"Indirapuram, Ghaziabad - UPPCB","20-07-2026 15:00:00",28.646233,77.358075,OZONE,16,24,19
India,"Uttar Pradesh",Ghaziabad,"Loni, Ghaziabad - UPPCB","20-07-2026 15:00:00",28.757294,77.278792,PM10,135,272,186
India,"Uttar Pradesh",Ghaziabad,"Loni, Ghaziabad - UPPCB","20-07-2026 15:00:00",28.757294,77.278792,NO2,31,47,38
India,"Uttar Pradesh",Ghaziabad,"Govindpuram, Ghaziabad - UPPCB","20-07-2026 15:00:00",28.694528,77.494705,NO2,11,16,13
India,"Uttar Pradesh",Gorakhpur,"Madan Mohan Malaviya University of Technology, Gorakhpur - UPPCB","20-07-2026 15:00:00",26.730136,83.433859,PM10,NA,NA,NA
India,"Uttar Pradesh","Greater Noida","Knowledge Park - V, Greater Noida - UPPCB","20-07-2026 15:00:00",28.557054,77.453663,NH3,7,10,9
India,"Uttar Pradesh","Greater Noida","Knowledge Park - III, Greater Noida - UPPCB","20-07-2026 15:00:00",28.47272,77.482,PM2.5,NA,NA,NA
India,"Uttar Pradesh","Greater Noida","Knowledge Park - III, Greater Noida - UPPCB","20-07-2026 15:00:00",28.47272,77.482,NH3,14,19,16
India,"Uttar Pradesh","Greater Noida","Knowledge Park - III, Greater Noida - UPPCB","20-07-2026 15:00:00",28.47272,77.482,SO2,4,9,7
India,"Uttar Pradesh",Hapur,"Anand Vihar, Hapur - UPPCB","20-07-2026 15:00:00",28.725645,77.749675,CO,23,26,24
India,"Uttar Pradesh",Jhansi,"Shivaji Nagar, Jhansi - UPPCB","20-07-2026 15:00:00",25.4547,78.6039,NO2,5,6,6
India,"Uttar Pradesh",Jhansi,"Shivaji Nagar, Jhansi - UPPCB","20-07-2026 15:00:00",25.4547,78.6039,NH3,1,4,4
India,"Uttar Pradesh",Jhansi,"Shivaji Nagar, Jhansi - UPPCB","20-07-2026 15:00:00",25.4547,78.6039,OZONE,5,12,7
India,"Uttar Pradesh",Kanpur,"Nehru Nagar, Kanpur - UPPCB","20-07-2026 15:00:00",26.4703136,80.3229863,PM2.5,24,72,43
India,"Uttar Pradesh",Kanpur,"Nehru Nagar, Kanpur - UPPCB","20-07-2026 15:00:00",26.4703136,80.3229863,PM10,21,65,38
India,"Uttar Pradesh",Kanpur,"Nehru Nagar, Kanpur - UPPCB","20-07-2026 15:00:00",26.4703136,80.3229863,NO2,47,49,48
India,"Uttar Pradesh",Khora,"Prashant Garden, Khora - UPPCB","20-07-2026 15:00:00",28.61119,77.34206,PM2.5,105,302,190
India,"West Bengal",Durgapur,"Mahishkapur Road_B-Zone, Durgapur - WBPCB","20-07-2026 15:00:00",23.567923,87.306843,CO,NA,NA,NA
India,"West Bengal",Durgapur,"PCBL Residential Complex, Durgapur - WBPCB","20-07-2026 15:00:00",23.508764,87.35444,CO,21,28,25
India,"West Bengal",Durgapur,"Womens College_City Center, Durgapur - WBPCB","20-07-2026 15:00:00",23.549395,87.300496,PM10,46,82,68
India,"West Bengal",Durgapur,"Womens College_City Center, Durgapur - WBPCB","20-07-2026 15:00:00",23.549395,87.300496,NO2,34,38,36
India,"West Bengal",Durgapur,"Womens College_City Center, Durgapur - WBPCB","20-07-2026 15:00:00",23.549395,87.300496,OZONE,9,17,12
India,"West Bengal",Haldia,"Priyambada Housing Estate, Haldia - WBPCB","20-07-2026 15:00:00",22.06047,88.109737,SO2,4,17,8
India,"West Bengal",Haldia,"Priyambada Housing Estate, Haldia - WBPCB","20-07-2026 15:00:00",22.06047,88.109737,OZONE,22,28,25
India,"West Bengal",Howrah,"Botanical Garden, Howrah - WBPCB","20-07-2026 15:00:00",22.554954,88.292568,SO2,4,5,5
India,"West Bengal",Howrah,"Belur Math, Howrah - WBPCB","20-07-2026 15:00:00",22.629801,88.352017,PM2.5,28,74,44
India,"West Bengal",Howrah,"Belur Math, Howrah - WBPCB","20-07-2026 15:00:00",22.629801,88.352017,NO2,20,61,31
India,"West Bengal",Howrah,"Belur Math, Howrah - WBPCB","20-07-2026 15:00:00",22.629801,88.352017,NH3,4,5,4
India,"West Bengal",Howrah,"Ghusuri, Howrah - WBPCB","20-07-2026 15:00:00",22.611968,88.347422,PM10,47,93,64
India,"Uttar Pradesh",Moradabad,"Kashiram Nagar, Moradabad - UPPCB","20-07-2026 15:00:00",28.849399,78.742362,NO2,24,25,24
India,"Uttar Pradesh",Moradabad,"Kashiram Nagar, Moradabad - UPPCB","20-07-2026 15:00:00",28.849399,78.742362,OZONE,7,48,24
India,"Uttar Pradesh",Muzaffarnagar,"New Mandi, Muzaffarnagar - UPPCB","20-07-2026 15:00:00",29.4723508,77.7194031,OZONE,19,32,27
India,"Uttar Pradesh",Noida,"Sector-116, Noida - UPPCB","20-07-2026 15:00:00",28.56923,77.393848,NO2,14,35,26
India,"Uttar Pradesh",Noida,"Sector-116, Noida - UPPCB","20-07-2026 15:00:00",28.56923,77.393848,OZONE,10,31,22
India,"Uttar Pradesh",Noida,"Sector-1, Noida - UPPCB","20-07-2026 15:00:00",28.5898,77.3101,PM2.5,13,144,79
India,"Uttar Pradesh",Noida,"Sector-1, Noida - UPPCB","20-07-2026 15:00:00",28.5898,77.3101,NO2,27,50,37
India,"Uttar Pradesh",Noida,"Sector-1, Noida - UPPCB","20-07-2026 15:00:00",28.5898,77.3101,NH3,10,13,11
India,"Uttar Pradesh",Noida,"Sector - 125, Noida - UPPCB","20-07-2026 15:00:00",28.5447608,77.3231257,NH3,18,36,24
India,"Uttar Pradesh",Noida,"Sector - 62, Noida - IITM","20-07-2026 15:00:00",28.6245479,77.3577104,PM10,71,173,119
India,"Uttar Pradesh",Noida,"Sector - 62, Noida - IITM","20-07-2026 15:00:00",28.6245479,77.3577104,NH3,NA,NA,NA
India,"Uttar Pradesh",Noida,"Sector - 62, Noida - IITM","20-07-2026 15:00:00",28.6245479,77.3577104,SO2,NA,NA,NA
India,"Uttar Pradesh",Prayagraj,"Jhunsi, Prayagraj - UPPCB","20-07-2026 15:00:00",25.425602,81.917152,PM2.5,NA,NA,NA
India,"Uttar Pradesh",Prayagraj,"Motilal Nehru NIT, Prayagraj - UPPCB","20-07-2026 15:00:00",25.494,81.863,CO,2,14,11
India,"Uttar Pradesh",Prayagraj,"Motilal Nehru NIT, Prayagraj - UPPCB","20-07-2026 15:00:00",25.494,81.863,OZONE,7,22,14
India,"Uttar Pradesh",Prayagraj,"Nagar Nigam, Prayagraj - UPPCB","20-07-2026 15:00:00",25.44919916,81.82735986,CO,13,14,14
India,"Uttar Pradesh",Raebareli,"Anand Nagar, Raebareli - UPPCB","20-07-2026 15:00:00",26.219512,81.237648,NO2,15,18,16
India,"Uttar Pradesh",Raebareli,"Anand Nagar, Raebareli - UPPCB","20-07-2026 15:00:00",26.219512,81.237648,OZONE,54,59,56
India,"Uttar Pradesh",Raebareli," Indira Nagar, Raebareli - NTPC Unchahar","20-07-2026 15:00:00",26.207781,81.245571,CO,NA,NA,NA
India,"Uttar Pradesh",Varanasi,"Maldahiya, Varanasi - UPPCB","20-07-2026 15:00:00",25.32393,82.99687,OZONE,3,4,4
India,"Uttar Pradesh",Varanasi,"IESD Banaras Hindu University, Varanasi - UPPCB","20-07-2026 15:00:00",25.262326,82.995408,PM10,9,41,24
India,"Uttar Pradesh",Varanasi,"IESD Banaras Hindu University, Varanasi - UPPCB","20-07-2026 15:00:00",25.262326,82.995408,CO,3,4,4
India,"Uttar Pradesh",Varanasi,"Ardhali Bazar, Varanasi - UPPCB","20-07-2026 15:00:00",25.3505986,82.9083074,PM2.5,10,61,33
India,"Uttar Pradesh",Vrindavan,"Omex Eternity, Vrindavan - UPPCB","20-07-2026 15:00:00",27.571409,77.655757,NO2,27,27,27
India,"Uttar Pradesh",Khora,"Prashant Garden, Khora - UPPCB","20-07-2026 15:00:00",28.61119,77.34206,NH3,10,11,10
India,"Uttar Pradesh",Khurja,"Kalindi Kunj, Khurja - UPPCB","20-07-2026 15:00:00",28.2348927,77.8683002,SO2,10,11,10
India,"Uttar Pradesh",Lucknow,"Kendriya Vidyalaya, Lucknow - CPCB","20-07-2026 15:00:00",26.906111,80.948222,PM10,29,55,38
India,"Uttar Pradesh",Lucknow,"Kendriya Vidyalaya, Lucknow - CPCB","20-07-2026 15:00:00",26.906111,80.948222,OZONE,23,39,32
India,"Uttar Pradesh",Lucknow,"Gomti Nagar, Lucknow - UPPCB","20-07-2026 15:00:00",26.86812,81.005119,CO,37,38,37
India,"Uttar Pradesh",Lucknow,"Lalbagh, Lucknow - CPCB","20-07-2026 15:00:00",26.8458805,80.9365541,NH3,10,19,14
India,"Uttar Pradesh",Lucknow,"Kukrail Picnic Spot-1, Lucknow - UPPCB","20-07-2026 15:00:00",26.90723,80.98579,OZONE,12,14,13
India,"Uttar Pradesh",Lucknow,"B R Ambedkar University, Lucknow - UPPCB","20-07-2026 15:00:00",26.766433,80.927299,NH3,3,3,3
India,"Uttar Pradesh",Mathura,"Pali Dungra, Mathura - UPPCB","20-07-2026 15:00:00",27.410954,77.550619,PM10,49,145,88
India,"Uttar Pradesh",Mathura,"Pali Dungra, Mathura - UPPCB","20-07-2026 15:00:00",27.410954,77.550619,CO,8,14,10
India,"West Bengal",Siliguri,"Ward-32 Bapupara, Siliguri - WBPCB","20-07-2026 15:00:00",26.6879226,88.4152495,OZONE,23,28,25
India,"Andhra Pradesh",Machilipatnam,"Srinivas Nagar Colony, Machilipatnam - APPCB","20-07-2026 15:00:00",16.186555,81.13219,NH3,3,4,4
India,"Andhra Pradesh",Nellore,"Ambedkar Nagar, Nellore - APPCB ","20-07-2026 15:00:00",14.438164,79.966814,CO,32,40,37
India,"Andhra Pradesh",Rajamahendravaram,"Anand Kala Kshetram, Rajamahendravaram - APPCB","20-07-2026 15:00:00",16.9872867,81.7363176,CO,13,13,13
India,"Andhra Pradesh",Tirumala,"Toll Gate, Tirumala - APPCB","20-07-2026 15:00:00",13.67,79.35,PM10,38,156,120
India,"Andhra Pradesh",Tirumala,"Toll Gate, Tirumala - APPCB","20-07-2026 15:00:00",13.67,79.35,NO2,37,70,53
India,"Andhra Pradesh",Tirumala,"Toll Gate, Tirumala - APPCB","20-07-2026 15:00:00",13.67,79.35,SO2,1,7,5
India,"Andhra Pradesh",Tirumala,"Toll Gate, Tirumala - APPCB","20-07-2026 15:00:00",13.67,79.35,OZONE,9,14,11
India,"Andhra Pradesh",Tirupati,"Vaikuntapuram, Tirupati - APPCB","20-07-2026 15:00:00",13.615387,79.40923,PM10,NA,NA,NA
India,"Andhra Pradesh",Tirupati,"Vaikuntapuram, Tirupati - APPCB","20-07-2026 15:00:00",13.615387,79.40923,NH3,NA,NA,NA
India,"Andhra Pradesh",Vijayawada,"Rajiv Gandhi Park, Vijayawada - APPCB","20-07-2026 15:00:00",16.509717,80.612222,PM10,14,290,74
India,"Andhra Pradesh",Vijayawada,"Rajiv Gandhi Park, Vijayawada - APPCB","20-07-2026 15:00:00",16.509717,80.612222,NH3,3,7,5
India,"Andhra Pradesh",Vijayawada,"Rajiv Gandhi Park, Vijayawada - APPCB","20-07-2026 15:00:00",16.509717,80.612222,CO,32,65,49
India,Bihar,Patna,"Govt. High School Shikarpur, Patna - BSPCB","20-07-2026 15:00:00",25.592539,85.227158,OZONE,41,88,66
India,Bihar,Patna,"Rajbansi Nagar, Patna - BSPCB","20-07-2026 15:00:00",25.599486,85.113666,PM10,27,55,39
India,Bihar,Patna,"Muradpur, Patna - BSPCB","20-07-2026 15:00:00",25.619651,85.147382,SO2,8,13,11
India,Bihar,Patna,"Samanpura, Patna - BSPCB","20-07-2026 15:00:00",25.596727,85.085624,CO,20,23,21
India,Bihar,Patna,"Samanpura, Patna - BSPCB","20-07-2026 15:00:00",25.596727,85.085624,OZONE,44,46,45
India,Bihar,Patna,"IGSC Planetarium Complex, Patna - BSPCB","20-07-2026 15:00:00",25.610369,85.132568,CO,22,32,29
India,Bihar,Patna,"DRM Office Danapur, Patna - BSPCB","20-07-2026 15:00:00",25.586562,85.043586,PM2.5,23,62,39
India,Bihar,Patna,"DRM Office Danapur, Patna - BSPCB","20-07-2026 15:00:00",25.586562,85.043586,CO,30,38,36
India,Bihar,Patna,"DRM Office Danapur, Patna - BSPCB","20-07-2026 15:00:00",25.586562,85.043586,OZONE,10,12,11
India,Bihar,Purnia,"Mariam Nagar, Purnia - BSPCB","20-07-2026 15:00:00",25.366336,87.117468,PM2.5,NA,NA,NA
India,Bihar,Purnia,"Mariam Nagar, Purnia - BSPCB","20-07-2026 15:00:00",25.366336,87.117468,PM10,NA,NA,NA
India,Bihar,Purnia,"Mariam Nagar, Purnia - BSPCB","20-07-2026 15:00:00",25.366336,87.117468,NH3,NA,NA,NA
India,Bihar,Purnia,"Mariam Nagar, Purnia - BSPCB","20-07-2026 15:00:00",25.366336,87.117468,SO2,NA,NA,NA
India,Bihar,Araria,"Kharahiya Basti, Araria - BSPCB","20-07-2026 15:00:00",26.146529,87.454184,SO2,20,22,21
India,Bihar,Araria,"Kharahiya Basti, Araria - BSPCB","20-07-2026 15:00:00",26.146529,87.454184,OZONE,37,42,39
India,Bihar,Arrah,"New DM Office, Arrah - BSPCB","20-07-2026 15:00:00",25.5626095,84.663264,OZONE,7,9,8
India,Bihar,Aurangabad,"Gurdeo Nagar, Aurangabad - BSPCB","20-07-2026 15:00:00",24.75746,84.366208,NH3,1,2,1
India,Bihar,Aurangabad,"Gurdeo Nagar, Aurangabad - BSPCB","20-07-2026 15:00:00",24.75746,84.366208,CO,101,104,102
India,Bihar,Begusarai,"Lohiyanagar, Begusarai - BSPCB","20-07-2026 15:00:00",25.42742023,86.13886079,PM10,NA,NA,NA
India,Bihar,Begusarai,"Lohiyanagar, Begusarai - BSPCB","20-07-2026 15:00:00",25.42742023,86.13886079,NO2,5,12,9
India,Bihar,Begusarai,"Lohiyanagar, Begusarai - BSPCB","20-07-2026 15:00:00",25.42742023,86.13886079,OZONE,38,40,39
India,Bihar,Bettiah,"Kamalnath Nagar, Bettiah - BSPCB","20-07-2026 15:00:00",26.80365,84.51954,OZONE,14,31,23
India,Bihar,Bhagalpur,"Mayaganj, Bhagalpur - BSPCB","20-07-2026 15:00:00",25.265194,87.012947,OZONE,10,41,19
India,Bihar,"Bihar Sharif","D M Colony, Bihar Sharif - BSPCB","20-07-2026 15:00:00",25.204762,85.51496,PM10,NA,NA,NA
India,Bihar,Kishanganj,"SDM Office_Khagra, Kishanganj - BSPCB","20-07-2026 15:00:00",26.0881305,87.93840336,NO2,7,8,7
India,Bihar,Kishanganj,"SDM Office_Khagra, Kishanganj - BSPCB","20-07-2026 15:00:00",26.0881305,87.93840336,NH3,3,3,3
India,Bihar,Kishanganj,"SDM Office_Khagra, Kishanganj - BSPCB","20-07-2026 15:00:00",26.0881305,87.93840336,CO,13,14,13
India,Bihar,Manguraha,"Forest Rest House, Manguraha - BSPCB","20-07-2026 15:00:00",27.308328,84.531742,NO2,NA,NA,NA
India,Bihar,Manguraha,"Forest Rest House, Manguraha - BSPCB","20-07-2026 15:00:00",27.308328,84.531742,SO2,11,18,16
India,Bihar,Motihari,"Gandak Colony, Motihari - BSPCB","20-07-2026 15:00:00",26.63086,84.90051,PM2.5,NA,NA,NA
India,Bihar,Motihari,"Gandak Colony, Motihari - BSPCB","20-07-2026 15:00:00",26.63086,84.90051,SO2,3,3,3
India,Bihar,Munger,"Town Hall, Munger - BSPCB","20-07-2026 15:00:00",25.376776,86.471523,PM2.5,NA,NA,NA
India,Bihar,Muzaffarpur,"Buddha Colony, Muzaffarpur - BSPCB","20-07-2026 15:00:00",26.11442,85.39813,PM2.5,20,66,44
India,Bihar,Muzaffarpur,"Muzaffarpur Collectorate, Muzaffarpur - BSPCB","20-07-2026 15:00:00",26.1209,85.3647,PM10,NA,NA,NA
India,Bihar,Muzaffarpur,"MIT-Daudpur Kothi, Muzaffarpur - BSPCB","20-07-2026 15:00:00",26.1403345,85.3650192,NH3,1,2,2
India,Assam,Guwahati,"Railway Colony, Guwahati - PCBA","20-07-2026 15:00:00",26.181742,91.78063,SO2,43,51,46
India,Assam,Guwahati,"Railway Colony, Guwahati - PCBA","20-07-2026 15:00:00",26.181742,91.78063,OZONE,15,26,19
India,Assam,Guwahati,"LGBI Airport, Guwahati - PCBA","20-07-2026 15:00:00",26.10887,91.589544,PM10,21,58,47
India,Assam,Guwahati,"LGBI Airport, Guwahati - PCBA","20-07-2026 15:00:00",26.10887,91.589544,SO2,3,14,11
India,Assam,Nagaon,"Christianpatty, Nagaon - PCBA","20-07-2026 15:00:00",26.349082,92.68449,PM10,34,57,43
India,Assam,Nalbari,"Bata Chowk, Nalbari - PCBA","20-07-2026 15:00:00",26.446912,91.439057,NO2,13,16,14
India,Assam,Nalbari,"Bata Chowk, Nalbari - PCBA","20-07-2026 15:00:00",26.446912,91.439057,OZONE,19,19,19
India,Assam,Sivasagar,"Girls College, Sivasagar - PCBA","20-07-2026 15:00:00",26.987634,94.636574,PM2.5,14,14,14
India,Assam,Sivasagar,"Girls College, Sivasagar - PCBA","20-07-2026 15:00:00",26.987634,94.636574,NH3,4,7,6
India,Bihar,Rajgir,"Dangi Tola, Rajgir - BSPCB","20-07-2026 15:00:00",25.0328,85.41948,SO2,3,3,3
India,Bihar,Rajgir,"Dangi Tola, Rajgir - BSPCB","20-07-2026 15:00:00",25.0328,85.41948,OZONE,21,95,45
India,Bihar,Saharsa,"Police Line, Saharsa - BSPCB","20-07-2026 15:00:00",25.892357,86.590325,PM10,NA,NA,NA
India,Bihar,Samastipur,"DM Office_Kasipur, Samastipur - BSPCB","20-07-2026 15:00:00",25.859655,85.77944,OZONE,6,6,6
India,Bihar,Sasaram,"Dada Peer, Sasaram - BSPCB","20-07-2026 15:00:00",24.952822,84.002396,PM2.5,20,425,287
India,Chandigarh,Chandigarh,"Sector-53, Chandigarh - CPCC","20-07-2026 15:00:00",30.719859,76.738637,NH3,7,29,25
India,Chhattisgarh,Bhilai,"Hathkhoj, Bhilai - CECB","20-07-2026 15:00:00",21.224231,81.40835,NH3,4,5,5
India,"Andhra Pradesh",Vijayawada,"HB Colony, Vijayawada - APPCB","20-07-2026 15:00:00",16.536107,80.594233,OZONE,20,28,24
India,"Arunachal Pradesh",Naharlagun,"Naharlagun, Naharlagun - APSPCB","20-07-2026 15:00:00",27.103358,93.679645,NH3,1,1,1
India,"Arunachal Pradesh",Naharlagun,"Naharlagun, Naharlagun - APSPCB","20-07-2026 15:00:00",27.103358,93.679645,CO,3,5,4
India,Assam,Byrnihat,"Central Academy for SFS, Byrnihat - PCBA","20-07-2026 15:00:00",26.071318,91.87488,PM2.5,60,103,72
India,Assam,Byrnihat,"Central Academy for SFS, Byrnihat - PCBA","20-07-2026 15:00:00",26.071318,91.87488,OZONE,22,22,22
India,Assam,Guwahati,"IITG, Guwahati - PCBA","20-07-2026 15:00:00",26.2028636,91.70046436,PM10,NA,NA,NA
India,Assam,Guwahati,"IITG, Guwahati - PCBA","20-07-2026 15:00:00",26.2028636,91.70046436,NH3,5,5,5
India,"Andhra Pradesh",Chittoor,"Gangineni Cheruvu, Chittoor - APPCB","20-07-2026 15:00:00",13.20488,79.097889,SO2,15,23,16
India,"Andhra Pradesh",Chittoor,"Gangineni Cheruvu, Chittoor - APPCB","20-07-2026 15:00:00",13.20488,79.097889,OZONE,34,45,38
India,"Andhra Pradesh",Eluru,"District Court, Eluru - APPCB","20-07-2026 15:00:00",16.711754,81.092095,OZONE,5,16,11
India,"Andhra Pradesh",Guntur,"Rajendra Nagar North, Guntur - APPCB","20-07-2026 15:00:00",16.316553,80.413302,NH3,3,12,7
India,"Andhra Pradesh",Guntur,"Rajendra Nagar North, Guntur - APPCB","20-07-2026 15:00:00",16.316553,80.413302,OZONE,22,48,29
India,"Andhra Pradesh",Kadapa,"Yerramukkapalli, Kadapa - APPCB","20-07-2026 15:00:00",14.465052,78.824187,SO2,10,17,13
India,Bihar,Gaya,"SFTI Kusdihra, Gaya - BSPCB","20-07-2026 15:00:00",24.762518,84.982348,NO2,21,28,25
India,Bihar,Gaya,"Kareemganj, Gaya - BSPCB","20-07-2026 15:00:00",24.792403,84.992416,PM2.5,20,304,120
India,Bihar,Gaya,"Kareemganj, Gaya - BSPCB","20-07-2026 15:00:00",24.792403,84.992416,SO2,41,46,43
India,Bihar,Gaya,"Kareemganj, Gaya - BSPCB","20-07-2026 15:00:00",24.792403,84.992416,OZONE,27,78,50
India,Bihar,Hajipur,"Industrial Area, Hajipur - BSPCB","20-07-2026 15:00:00",25.697189,85.2459,PM10,21,55,45
India,"Andhra Pradesh",Amaravati,"Secretariat, Amaravati - APPCB","20-07-2026 15:00:00",16.5150833,80.5181667,SO2,8,19,11
India,Chhattisgarh,Raipur,"AIIMS, Raipur - CECB","20-07-2026 15:00:00",21.258815,81.578979,NO2,1,9,4
India,Chhattisgarh,Raipur,"AIIMS, Raipur - CECB","20-07-2026 15:00:00",21.258815,81.578979,CO,17,33,26
India,Chhattisgarh,Raipur,"Siltara Phase-II, Raipur - CECB","20-07-2026 15:00:00",21.371751,81.664929,NH3,NA,NA,NA
India,Chhattisgarh,Raipur,"Siltara Phase-II, Raipur - CECB","20-07-2026 15:00:00",21.371751,81.664929,SO2,NA,NA,NA
India,Chhattisgarh,Raipur,"Bhatagaon New ISBT, Raipur - CECB","20-07-2026 15:00:00",21.219665,81.630094,PM10,9,36,16
India,Chhattisgarh,Raipur,"Bhatagaon New ISBT, Raipur - CECB","20-07-2026 15:00:00",21.219665,81.630094,SO2,1,4,3
India,Chhattisgarh,Raipur,"Krishak Nagar, Raipur - CECB","20-07-2026 15:00:00",21.237755,81.705301,NH3,2,2,2
India,Chhattisgarh,Tumidih,"OP Jindal Industrial Park, Tumidih - CECB","20-07-2026 15:00:00",22.06631475,83.33820077,NH3,1,2,2
India,Chhattisgarh,Tumidih,"OP Jindal Industrial Park, Tumidih - CECB","20-07-2026 15:00:00",22.06631475,83.33820077,SO2,5,6,5
India,Delhi,Delhi,"Commonwealth Sports Complex, Delhi - DPCC","20-07-2026 15:00:00",28.615828,77.271992,NH3,0,0,0
India,Delhi,Delhi,"Commonwealth Sports Complex, Delhi - DPCC","20-07-2026 15:00:00",28.615828,77.271992,OZONE,6,31,18
India,Delhi,Delhi,"ITO, Delhi - CPCB","20-07-2026 15:00:00",28.628624,77.24106,OZONE,17,62,39
India,Delhi,Delhi,"R K Puram, Delhi - DPCC","20-07-2026 15:00:00",28.563262,77.186937,PM10,78,177,123
India,Delhi,Delhi,"R K Puram, Delhi - DPCC","20-07-2026 15:00:00",28.563262,77.186937,NO2,17,38,28
India,Delhi,Delhi,"R K Puram, Delhi - DPCC","20-07-2026 15:00:00",28.563262,77.186937,SO2,21,107,30
India,Delhi,Delhi,"Sirifort, Delhi - CPCB","20-07-2026 15:00:00",28.5504249,77.2159377,CO,14,34,25
India,Delhi,Delhi,"IIT Delhi, Delhi - IITM","20-07-2026 15:00:00",28.54246,77.191651,PM10,103,221,159
India,Delhi,Delhi,"North Campus, DU, Delhi - IITM","20-07-2026 15:00:00",28.6573814,77.1585447,SO2,NA,NA,NA
India,Delhi,Delhi,"Wazirpur, Delhi - DPCC","20-07-2026 15:00:00",28.699793,77.165453,PM10,121,323,199
India,Delhi,Delhi,"Mundka, Delhi - DPCC","20-07-2026 15:00:00",28.684678,77.076574,OZONE,2,6,4
India,Delhi,Delhi,"Najafgarh, Delhi - DPCC","20-07-2026 15:00:00",28.570173,76.933762,PM2.5,32,95,58
India,Delhi,Delhi,"Najafgarh, Delhi - DPCC","20-07-2026 15:00:00",28.570173,76.933762,PM10,68,139,95
India,Delhi,Delhi,"Najafgarh, Delhi - DPCC","20-07-2026 15:00:00",28.570173,76.933762,CO,28,48,36
India,Delhi,Delhi,"Jahangirpuri, Delhi - DPCC","20-07-2026 15:00:00",28.73282,77.170633,PM2.5,18,340,155
India,Delhi,Delhi,"Jahangirpuri, Delhi - DPCC","20-07-2026 15:00:00",28.73282,77.170633,SO2,9,14,11
India,Delhi,Delhi,"Jahangirpuri, Delhi - DPCC","20-07-2026 15:00:00",28.73282,77.170633,CO,41,52,49
India,Delhi,Delhi,"Cantonment Area, Delhi - DPCC","20-07-2026 15:00:00",28.594169,77.1251,NH3,1,3,2
India,Delhi,Delhi,"Vivek Vihar, Delhi - DPCC","20-07-2026 15:00:00",28.672342,77.31526,PM2.5,58,100,78
India,Delhi,Delhi,"Vivek Vihar, Delhi - DPCC","20-07-2026 15:00:00",28.672342,77.31526,CO,28,43,37
India,Delhi,Delhi,"Vivek Vihar, Delhi - DPCC","20-07-2026 15:00:00",28.672342,77.31526,OZONE,15,31,22
India,Delhi,Delhi,"Alipur, Delhi - DPCC","20-07-2026 15:00:00",28.815329,77.15301,PM10,77,221,137
India,Chhattisgarh,Bhilai,"32Bungalows, Bhilai - CECB","20-07-2026 15:00:00",21.194815,81.31477,PM10,17,37,24
India,Chhattisgarh,Bhilai,"Civic Center, Bhilai - Bhilai Steel Plant","20-07-2026 15:00:00",21.185571,81.343175,CO,19,21,20
India,Chhattisgarh,Bilaspur,"Mangala, Bilaspur - NTPC","20-07-2026 15:00:00",22.08815,82.13737,NH3,NA,NA,NA
India,Chhattisgarh,Bilaspur,"Mangala, Bilaspur - NTPC","20-07-2026 15:00:00",22.08815,82.13737,CO,16,41,28
India,Chhattisgarh,Chhal,"Nawapara SECL Colony, Chhal - CECB","20-07-2026 15:00:00",22.118125,83.140608,PM10,30,90,52
India,Chhattisgarh,Korba,"Rampur, Korba - CECB","20-07-2026 15:00:00",22.368195,82.746431,PM10,0,125,51
India,Chhattisgarh,Korba,"Urja Nagar, Korba - CECB","20-07-2026 15:00:00",22.348441,82.549611,CO,15,30,26
India,Chhattisgarh,Kunjemura,"OP Jindal School, Kunjemura - CECB","20-07-2026 15:00:00",22.12665,83.483212,SO2,9,17,13
India,Chhattisgarh,Milupara,"Govt. Higher Secondary School, Milupara - CECB","20-07-2026 15:00:00",22.1910172,83.5197009,PM2.5,15,47,26
India,Chhattisgarh,Raipur,"AIIMS, Raipur - CECB","20-07-2026 15:00:00",21.258815,81.578979,PM2.5,12,29,19
India,Chhattisgarh,Raipur,"AIIMS, Raipur - CECB","20-07-2026 15:00:00",21.258815,81.578979,PM10,10,37,21
India,Delhi,Delhi,"IGI Airport (T3), Delhi - IITM","20-07-2026 15:00:00",28.5627763,77.1180053,PM10,109,189,134
India,Delhi,Delhi,"Patparganj, Delhi - DPCC","20-07-2026 15:00:00",28.623763,77.287209,NO2,14,29,22
India,Delhi,Delhi,"Punjabi Bagh, Delhi - DPCC","20-07-2026 15:00:00",28.674045,77.131023,SO2,36,51,43
India,Delhi,Delhi,"Shadipur, Delhi - CPCB","20-07-2026 15:00:00",28.6514781,77.1473105,SO2,5,18,13
India,Delhi,Delhi,"Nehru Nagar, Delhi - DPCC","20-07-2026 15:00:00",28.56789,77.250515,PM10,97,230,142
India,Delhi,Delhi,"Nehru Nagar, Delhi - DPCC","20-07-2026 15:00:00",28.56789,77.250515,SO2,1,93,8
India,Delhi,Delhi,"Talkatora Garden, Delhi - DPCC","20-07-2026 15:00:00",28.62181,77.1944633,NH3,2,12,7
India,Delhi,Delhi,"Sonia Vihar, Delhi - DPCC","20-07-2026 15:00:00",28.710508,77.249485,NO2,2,15,11
India,Delhi,Delhi,"Sonia Vihar, Delhi - DPCC","20-07-2026 15:00:00",28.710508,77.249485,CO,53,67,59
India,Gujarat,Ahmedabad,"SVPI Airport Hansol, Ahmedabad - IITM","20-07-2026 15:00:00",23.076793,72.627874,NO2,NA,NA,NA
India,Delhi,Delhi,"Narela, Delhi - DPCC","20-07-2026 15:00:00",28.822836,77.101981,NO2,5,24,15
India,Delhi,Delhi,"Narela, Delhi - DPCC","20-07-2026 15:00:00",28.822836,77.101981,CO,40,46,42
India,Delhi,Delhi,"DTU, Delhi - CPCB","20-07-2026 15:00:00",28.7500499,77.1112615,SO2,22,31,24
India,Delhi,Delhi,"Pusa, Delhi - IITM","20-07-2026 15:00:00",28.63611,77.173332,PM10,66,159,108
India,Delhi,Delhi,"Pusa, Delhi - IITM","20-07-2026 15:00:00",28.63611,77.173332,OZONE,34,74,49
India,Delhi,Delhi,"Dwarka-Sector 8, Delhi - DPCC ","20-07-2026 15:00:00",28.5710274,77.0719006,NO2,23,64,42
India,Delhi,Delhi,"Dwarka-Sector 8, Delhi - DPCC ","20-07-2026 15:00:00",28.5710274,77.0719006,NH3,7,16,10
India,Delhi,Delhi,"Dwarka-Sector 8, Delhi - DPCC ","20-07-2026 15:00:00",28.5710274,77.0719006,OZONE,3,14,8
India,Delhi,Delhi,"Ashok Vihar, Delhi - DPCC","20-07-2026 15:00:00",28.695381,77.181665,NO2,13,29,21
India,Delhi,Delhi,"Ashok Vihar, Delhi - DPCC","20-07-2026 15:00:00",28.695381,77.181665,NH3,6,9,7
India,Delhi,Delhi,"Dr. Karni Singh Shooting Range, Delhi - DPCC","20-07-2026 15:00:00",28.498571,77.26484,PM2.5,20,180,66
India,Delhi,Delhi,"Dr. Karni Singh Shooting Range, Delhi - DPCC","20-07-2026 15:00:00",28.498571,77.26484,CO,25,44,31
India,Gujarat,Ahmedabad,"Maninagar, Ahmedabad - GPCB","20-07-2026 15:00:00",23.002657,72.591912,NO2,33,35,34
India,Gujarat,Ahmedabad,"Gyaspur, Ahmedabad - IITM","20-07-2026 15:00:00",22.977134,72.553024,PM10,22,115,61
India,Gujarat,Ahmedabad,"Chandkheda, Ahmedabad - IITM","20-07-2026 15:00:00",23.107969,72.574648,CO,13,66,41
India,Gujarat,Ahmedabad,"SAC ISRO Satellite, Ahmedabad - IITM","20-07-2026 15:00:00",23.023389,72.515201,PM2.5,26,64,42
India,Gujarat,Ahmedabad,"SAC ISRO Satellite, Ahmedabad - IITM","20-07-2026 15:00:00",23.023389,72.515201,OZONE,12,24,17
India,Gujarat,Ahmedabad,"Raikhad, Ahmedabad - IITM","20-07-2026 15:00:00",23.020509,72.579261,PM10,40,78,63
India,Gujarat,Ahmedabad,"Rakhial, Ahmedabad - IITM","20-07-2026 15:00:00",23.016834,72.625775,OZONE,4,6,5
India,Gujarat,Ankleshwar,"GIDC, Ankleshwar - GPCB","20-07-2026 15:00:00",21.613267,73.010555,PM10,29,86,54
India,Gujarat,Bhavnagar,"Vidhyanagar, Bhavnagar - Nexteng Enviro","20-07-2026 15:00:00",21.755417,72.139056,NH3,3,4,4
India,Delhi,Delhi,"CRRI Mathura Road, Delhi - IITM","20-07-2026 15:00:00",28.5512005,77.2735737,CO,46,72,56
India,Delhi,Delhi,"NSUT Jaffarpur, Delhi - DPCC","20-07-2026 15:00:00",28.594004,76.909423,OZONE,18,30,26
India,Delhi,Delhi,"Okhla Phase-2, Delhi - DPCC","20-07-2026 15:00:00",28.530785,77.271255,PM10,77,163,116
India,Delhi,Delhi,"Okhla Phase-2, Delhi - DPCC","20-07-2026 15:00:00",28.530785,77.271255,CO,24,47,31
India,Delhi,Delhi,"Okhla Phase-2, Delhi - DPCC","20-07-2026 15:00:00",28.530785,77.271255,OZONE,0,4,2
India,Delhi,Delhi,"JNU, Delhi - DPCC","20-07-2026 15:00:00",28.540721,77.168544,CO,27,37,32
India,Delhi,Delhi,"Chandni Chowk, Delhi - IITM","20-07-2026 15:00:00",28.656756,77.227234,PM10,67,155,108
India,Delhi,Delhi,"Sri Aurobindo Marg, Delhi - DPCC","20-07-2026 15:00:00",28.531346,77.190156,NH3,2,5,3
India,Delhi,Delhi,"Major Dhyan Chand National Stadium, Delhi - DPCC","20-07-2026 15:00:00",28.611281,77.237738,SO2,0,3,1
India,Delhi,Delhi,"Rohini, Delhi - DPCC","20-07-2026 15:00:00",28.732528,77.11992,PM10,102,227,148
India,Delhi,Delhi,"Rohini, Delhi - DPCC","20-07-2026 15:00:00",28.732528,77.11992,OZONE,2,4,3
India,Delhi,Delhi,"Pusa, Delhi - DPCC","20-07-2026 15:00:00",28.639652,77.146275,NO2,13,70,30
India,Delhi,Delhi,"Mandir Marg, Delhi - DPCC","20-07-2026 15:00:00",28.636429,77.201067,SO2,17,59,24
India,Delhi,Delhi,"Aya Nagar, Delhi - IITM","20-07-2026 15:00:00",28.4706914,77.1099364,SO2,NA,NA,NA
India,Delhi,Delhi,"IMD Lodhi Road, Delhi - IITM","20-07-2026 15:00:00",28.5918245,77.2273074,NO2,5,13,9
India,Delhi,Delhi,"IMD Lodhi Road, Delhi - IITM","20-07-2026 15:00:00",28.5918245,77.2273074,CO,14,25,20
India,Delhi,Delhi,"Burari Crossing, Delhi - IITM","20-07-2026 15:00:00",28.7256504,77.2011573,PM2.5,7,160,69
India,Delhi,Delhi,"Burari Crossing, Delhi - IITM","20-07-2026 15:00:00",28.7256504,77.2011573,NO2,9,50,20
India,Delhi,Delhi,"Burari Crossing, Delhi - IITM","20-07-2026 15:00:00",28.7256504,77.2011573,NH3,NA,NA,NA
India,Gujarat,Gandhinagar,"Sector-10, Gandhinagar - GPCB","20-07-2026 15:00:00",23.221714,72.654328,CO,15,16,15
India,Gujarat,Gandhinagar,"IIPHG Lekawada, Gandhinagar - IITM","20-07-2026 15:00:00",23.243639,72.68994,NO2,4,12,7
India,Gujarat,Gandhinagar,"GIFT City, Gandhinagar - IITM","20-07-2026 15:00:00",23.163798,72.677768,PM2.5,29,54,39
India,Gujarat,Gandhinagar,"GIFT City, Gandhinagar - IITM","20-07-2026 15:00:00",23.163798,72.677768,PM10,36,104,67
India,Gujarat,Gandhinagar,"GIFT City, Gandhinagar - IITM","20-07-2026 15:00:00",23.163798,72.677768,NH3,2,3,2
India,Gujarat,Gandhinagar,"GIFT City, Gandhinagar - IITM","20-07-2026 15:00:00",23.163798,72.677768,CO,13,38,28
India,Gujarat,Gandhinagar,"GIFT City, Gandhinagar - IITM","20-07-2026 15:00:00",23.163798,72.677768,OZONE,15,24,19
India,Gujarat,Nandesari,"GIDC, Nandesari - Nandesari Ind. Association","20-07-2026 15:00:00",22.410802,73.097923,SO2,NA,NA,NA
India,Gujarat,Rajkot,"Mavdi, Rajkot - Nexteng Enviro ","20-07-2026 15:00:00",22.248853,70.776774,OZONE,21,28,25
India,Haryana,Narnaul,"Shastri Nagar, Narnaul - HSPCB","20-07-2026 15:00:00",28.060249,76.113115,PM2.5,42,88,66
India,Haryana,Narnaul,"Shastri Nagar, Narnaul - HSPCB","20-07-2026 15:00:00",28.060249,76.113115,PM10,45,93,71
India,Haryana,Narnaul,"Shastri Nagar, Narnaul - HSPCB","20-07-2026 15:00:00",28.060249,76.113115,NO2,25,30,28
India,Haryana,Narnaul,"Shastri Nagar, Narnaul - HSPCB","20-07-2026 15:00:00",28.060249,76.113115,OZONE,15,78,57
India,Haryana,Palwal,"Shyam Nagar, Palwal - HSPCB","20-07-2026 15:00:00",28.1485564,77.3320667,SO2,0,53,10
India,Haryana,Panchgaon,"Amity University, Panchgaon - IITM","20-07-2026 15:00:00",28.3153,76.9143,NO2,10,59,21
India,Haryana,Panchgaon,"Amity University, Panchgaon - IITM","20-07-2026 15:00:00",28.3153,76.9143,OZONE,19,27,22
India,Haryana,Rohtak,"MD University, Rohtak - HSPCB","20-07-2026 15:00:00",28.52123,76.37138,PM10,74,113,93
India,Haryana,Rohtak,"MD University, Rohtak - HSPCB","20-07-2026 15:00:00",28.52123,76.37138,NH3,NA,NA,NA
India,Haryana,Sirsa,"F-Block, Sirsa - HSPCB","20-07-2026 15:00:00",29.5364,75.0158,NO2,17,21,19
India,Haryana,Sirsa,"F-Block, Sirsa - HSPCB","20-07-2026 15:00:00",29.5364,75.0158,CO,71,96,82
India,Haryana,Sonipat,"Murthal, Sonipat - HSPCB","20-07-2026 15:00:00",29.0272,77.0621,OZONE,6,20,11
India,Haryana,"Yamuna Nagar","Gobind Pura, Yamuna Nagar - HSPCB","20-07-2026 15:00:00",30.1480566,77.2893471,PM10,30,104,60
India,Haryana,"Yamuna Nagar","Gobind Pura, Yamuna Nagar - HSPCB","20-07-2026 15:00:00",30.1480566,77.2893471,NO2,23,38,32
India,Haryana,"Yamuna Nagar","Gobind Pura, Yamuna Nagar - HSPCB","20-07-2026 15:00:00",30.1480566,77.2893471,NH3,7,10,8
India,Karnataka,Hubballi,"Lingaraj Nagar, Hubballi - KSPCB","20-07-2026 15:00:00",15.3714823,75.1160168,SO2,2,6,2
India,Karnataka,Hubballi,"Lingaraj Nagar, Hubballi - KSPCB","20-07-2026 15:00:00",15.3714823,75.1160168,OZONE,18,23,21
India,Karnataka,Kalaburagi,"Mahatma Basaveswar Colony, Kalaburgi - KSPCB","20-07-2026 15:00:00",17.336318,76.847397,PM10,10,39,21
India,Karnataka,Kalaburagi,"Mahatma Basaveswar Colony, Kalaburgi - KSPCB","20-07-2026 15:00:00",17.336318,76.847397,NH3,2,3,3
India,Karnataka,Karwar,"KHB Colony, Karwar - KSPCB","20-07-2026 15:00:00",14.816666,74.141003,PM2.5,33,83,50
India,Karnataka,Karwar,"KHB Colony, Karwar - KSPCB","20-07-2026 15:00:00",14.816666,74.141003,CO,14,28,17
India,Karnataka,Koppal,"Diwator Nagar, Koppal - KSPCB","20-07-2026 15:00:00",15.34763,76.181767,NO2,27,30,29
India,Karnataka,Madikeri,"Stuart Hill, Madikeri - KSPCB","20-07-2026 15:00:00",12.415911,75.73505,PM10,3,17,7
India,Karnataka,Mangalore,"Kadri, Mangalore - KSPCB","20-07-2026 15:00:00",12.88925,74.853,NH3,1,3,2
India,Karnataka,Mysuru,"Hebbal 1st Stage, Mysuru - KSPCB","20-07-2026 15:00:00",12.21041,76.37376,CO,6,25,16
India,Karnataka,Ramanagara,"Vijay Nagar, Ramanagara - KSPCB","20-07-2026 15:00:00",12.733409,77.298051,CO,19,42,26
India,Haryana,Bhiwani,"H.B. Colony, Bhiwani - HSPCB","20-07-2026 15:00:00",28.806223,76.141105,PM10,70,120,111
India,Haryana,Bhiwani,"H.B. Colony, Bhiwani - HSPCB","20-07-2026 15:00:00",28.806223,76.141105,NH3,2,3,2
India,Haryana,Bhiwani,"H.B. Colony, Bhiwani - HSPCB","20-07-2026 15:00:00",28.806223,76.141105,CO,14,22,18
India,Haryana,"Charkhi Dadri","Mini Secretariat, Charkhi Dadri - HSPCB","20-07-2026 15:00:00",28.593883,76.270653,PM10,38,88,62
India,Haryana,"Charkhi Dadri","Mini Secretariat, Charkhi Dadri - HSPCB","20-07-2026 15:00:00",28.593883,76.270653,NO2,9,24,15
India,Haryana,"Charkhi Dadri","Mini Secretariat, Charkhi Dadri - HSPCB","20-07-2026 15:00:00",28.593883,76.270653,CO,11,19,15
India,Haryana,Dharuhera,"Municipal Corporation Office, Dharuhera -  HSPCB","20-07-2026 15:00:00",28.2068,76.7997,PM10,73,105,85
India,Haryana,Dharuhera,"Municipal Corporation Office, Dharuhera -  HSPCB","20-07-2026 15:00:00",28.2068,76.7997,SO2,5,11,7
India,Haryana,Faridabad,"Sector 11, Faridabad - HSPCB","20-07-2026 15:00:00",28.376058,77.315741,PM10,24,320,152
India,Haryana,Faridabad,"New Industrial Town, Faridabad - HSPCB","20-07-2026 15:00:00",28.39072,77.30059,PM2.5,50,414,224
India,Haryana,Faridabad,"New Industrial Town, Faridabad - HSPCB","20-07-2026 15:00:00",28.39072,77.30059,PM10,NA,NA,NA
India,Haryana,Faridabad,"New Industrial Town, Faridabad - HSPCB","20-07-2026 15:00:00",28.39072,77.30059,SO2,7,17,12
India,Haryana,Faridabad,"New Industrial Town, Faridabad - HSPCB","20-07-2026 15:00:00",28.39072,77.30059,OZONE,13,14,14
India,Haryana,Hisar,"Urban Estate-II, Hisar - HSPCB","20-07-2026 15:00:00",29.14056,75.744941,NO2,25,33,30
India,Haryana,Jind,"Police Lines, Jind - HSPCB","20-07-2026 15:00:00",29.307814,76.337619,PM2.5,96,267,170
India,Haryana,Jind,"Police Lines, Jind - HSPCB","20-07-2026 15:00:00",29.307814,76.337619,OZONE,8,11,9
India,Haryana,Karnal,"Sector-12, Karnal - HSPCB","20-07-2026 15:00:00",29.6953,77.0027,PM10,23,486,163
India,Haryana,Karnal,"Sector-12, Karnal - HSPCB","20-07-2026 15:00:00",29.6953,77.0027,CO,44,56,51
India,Haryana,Kurukshetra,"Sector-7, Kurukshetra - HSPCB","20-07-2026 15:00:00",29.966942,76.875879,PM2.5,30,85,59
India,Haryana,Kurukshetra,"Sector-7, Kurukshetra - HSPCB","20-07-2026 15:00:00",29.966942,76.875879,NH3,0,19,14
India,Haryana,Kurukshetra,"Sector-7, Kurukshetra - HSPCB","20-07-2026 15:00:00",29.966942,76.875879,SO2,1,17,6
India,Haryana,Mandikhera,"General Hospital, Mandikhera(Nuh) - HSPCB","20-07-2026 15:00:00",27.9002,76.9938,NH3,7,9,8
India,Haryana,Mandikhera,"General Hospital, Mandikhera(Nuh) - HSPCB","20-07-2026 15:00:00",27.9002,76.9938,SO2,20,22,21
India,Haryana,Mandikhera,"General Hospital, Mandikhera(Nuh) - HSPCB","20-07-2026 15:00:00",27.9002,76.9938,CO,32,33,33
India,Haryana,Mandikhera,"General Hospital, Mandikhera(Nuh) - HSPCB","20-07-2026 15:00:00",27.9002,76.9938,OZONE,47,49,48
India,Karnataka,Bengaluru,"City Railway Station, Bengaluru - KSPCB","20-07-2026 15:00:00",12.9756843,77.5660749,CO,NA,NA,NA
India,Karnataka,Bengaluru,"Jigani, Bengaluru - KSPCB","20-07-2026 15:00:00",12.7816279,77.6299145,NO2,27,29,28
India,Karnataka,Bengaluru,"BTM Layout, Bengaluru - CPCB","20-07-2026 15:00:00",12.9135218,77.5950804,NH3,3,3,3
India,Karnataka,Bengaluru,"Sanegurava Halli, Bengaluru - KSPCB","20-07-2026 15:00:00",12.990328,77.5431385,PM2.5,NA,NA,NA
India,Karnataka,Bengaluru,"Sanegurava Halli, Bengaluru - KSPCB","20-07-2026 15:00:00",12.990328,77.5431385,NO2,18,18,18
India,Karnataka,Bengaluru,"Sanegurava Halli, Bengaluru - KSPCB","20-07-2026 15:00:00",12.990328,77.5431385,CO,19,46,25
India,Karnataka,Bengaluru,"BWSSB Kadabesanahalli, Bengaluru - CPCB","20-07-2026 15:00:00",12.9352049,77.6814488,SO2,2,5,4
India,Karnataka,Bengaluru,"BWSSB Kadabesanahalli, Bengaluru - CPCB","20-07-2026 15:00:00",12.9352049,77.6814488,OZONE,15,25,21
India,Karnataka,Bengaluru,"Hombegowda Nagar, Bengaluru - KSPCB","20-07-2026 15:00:00",12.938539,77.5901,NO2,9,27,17
India,Karnataka,Bengaluru,"Hebbal, Bengaluru - KSPCB","20-07-2026 15:00:00",13.029152,77.585901,NO2,14,20,18
India,Karnataka,Bengaluru,"Bapuji Nagar, Bengaluru - KSPCB","20-07-2026 15:00:00",12.951913,77.539784,OZONE,11,34,26
India,Karnataka,Bengaluru,"Silk Board, Bengaluru - KSPCB","20-07-2026 15:00:00",12.917348,77.622813,NH3,3,6,4
India,Karnataka,Bengaluru,"Silk Board, Bengaluru - KSPCB","20-07-2026 15:00:00",12.917348,77.622813,SO2,1,6,3
India,Karnataka,Bengaluru,"Jayanagar 5th Block, Bengaluru - KSPCB","20-07-2026 15:00:00",12.920984,77.584908,NO2,5,10,7
India,Karnataka,Bengaluru,"Jayanagar 5th Block, Bengaluru - KSPCB","20-07-2026 15:00:00",12.920984,77.584908,NH3,1,2,1
India,Karnataka,Chamarajanagar,"Urban, Chamarajanagar - KSPCB","20-07-2026 15:00:00",11.55358,76.55521,SO2,2,7,4
India,Karnataka,Chikkamagaluru,"Kalyana Nagara, Chikkamagaluru - KSPCB","20-07-2026 15:00:00",13.328028,75.797056,NH3,3,3,3
India,Karnataka,Chikkamagaluru,"Kalyana Nagara, Chikkamagaluru - KSPCB","20-07-2026 15:00:00",13.328028,75.797056,CO,NA,NA,NA
India,Karnataka,Dharwad,"Kalabhavan, Dharwad - KSPCB","20-07-2026 15:00:00",15.459706,75.008381,PM10,63,104,75
India,"Jammu and Kashmir",Pampore,"Khrew, Pampore - JKPCC","20-07-2026 15:00:00",34.031606,75.009712,OZONE,NA,NA,NA
India,"Jammu and Kashmir",Srinagar,"Rajbagh, Srinagar - JKPCC","20-07-2026 15:00:00",34.066206,74.81982,PM2.5,19,39,26
India,"Jammu and Kashmir",Srinagar,"Rajbagh, Srinagar - JKPCC","20-07-2026 15:00:00",34.066206,74.81982,OZONE,0,2,1
India,"Jammu and Kashmir",Srinagar,"Khunmoh, Srinagar - JKPCC","20-07-2026 15:00:00",34.06313,74.96017,PM10,24,79,50
India,"Jammu and Kashmir",Srinagar,"Khunmoh, Srinagar - JKPCC","20-07-2026 15:00:00",34.06313,74.96017,NO2,4,39,13
India,Jharkhand,Dhanbad,"Sardar Patel Nagar, Dhanbad - JSPCB","20-07-2026 15:00:00",23.80569,86.44268,PM2.5,NA,NA,NA
India,Jharkhand,Jorapokhar,"Tata Stadium, Jorapokhar - JSPCB","20-07-2026 15:00:00",23.707909,86.41467,NH3,3,3,3
India,Karnataka,Bagalkot,"Vidayagiri, Bagalkot - KSPCB","20-07-2026 15:00:00",16.172806,75.659694,PM2.5,32,33,32
India,Haryana,Gurugram,"Sector-51, Gurugram - HSPCB","20-07-2026 15:00:00",28.4227,77.0667,PM2.5,98,245,166
India,Haryana,Gurugram,"Sector-51, Gurugram - HSPCB","20-07-2026 15:00:00",28.4227,77.0667,CO,7,28,20
India,Haryana,Gurugram,"Teri Gram, Gurugram - HSPCB","20-07-2026 15:00:00",28.4275,77.1465,PM2.5,NA,NA,NA
India,Haryana,Gurugram,"Teri Gram, Gurugram - HSPCB","20-07-2026 15:00:00",28.4275,77.1465,SO2,NA,NA,NA
India,Haryana,Gurugram,"NISE Gwal Pahari, Gurugram - IITM","20-07-2026 15:00:00",28.422681,77.148944,SO2,NA,NA,NA
India,Haryana,Gurugram,"NISE Gwal Pahari, Gurugram - IITM","20-07-2026 15:00:00",28.422681,77.148944,OZONE,4,12,9
India,Haryana,Gurugram,"Vikas Sadan, Gurugram - HSPCB","20-07-2026 15:00:00",28.4501238,77.0263051,PM2.5,15,328,30
India,Haryana,Gurugram,"Vikas Sadan, Gurugram - HSPCB","20-07-2026 15:00:00",28.4501238,77.0263051,PM10,13,183,21
India,Haryana,Hisar,"Urban Estate-II, Hisar - HSPCB","20-07-2026 15:00:00",29.14056,75.744941,PM2.5,1,245,100
India,Haryana,Hisar,"Urban Estate-II, Hisar - HSPCB","20-07-2026 15:00:00",29.14056,75.744941,PM10,71,143,109
India,Gujarat,Vadodara,"Bapunagar, Vadodara - Nexteng Enviro","20-07-2026 15:00:00",22.320153,73.216285,PM10,42,71,53
India,Gujarat,Vadodara,"Bapunagar, Vadodara - Nexteng Enviro","20-07-2026 15:00:00",22.320153,73.216285,NH3,2,3,2
India,Gujarat,Vadodara,"Bapunagar, Vadodara - Nexteng Enviro","20-07-2026 15:00:00",22.320153,73.216285,OZONE,3,7,5
India,Gujarat,Vapi,"Phase-1 GIDC, Vapi - GPCB","20-07-2026 15:00:00",20.362421,72.918013,OZONE,4,10,7
India,Haryana,Ambala,"Patti Mehar, Ambala - HSPCB","20-07-2026 15:00:00",30.379589,76.778328,NO2,4,7,6
India,Haryana,Bahadurgarh,"Arya Nagar, Bahadurgarh - HSPCB","20-07-2026 15:00:00",28.6701,76.9254,CO,44,50,47
India,Kerala,Thrissur,"Corporation Ground, Thrissur - Kerala PCB","20-07-2026 15:00:00",10.5324,76.2159,NH3,0,0,0
India,Kerala,Thrissur,"Corporation Ground, Thrissur - Kerala PCB","20-07-2026 15:00:00",10.5324,76.2159,SO2,0,1,1
India,"Madhya Pradesh",Bhopal,"Idgah Hills, Bhopal - MPPCB","20-07-2026 15:00:00",23.264759,77.381568,SO2,5,7,6
India,"Madhya Pradesh",Bhopal,"Paryavaran Parisar, Bhopal - MPPCB","20-07-2026 15:00:00",23.210494,77.425409,NO2,12,16,13
India,"Madhya Pradesh",Bhopal,"Paryavaran Parisar, Bhopal - MPPCB","20-07-2026 15:00:00",23.210494,77.425409,CO,1,9,6
India,"Madhya Pradesh",Bhopal,"Paryavaran Parisar, Bhopal - MPPCB","20-07-2026 15:00:00",23.210494,77.425409,OZONE,19,48,27
India,"Madhya Pradesh",Bhopal,"T T Nagar, Bhopal - MPPCB","20-07-2026 15:00:00",23.233584,77.400574,NO2,11,18,14
India,"Madhya Pradesh",Bhopal,"T T Nagar, Bhopal - MPPCB","20-07-2026 15:00:00",23.233584,77.400574,OZONE,22,32,28
India,"Madhya Pradesh",Damoh,"Shrivastav Colony, Damoh - MPPCB","20-07-2026 15:00:00",23.81748678,79.446246,NO2,NA,NA,NA
India,"Madhya Pradesh",Damoh,"Shrivastav Colony, Damoh - MPPCB","20-07-2026 15:00:00",23.81748678,79.446246,SO2,40,58,50
India,"Madhya Pradesh",Dewas,"Bhopal Chauraha, Dewas - MPPCB","20-07-2026 15:00:00",22.9682591,76.064118,NO2,70,91,82
India,"Madhya Pradesh",Dewas,"Bhopal Chauraha, Dewas - MPPCB","20-07-2026 15:00:00",22.9682591,76.064118,SO2,4,67,30
India,"Madhya Pradesh",Dewas,"Bhopal Chauraha, Dewas - MPPCB","20-07-2026 15:00:00",22.9682591,76.064118,OZONE,11,115,31
India,"Madhya Pradesh",Gwalior,"City Center, Gwalior - MPPCB","20-07-2026 15:00:00",26.203442,78.193251,OZONE,17,58,41
India,"Madhya Pradesh",Gwalior,"Deen Dayal Nagar, Gwalior - MPPCB","20-07-2026 15:00:00",26.259242,78.216432,PM2.5,34,83,51
India,"Madhya Pradesh",Gwalior,"Deen Dayal Nagar, Gwalior - MPPCB","20-07-2026 15:00:00",26.259242,78.216432,NH3,3,8,6
India,"Madhya Pradesh",Gwalior,"Maharaj Bada, Gwalior - MPPCB","20-07-2026 15:00:00",26.200388,78.147714,PM10,44,82,63
India,Maharashtra,Boisar,"Khaira, Boisar - MPCB","20-07-2026 15:00:00",19.786089,72.757971,CO,8,18,12
India,Maharashtra,Boisar,"Khaira, Boisar - MPCB","20-07-2026 15:00:00",19.786089,72.757971,OZONE,NA,NA,NA
India,Maharashtra,Dombivli,"Kalu Nagar, Dombivli - MPCB","20-07-2026 15:00:00",19.2268427,73.0788456,NH3,1,2,1
India,Maharashtra,Hingoli,"Ashta Vinayak Nagar, Hingoli - MPCB","20-07-2026 15:00:00",19.710842,77.151824,CO,11,20,15
India,Maharashtra,Hingoli,"Ashta Vinayak Nagar, Hingoli - MPCB","20-07-2026 15:00:00",19.710842,77.151824,OZONE,13,30,23
India,Maharashtra,Jalgaon,"Prabhat Colony, Jalgaon - MPCB","20-07-2026 15:00:00",21.001264,75.565602,NH3,2,10,5
India,Maharashtra,Jalgaon,"Prabhat Colony, Jalgaon - MPCB","20-07-2026 15:00:00",21.001264,75.565602,SO2,1,3,2
India,Maharashtra,Jalna,"Old MIDC, Jalna - MPCB","20-07-2026 15:00:00",19.854616,75.905894,PM2.5,10,27,21
India,Maharashtra,Jalna,"Old MIDC, Jalna - MPCB","20-07-2026 15:00:00",19.854616,75.905894,PM10,14,37,29
India,Maharashtra,Jalna,"Old MIDC, Jalna - MPCB","20-07-2026 15:00:00",19.854616,75.905894,NH3,3,6,4
India,Maharashtra,Kalyan,"Khadakpada, Kalyan - MPCB","20-07-2026 15:00:00",19.25292,73.142019,NH3,1,1,1
India,Maharashtra,Kalyan,"Khadakpada, Kalyan - MPCB","20-07-2026 15:00:00",19.25292,73.142019,SO2,NA,NA,NA
India,Maharashtra,Kalyan,"Khadakpada, Kalyan - MPCB","20-07-2026 15:00:00",19.25292,73.142019,CO,NA,NA,NA
India,Maharashtra,Kalyan,"Pimpleshwar Mandir, Kalyan - MPCB","20-07-2026 15:00:00",19.192056,72.9585188,SO2,9,14,12
India,Maharashtra,Kalyan,"Pimpleshwar Mandir, Kalyan - MPCB","20-07-2026 15:00:00",19.192056,72.9585188,OZONE,10,13,12
India,Maharashtra,Kolhapur,"Sinchan Bhavan, Kolhapur - MPCB","20-07-2026 15:00:00",16.7143745,74.2426398,PM10,NA,NA,NA
India,Maharashtra,Kolhapur,"Sinchan Bhavan, Kolhapur - MPCB","20-07-2026 15:00:00",16.7143745,74.2426398,OZONE,24,26,25
India,"Madhya Pradesh",Jabalpur,"Govindh Bhavan Colony, Jabalpur - JMC","20-07-2026 15:00:00",23.163174,79.973061,PM10,24,40,32
India,"Madhya Pradesh",Jabalpur,"Govindh Bhavan Colony, Jabalpur - JMC","20-07-2026 15:00:00",23.163174,79.973061,NO2,9,12,10
India,"Madhya Pradesh",Jabalpur,"Marhatal, Jabalpur - MPPCB","20-07-2026 15:00:00",23.168606,79.932247,CO,26,54,39
India,"Madhya Pradesh",Jabalpur,"Marhatal, Jabalpur - MPPCB","20-07-2026 15:00:00",23.168606,79.932247,OZONE,23,36,30
India,"Madhya Pradesh",Katni,"Gole Bazar, Katni - MPPCB","20-07-2026 15:00:00",23.50016,80.23284,PM2.5,9,55,35
India,"Madhya Pradesh",Maihar,"Sahilara, Maihar - KJS Cements","20-07-2026 15:00:00",24.2613009,80.7231783,NO2,0,16,3
India,"Madhya Pradesh",Maihar,"Sahilara, Maihar - KJS Cements","20-07-2026 15:00:00",24.2613009,80.7231783,NH3,NA,NA,NA
India,"Madhya Pradesh",Mandideep,"Sector-D Industrial Area, Mandideep - MPPCB","20-07-2026 15:00:00",23.10844,77.511428,SO2,4,105,16
India,"Madhya Pradesh",Ratlam,"Shasthri Nagar, Ratlam - IPCA Lab","20-07-2026 15:00:00",23.331731,75.045981,PM10,NA,NA,NA
India,"Madhya Pradesh",Ratlam,"Shasthri Nagar, Ratlam - IPCA Lab","20-07-2026 15:00:00",23.331731,75.045981,NO2,36,39,37
India,"Madhya Pradesh",Ratlam,"Shasthri Nagar, Ratlam - IPCA Lab","20-07-2026 15:00:00",23.331731,75.045981,SO2,10,13,11
India,"Madhya Pradesh",Ratlam,"Shasthri Nagar, Ratlam - IPCA Lab","20-07-2026 15:00:00",23.331731,75.045981,OZONE,NA,NA,NA
India,"Madhya Pradesh",Sagar,"Civil Lines, Sagar - MPPCB","20-07-2026 15:00:00",23.838586,78.759431,PM10,17,111,49
India,"Madhya Pradesh",Sagar,"Civil Lines, Sagar - MPPCB","20-07-2026 15:00:00",23.838586,78.759431,NH3,2,3,3
India,"Madhya Pradesh",Sagar,"Civil Lines, Sagar - MPPCB","20-07-2026 15:00:00",23.838586,78.759431,CO,39,44,41
India,"Madhya Pradesh",Satna,"Bandhavgar Colony, Satna - Birla Cement","20-07-2026 15:00:00",24.58434363,80.8549414,OZONE,15,60,31
India,"Madhya Pradesh",Singrauli,"Suryakiran Bhawan NCL, Singrauli - MPPCB","20-07-2026 15:00:00",24.10897,82.64558,OZONE,14,55,25
India,"Madhya Pradesh",Ujjain,"Mahashweta Nagar, Ujjain - MPPCB","20-07-2026 15:00:00",23.1633321,75.800225,OZONE,30,39,36
India,Maharashtra,Ahmednagar,"Tarakpur, Ahmednagar - MPCB","20-07-2026 15:00:00",19.10122,74.73339,NH3,3,10,5
India,Maharashtra,Akola,"Ramdaspeth, Akola - MPCB","20-07-2026 15:00:00",20.719516,77.000253,NO2,10,20,12
India,Maharashtra,Ambernath,"Chinchpada, Ambernath - MPCB","20-07-2026 15:00:00",19.215784,73.199781,PM10,NA,NA,NA
India,Maharashtra,Ambernath,"Chinchpada, Ambernath - MPCB","20-07-2026 15:00:00",19.215784,73.199781,NO2,NA,NA,NA
India,Maharashtra,Ambernath,"Chinchpada, Ambernath - MPCB","20-07-2026 15:00:00",19.215784,73.199781,NH3,NA,NA,NA
India,Maharashtra,Ambernath,"Chinchpada, Ambernath - MPCB","20-07-2026 15:00:00",19.215784,73.199781,SO2,NA,NA,NA
India,Maharashtra,Kolhapur,"Shivaji University, Kolhapur - MPCB","20-07-2026 15:00:00",16.6870449,74.2505872,NH3,3,4,3
India,Maharashtra,Latur,"Sawe Wadi, Latur - MPCB","20-07-2026 15:00:00",18.39963,76.57452,PM2.5,7,30,20
India,Maharashtra,Latur,"Sawe Wadi, Latur - MPCB","20-07-2026 15:00:00",18.39963,76.57452,OZONE,17,25,20
India,Maharashtra,Mahad,"Kamble Tarf Birwadi, Mahad - MPCB","20-07-2026 15:00:00",18.1023399,73.4783687,NO2,5,39,11
India,Maharashtra,Mahad,"Kamble Tarf Birwadi, Mahad - MPCB","20-07-2026 15:00:00",18.1023399,73.4783687,NH3,5,5,5
India,Maharashtra,Malegaon,"Mahesh Nagar, Malegaon - MPCB","20-07-2026 15:00:00",20.555712,74.529236,NH3,NA,NA,NA
India,Maharashtra,Mira-Bhayandar,"Bhayandar West, Mira-Bhayandar - MPCB","20-07-2026 15:00:00",19.296481,72.840923,CO,10,12,11
India,Maharashtra,Mumbai,"Kherwadi_Bandra East, Mumbai - MPCB","20-07-2026 15:00:00",19.0632143,72.8456324,NH3,4,4,4
India,Maharashtra,Mumbai,"Kherwadi_Bandra East, Mumbai - MPCB","20-07-2026 15:00:00",19.0632143,72.8456324,SO2,4,8,5
India,Maharashtra,Mumbai,"Ghatkopar, Mumbai - BMC","20-07-2026 15:00:00",19.083694,72.920967,PM2.5,6,28,14
India,Maharashtra,Mumbai,"Byculla, Mumbai - BMC","20-07-2026 15:00:00",18.9767,72.838,PM10,25,47,34
India,Maharashtra,Mumbai,"Bandra Kurla Complex, Mumbai - MPCB","20-07-2026 15:00:00",19.065931,72.862131,NO2,10,12,11
India,Maharashtra,Mumbai,"Bandra Kurla Complex, Mumbai - MPCB","20-07-2026 15:00:00",19.065931,72.862131,NH3,2,3,2
India,Maharashtra,Mumbai,"Bandra Kurla Complex, Mumbai - MPCB","20-07-2026 15:00:00",19.065931,72.862131,SO2,2,3,3
India,Maharashtra,Mumbai,"Sewri, Mumbai - BMC","20-07-2026 15:00:00",19.000084,72.85673,SO2,1,5,3
India,Maharashtra,Mumbai,"Sewri, Mumbai - BMC","20-07-2026 15:00:00",19.000084,72.85673,CO,19,24,21
India,Maharashtra,Mumbai,"Sewri, Mumbai - BMC","20-07-2026 15:00:00",19.000084,72.85673,OZONE,12,18,16
India,Maharashtra,Mumbai,"Mindspace-Malad West, Mumbai - MPCB","20-07-2026 15:00:00",19.1878657,72.8304069,SO2,6,7,7
India,Maharashtra,Mumbai,"Mazgaon, Mumbai - IITM","20-07-2026 15:00:00",18.96702,72.84214,CO,37,54,47
India,Maharashtra,Mumbai,"Khindipada-Bhandup West, Mumbai - IITM","20-07-2026 15:00:00",19.1653323,72.922099,NO2,6,16,10
India,Maharashtra,Mumbai,"Borivali East, Mumbai - IITM","20-07-2026 15:00:00",19.23241,72.86895,NH3,2,3,2
India,Karnataka,Ramanagara,"Vijay Nagar, Ramanagara - KSPCB","20-07-2026 15:00:00",12.733409,77.298051,OZONE,17,38,25
India,Karnataka,Vijayapura,"Ibrahimpur, Vijayapura - KSPCB","20-07-2026 15:00:00",16.802639,75.722694,NH3,4,4,4
India,Karnataka,Yadgir,"Collector Office, Yadgir - KSPCB","20-07-2026 15:00:00",16.7602,77.1428,PM2.5,2,15,8
India,Karnataka,Yadgir,"Collector Office, Yadgir - KSPCB","20-07-2026 15:00:00",16.7602,77.1428,NO2,15,21,19
India,Karnataka,Yadgir,"Collector Office, Yadgir - KSPCB","20-07-2026 15:00:00",16.7602,77.1428,SO2,11,18,15
India,Kerala,Kollam,"Polayathode, Kollam - Kerala PCB","20-07-2026 15:00:00",8.8787,76.6073,CO,15,17,16
India,Kerala,Thiruvananthapuram,"Kariavattom, Thiruvananthapuram - Kerala PCB","20-07-2026 15:00:00",8.5637,76.8865,NH3,0,0,0
India,Kerala,Thiruvananthapuram,"Kariavattom, Thiruvananthapuram - Kerala PCB","20-07-2026 15:00:00",8.5637,76.8865,CO,20,23,21
India,Kerala,Thiruvananthapuram,"Plammoodu, Thiruvananthapuram - Kerala PCB","20-07-2026 15:00:00",8.5149093,76.9435879,NO2,NA,NA,NA
India,"Madhya Pradesh",Indore,"Airport Area, Indore - IMC","20-07-2026 15:00:00",22.7289,75.8076,PM2.5,27,69,45
India,"Madhya Pradesh",Indore,"Airport Area, Indore - IMC","20-07-2026 15:00:00",22.7289,75.8076,CO,32,41,38
India,"Madhya Pradesh",Indore,"Chhoti Gwaltoli, Indore - MPPCB","20-07-2026 15:00:00",22.431,75.5213,OZONE,15,31,21
India,"Madhya Pradesh",Indore,"Regional Park, Indore - IMC","20-07-2026 15:00:00",22.678,75.8559,PM2.5,NA,NA,NA
India,"Madhya Pradesh",Indore,"Regional Park, Indore - IMC","20-07-2026 15:00:00",22.678,75.8559,CO,84,85,85
India,"Madhya Pradesh",Indore,"Residency Area, Indore - IMC","20-07-2026 15:00:00",22.7084,75.8815,SO2,3,4,3
India,"Madhya Pradesh",Jabalpur,"Gupteshwar, Jabalpur - JMC","20-07-2026 15:00:00",23.142888,79.916147,PM10,31,69,51
India,"Madhya Pradesh",Jabalpur,"Gupteshwar, Jabalpur - JMC","20-07-2026 15:00:00",23.142888,79.916147,SO2,17,18,18
India,"Madhya Pradesh",Jabalpur,"Suhagi, Jabalpur - JMC","20-07-2026 15:00:00",23.218135,79.95777,CO,41,46,43
India,Maharashtra,Amravati,"Shri Shivaji Science College, Amravati - MPCB","20-07-2026 15:00:00",20.939198,77.765701,NH3,2,5,2
India,Maharashtra,Amravati,"Shivneri Colony, Amravati - MPCB","20-07-2026 15:00:00",20.9402359,77.7895248,PM2.5,6,37,21
India,Maharashtra,Amravati,"Shivneri Colony, Amravati - MPCB","20-07-2026 15:00:00",20.9402359,77.7895248,NH3,1,2,2
India,Maharashtra,Aurangabad,"Rachnakar Colony, Aurangabad - MPCB","20-07-2026 15:00:00",19.863756,75.321188,PM2.5,12,38,24
India,Maharashtra,Aurangabad,"MIDC Chilkalthana, Aurangabad - MPCB","20-07-2026 15:00:00",19.87562,75.38731,OZONE,13,51,24
India,Maharashtra,Bhiwandi,"Gokul Nagar, Bhiwandi - MPCB","20-07-2026 15:00:00",19.309073,73.057223,PM10,NA,NA,NA
India,Maharashtra,Boisar,"Khaira, Boisar - MPCB","20-07-2026 15:00:00",19.786089,72.757971,PM10,33,52,44
India,Maharashtra,Boisar,"Khaira, Boisar - MPCB","20-07-2026 15:00:00",19.786089,72.757971,SO2,1,2,1
India,Odisha,Rourkela,"Raghunathpali, Rourkela - OSPCB","20-07-2026 15:00:00",22.220833,84.809444,OZONE,2,12,9
India,Odisha,Rourkela,"Sector-2, Rourkela - OSPCB","20-07-2026 15:00:00",22.245,84.88111111,PM2.5,53,53,53
India,Odisha,Rourkela,"Sector-2, Rourkela - OSPCB","20-07-2026 15:00:00",22.245,84.88111111,NO2,11,11,11
India,Odisha,Rourkela,"Sector-2, Rourkela - OSPCB","20-07-2026 15:00:00",22.245,84.88111111,SO2,NA,NA,NA
India,Odisha,Rourkela,"Fertilizer Township, Rourkela - OSPCB","20-07-2026 15:00:00",22.18972222,84.86277778,NH3,NA,NA,NA
India,Odisha,Talcher,"Talcher Coalfields,Talcher - OSPCB","20-07-2026 15:00:00",20.9360711,85.1707021,PM2.5,0,55,28
India,Odisha,Talcher,"Talcher Coalfields,Talcher - OSPCB","20-07-2026 15:00:00",20.9360711,85.1707021,SO2,41,110,62
India,Odisha,Talcher,"Talcher Coalfields,Talcher - OSPCB","20-07-2026 15:00:00",20.9360711,85.1707021,OZONE,16,18,17
India,Punjab,Amritsar,"Golden Temple, Amritsar - PPCB","20-07-2026 15:00:00",31.62,74.876512,CO,24,30,28
India,Punjab,Amritsar,"Golden Temple, Amritsar - PPCB","20-07-2026 15:00:00",31.62,74.876512,OZONE,32,32,32
India,Punjab,Jalandhar,"Civil Line, Jalandhar - PPCB","20-07-2026 15:00:00",31.321907,75.578914,OZONE,36,42,38
India,Punjab,Khanna,"Kalal Majra, Khanna - PPCB","20-07-2026 15:00:00",30.736056,76.209694,NH3,6,7,7
India,Punjab,Ludhiana,"Punjab Agricultural University, Ludhiana - PPCB","20-07-2026 15:00:00",30.9028,75.8086,PM2.5,67,85,74
India,Maharashtra,Mumbai,"Bandra Kurla Complex, Mumbai - IITM","20-07-2026 15:00:00",19.053536,72.84643,CO,9,17,11
India,Maharashtra,Mumbai,"Sion, Mumbai - MPCB","20-07-2026 15:00:00",19.047,72.8746,PM2.5,NA,NA,NA
India,Maharashtra,Mumbai,"Kurla, Mumbai - MPCB","20-07-2026 15:00:00",19.0863,72.8888,PM10,9,145,47
India,Maharashtra,Mumbai,"Kurla, Mumbai - MPCB","20-07-2026 15:00:00",19.0863,72.8888,NO2,9,9,9
India,Maharashtra,Mumbai,"Kurla, Mumbai - MPCB","20-07-2026 15:00:00",19.0863,72.8888,NH3,2,2,2
India,Maharashtra,Mumbai,"Siddharth Nagar-Worli, Mumbai - IITM","20-07-2026 15:00:00",19.000083,72.813993,PM2.5,21,28,24
India,Maharashtra,Mumbai,"Siddharth Nagar-Worli, Mumbai - IITM","20-07-2026 15:00:00",19.000083,72.813993,NH3,1,2,1
India,Maharashtra,Mumbai,"Kandivali West, Mumbai - BMC","20-07-2026 15:00:00",19.215859,72.831718,OZONE,3,7,5
India,Maharashtra,Mumbai,"Mulund West, Mumbai - MPCB","20-07-2026 15:00:00",19.175,72.9419,NH3,4,4,4
India,Maharashtra,Mumbai,"Mulund West, Mumbai - MPCB","20-07-2026 15:00:00",19.175,72.9419,SO2,NA,NA,NA
India,Maharashtra,Mumbai,"Mulund West, Mumbai - MPCB","20-07-2026 15:00:00",19.175,72.9419,CO,NA,NA,NA
India,Maharashtra,Mumbai,"Navy Nagar-Colaba, Mumbai - IITM","20-07-2026 15:00:00",18.897756,72.81332,NH3,6,7,6
India,Maharashtra,Mumbai,"Worli, Mumbai - MPCB","20-07-2026 15:00:00",18.9936162,72.8128113,PM10,26,82,52
India,Maharashtra,Mumbai,"Worli, Mumbai - MPCB","20-07-2026 15:00:00",18.9936162,72.8128113,NO2,0,32,8
India,Maharashtra,Mumbai,"Worli, Mumbai - MPCB","20-07-2026 15:00:00",18.9936162,72.8128113,CO,35,39,38
India,Maharashtra,Nagpur,"Mahal, Nagpur - MPCB","20-07-2026 15:00:00",21.14472,79.107595,NO2,10,35,17
India,Maharashtra,Nanded,"Sneh Nagar, Nanded - MPCB","20-07-2026 15:00:00",19.173852,77.296291,PM2.5,3,18,10
India,Maharashtra,Nanded,"Sneh Nagar, Nanded - MPCB","20-07-2026 15:00:00",19.173852,77.296291,PM10,11,39,28
India,Maharashtra,Nanded,"Sneh Nagar, Nanded - MPCB","20-07-2026 15:00:00",19.173852,77.296291,CO,20,25,22
India,Maharashtra,Nashik,"MIDC Ambad, Nashik - MPCB","20-07-2026 15:00:00",19.95022,73.73148,PM2.5,20,43,30
India,Maharashtra,Nashik,"MIDC Ambad, Nashik - MPCB","20-07-2026 15:00:00",19.95022,73.73148,CO,6,12,8
India,Maharashtra,Nashik,"Gangapur Road, Nashik - MPCB","20-07-2026 15:00:00",20.0073285,73.7762427,PM10,12,88,48
India,Maharashtra,Nashik,"Gangapur Road, Nashik - MPCB","20-07-2026 15:00:00",20.0073285,73.7762427,CO,21,22,22
India,Maharashtra,Nashik,"Gangapur Road, Nashik - MPCB","20-07-2026 15:00:00",20.0073285,73.7762427,OZONE,26,27,26
India,Maharashtra,Nashik,"Hirawadi, Nashik - MPCB","20-07-2026 15:00:00",20.021503,73.813844,NH3,2,4,4
India,Maharashtra,Nashik,"Hirawadi, Nashik - MPCB","20-07-2026 15:00:00",20.021503,73.813844,CO,38,46,42
India,Maharashtra,Nashik,"Pandav Nagari, Nashik - MPCB","20-07-2026 15:00:00",19.9591346,73.7788008,CO,6,12,10
India,Maharashtra,Nashik,"Pandav Nagari, Nashik - MPCB","20-07-2026 15:00:00",19.9591346,73.7788008,OZONE,18,23,20
India,Maharashtra,"Navi Mumbai","Mahape, Navi Mumbai - MPCB","20-07-2026 15:00:00",19.1135051,73.008978,NH3,NA,NA,NA
India,Maharashtra,Pimpri-Chinchwad,"Transport Nagar-Nigdi, Pune - IITM","20-07-2026 15:00:00",18.664282,73.763966,NH3,NA,NA,NA
India,Maharashtra,Pimpri-Chinchwad,"Gavalinagar, Pimpri Chinchwad - MPCB","20-07-2026 15:00:00",18.63673,73.82487,PM10,12,38,26
India,Maharashtra,Pimpri-Chinchwad,"Gavalinagar, Pimpri Chinchwad - MPCB","20-07-2026 15:00:00",18.63673,73.82487,NH3,NA,NA,NA
India,Maharashtra,Pimpri-Chinchwad,"Savta Mali Nagar, Pimpri-Chinchwad - IITM","20-07-2026 15:00:00",18.614767,73.799516,NO2,9,33,19
India,Maharashtra,Pune,"Katraj Dairy, Pune - MPCB","20-07-2026 15:00:00",18.45445,73.854155,NO2,10,12,11
India,Maharashtra,Pune,"Dhankawadi, Pune - IITM","20-07-2026 15:00:00",18.459883,73.852193,PM2.5,13,29,18
India,Maharashtra,Pune,"Revenue Colony-Shivajinagar, Pune - IITM","20-07-2026 15:00:00",18.530085,73.849598,NH3,NA,NA,NA
India,Maharashtra,Pune,"Savitribai Phule Pune University, Pune - MPCB","20-07-2026 15:00:00",18.547056,73.826908,PM2.5,9,20,14
India,Maharashtra,Pune,"Savitribai Phule Pune University, Pune - MPCB","20-07-2026 15:00:00",18.547056,73.826908,NO2,5,11,7
India,Maharashtra,Pune,"Savitribai Phule Pune University, Pune - MPCB","20-07-2026 15:00:00",18.547056,73.826908,NH3,1,2,1
India,Maharashtra,Sangli,"Vijay Nagar, Sangli - MPCB","20-07-2026 15:00:00",16.5038,74.3623,PM2.5,5,15,10
India,Maharashtra,Sangli,"Vijay Nagar, Sangli - MPCB","20-07-2026 15:00:00",16.5038,74.3623,CO,16,23,18
India,Maharashtra,"Navi Mumbai","Sanpada, Navi Mumbai - MPCB","20-07-2026 15:00:00",19.0575752,73.0151367,PM10,15,30,21
India,Maharashtra,"Navi Mumbai","Sanpada, Navi Mumbai - MPCB","20-07-2026 15:00:00",19.0575752,73.0151367,SO2,10,11,10
India,Maharashtra,"Navi Mumbai","Tondare-Taloja, Navi Mumbai - MPCB","20-07-2026 15:00:00",19.063,73.1209,OZONE,23,24,24
India,Maharashtra,"Navi Mumbai","Kopripada-Vashi, Navi Mumbai - MPCB","20-07-2026 15:00:00",19.090337,73.014232,PM2.5,NA,NA,NA
India,Maharashtra,"Navi Mumbai","Nerul, Navi Mumbai - MPCB","20-07-2026 15:00:00",19.008751,73.01662,OZONE,NA,NA,NA
India,Maharashtra,Parbhani,"Masoom Colony, Parbhani - MPCB","20-07-2026 15:00:00",19.265594,76.761463,PM2.5,23,37,27
India,Maharashtra,Pimpri-Chinchwad,"Park Street Wakad, Pimpri Chinchwad - MPCB","20-07-2026 15:00:00",18.59051,73.77946,PM2.5,4,81,28
India,Maharashtra,Pimpri-Chinchwad,"Park Street Wakad, Pimpri Chinchwad - MPCB","20-07-2026 15:00:00",18.59051,73.77946,SO2,NA,NA,NA
India,Maharashtra,Pimpri-Chinchwad,"Park Street Wakad, Pimpri Chinchwad - MPCB","20-07-2026 15:00:00",18.59051,73.77946,OZONE,11,15,14
India,Maharashtra,Pimpri-Chinchwad,"Bhosari, Pune - IITM","20-07-2026 15:00:00",18.640051,73.848956,SO2,NA,NA,NA
India,Maharashtra,Pimpri-Chinchwad,"Thergaon, Pimpri Chinchwad - MPCB","20-07-2026 15:00:00",18.616318,73.765797,PM10,63,97,79
India,Maharashtra,Pimpri-Chinchwad,"Thergaon, Pimpri Chinchwad - MPCB","20-07-2026 15:00:00",18.616318,73.765797,NH3,1,12,5
India,Maharashtra,Solapur,"Ratandeep Housing Society, Solapur - MPCB","20-07-2026 15:00:00",17.65439,75.90649,NH3,2,6,4
India,Maharashtra,Solapur,"Ratandeep Housing Society, Solapur - MPCB","20-07-2026 15:00:00",17.65439,75.90649,SO2,0,3,1
India,Maharashtra,Solapur,"Ratandeep Housing Society, Solapur - MPCB","20-07-2026 15:00:00",17.65439,75.90649,CO,19,24,21
India,Maharashtra,Solapur,"Ratandeep Housing Society, Solapur - MPCB","20-07-2026 15:00:00",17.65439,75.90649,OZONE,8,313,138
India,Maharashtra,Thane,"Kasarvadavali, Thane - MPCB","20-07-2026 15:00:00",19.26777,72.97182,PM10,17,34,25
India,Maharashtra,Thane,"Kasarvadavali, Thane - MPCB","20-07-2026 15:00:00",19.26777,72.97182,OZONE,25,37,27
India,Maharashtra,Thane,"Upvan Fort, Thane - MPCB","20-07-2026 15:00:00",19.222279,72.957979,PM2.5,8,22,13
India,Maharashtra,Thane,"Upvan Fort, Thane - MPCB","20-07-2026 15:00:00",19.222279,72.957979,SO2,0,9,3
India,Maharashtra,Ulhasnagar,"Vithalwadi, Ulhasnagar - MPCB","20-07-2026 15:00:00",19.2307571,73.155192,NO2,NA,NA,NA
India,Maharashtra,Virar,"Bolinj, Virar - MPCB","20-07-2026 15:00:00",19.445821,72.7988231,SO2,2,4,3
India,Nagaland,Kohima,"PWD Junction, Kohima - NPCB","20-07-2026 15:00:00",25.6635413,94.0989878,NO2,2,4,3
India,Nagaland,Kohima,"PWD Junction, Kohima - NPCB","20-07-2026 15:00:00",25.6635413,94.0989878,CO,2,4,3
India,Odisha,Bileipada,"Tata Township, Bileipada - OSPCB","20-07-2026 15:00:00",22.06156703,85.47409613,CO,32,45,39
India,Odisha,Brajrajnagar,"GM Office, Brajrajnagar - OSPCB","20-07-2026 15:00:00",21.8004996,83.8396977,PM10,20,138,54
India,Odisha,Brajrajnagar,"GM Office, Brajrajnagar - OSPCB","20-07-2026 15:00:00",21.8004996,83.8396977,CO,20,26,23
India,Odisha,Byasanagar,"Ferro Chrome Colony, Byasanagar - OSPCB","20-07-2026 15:00:00",20.94185,86.1151,PM10,33,76,58
India,Odisha,Byasanagar,"Ferro Chrome Colony, Byasanagar - OSPCB","20-07-2026 15:00:00",20.94185,86.1151,NH3,1,2,1
India,Odisha,Cuttack,"CDA Area, Cuttack - OSPCB","20-07-2026 15:00:00",20.48891,85.84768,PM10,48,117,83
India,Odisha,Cuttack,"CDA Area, Cuttack - OSPCB","20-07-2026 15:00:00",20.48891,85.84768,NH3,6,8,7
India,Odisha,Cuttack,"CDA Area, Cuttack - OSPCB","20-07-2026 15:00:00",20.48891,85.84768,OZONE,46,55,51
India,Odisha,Keonjhar,"Jagamohanpur, Keonjhar - OSPCB","20-07-2026 15:00:00",21.6439,85.599355,NO2,11,15,13
India,Odisha,Rairangpur,"Divisional Forest Office, Rairangpur - OSPCB","20-07-2026 15:00:00",22.265816,86.174829,PM10,41,101,58
India,Odisha,Rairangpur,"Divisional Forest Office, Rairangpur - OSPCB","20-07-2026 15:00:00",22.265816,86.174829,OZONE,7,18,13
India,Maharashtra,Mumbai,"Chakala-Andheri East, Mumbai - IITM","20-07-2026 15:00:00",19.11074,72.86084,CO,2,11,7
India,Maharashtra,Mumbai,"Malad West, Mumbai - IITM","20-07-2026 15:00:00",19.19709,72.82204,NO2,13,39,25
India,Maharashtra,Mumbai,"Malad West, Mumbai - IITM","20-07-2026 15:00:00",19.19709,72.82204,NH3,3,6,4
India,Maharashtra,Mumbai,"Malad West, Mumbai - IITM","20-07-2026 15:00:00",19.19709,72.82204,OZONE,1,25,9
India,Maharashtra,Mumbai,"Deonar, Mumbai - IITM","20-07-2026 15:00:00",19.04946,72.923,OZONE,4,14,9
India,Maharashtra,Mumbai,"Borivali East, Mumbai - MPCB","20-07-2026 15:00:00",19.2243333,72.8658113,OZONE,NA,NA,NA
India,Maharashtra,Nagpur,"Ram Nagar, Nagpur - MPCB","20-07-2026 15:00:00",21.143383,79.048912,PM2.5,19,58,41
India,Maharashtra,Nagpur,"Opp GPO Civil Lines, Nagpur - MPCB","20-07-2026 15:00:00",21.152875,79.0517531,PM10,12,57,33
India,Maharashtra,Nagpur,"Opp GPO Civil Lines, Nagpur - MPCB","20-07-2026 15:00:00",21.152875,79.0517531,SO2,1,7,4
India,Maharashtra,Nagpur,"Ambazari, Nagpur - MPCB","20-07-2026 15:00:00",21.121801,79.04952,NO2,4,21,11
India,Maharashtra,Nagpur,"Ambazari, Nagpur - MPCB","20-07-2026 15:00:00",21.121801,79.04952,SO2,3,5,4
India,Odisha,Angul,"Hakimapada, Angul - OSPCB","20-07-2026 15:00:00",20.832874,85.104082,PM10,11,115,42
India,Odisha,Angul,"Hakimapada, Angul - OSPCB","20-07-2026 15:00:00",20.832874,85.104082,NO2,5,18,12
India,Odisha,Balasore,"Kalidaspur, Balasore - OSPCB","20-07-2026 15:00:00",21.51161,86.89088,NO2,2,15,8
India,Odisha,Balasore,"Kalidaspur, Balasore - OSPCB","20-07-2026 15:00:00",21.51161,86.89088,OZONE,46,62,54
India,Odisha,Bileipada,"Tata Township, Bileipada - OSPCB","20-07-2026 15:00:00",22.06156703,85.47409613,NO2,15,16,16
India,Rajasthan,Pratapgarh,"Pragati Nagar, Pratapgarh - RSPCB","20-07-2026 15:00:00",24.041198,74.780702,SO2,2,4,2
India,Rajasthan,Pratapgarh,"Pragati Nagar, Pratapgarh - RSPCB","20-07-2026 15:00:00",24.041198,74.780702,OZONE,22,46,36
India,Rajasthan,Rajsamand,"Dhoinda, Rajsamand - RSPCB","20-07-2026 15:00:00",25.03636,73.883502,SO2,2,5,3
India,Rajasthan,Rajsamand,"Dhoinda, Rajsamand - RSPCB","20-07-2026 15:00:00",25.03636,73.883502,CO,7,41,34
India,Rajasthan,"Sawai Madhopur","Sahu Nagar, Sawai Madhopur - RSPCB","20-07-2026 15:00:00",26.031443,76.359327,PM10,81,154,105
India,Rajasthan,"Sawai Madhopur","Sahu Nagar, Sawai Madhopur - RSPCB","20-07-2026 15:00:00",26.031443,76.359327,SO2,5,9,7
India,Rajasthan,"Sawai Madhopur","Sahu Nagar, Sawai Madhopur - RSPCB","20-07-2026 15:00:00",26.031443,76.359327,CO,30,36,33
India,Rajasthan,Sikar,"Radhakishan Pura, Sikar - RSPCB","20-07-2026 15:00:00",27.608912,75.153302,PM10,28,93,70
India,Rajasthan,Sirohi,"Vedhaynath Colony, Sirohi - RSPCB","20-07-2026 15:00:00",24.885261,72.857549,PM2.5,13,43,30
India,Rajasthan,Sirohi,"Vedhaynath Colony, Sirohi - RSPCB","20-07-2026 15:00:00",24.885261,72.857549,NO2,5,16,8
India,Rajasthan,Sirohi,"Vedhaynath Colony, Sirohi - RSPCB","20-07-2026 15:00:00",24.885261,72.857549,CO,8,17,13
India,Rajasthan,Sirohi,"Vedhaynath Colony, Sirohi - RSPCB","20-07-2026 15:00:00",24.885261,72.857549,OZONE,16,87,36
India,Rajasthan,"Sri Ganganagar","Old City, Sri Ganganagar - RSPCB","20-07-2026 15:00:00",29.931624,73.864511,SO2,NA,NA,NA
India,Rajasthan,Tonk,"Shastri Nagar, Tonk - RSPCB","20-07-2026 15:00:00",26.159933,75.780517,CO,51,85,59
India,Rajasthan,Udaipur,"Ashok Nagar, Udaipur - RSPCB","20-07-2026 15:00:00",24.5886166,73.6321397,OZONE,1,18,7
India,Sikkim,Gangtok,"Zero Point GICI, Gangtok - SSPCB","20-07-2026 15:00:00",27.33853,88.614099,PM10,NA,NA,NA
India,"Tamil Nadu",Cuddalore,"Kudikadu, Cuddalore - TNPCB","20-07-2026 15:00:00",11.6829898,79.7532099,NO2,NA,NA,NA
India,"Tamil Nadu",Cuddalore,"Kudikadu, Cuddalore - TNPCB","20-07-2026 15:00:00",11.6829898,79.7532099,SO2,NA,NA,NA
India,"Tamil Nadu",Cuddalore,"Kudikadu, Cuddalore - TNPCB","20-07-2026 15:00:00",11.6829898,79.7532099,OZONE,5,9,6
India,"Tamil Nadu",Gummidipoondi,"Anthoni Pillai Nagar, Gummidipoondi - TNPCB","20-07-2026 15:00:00",13.4127,80.1081,PM2.5,34,262,81
India,"Tamil Nadu",Madurai,"Uchapatti, Madurai - TNPCB","20-07-2026 15:00:00",9.865935,78.022669,PM2.5,NA,NA,NA
India,"Tamil Nadu",Madurai,"Uchapatti, Madurai - TNPCB","20-07-2026 15:00:00",9.865935,78.022669,OZONE,0,1,1
India,"Tamil Nadu",Thoothukudi,"Meelavittan, Thoothukudi - TNPCB","20-07-2026 15:00:00",8.816428,78.099039,SO2,4,20,13
India,Telangana,Hyderabad,"Somajiguda, Hyderabad - TSPCB","20-07-2026 15:00:00",17.417094,78.457437,PM10,NA,NA,NA
India,Telangana,Hyderabad,"Somajiguda, Hyderabad - TSPCB","20-07-2026 15:00:00",17.417094,78.457437,SO2,10,12,11
India,Telangana,Hyderabad,"Central University, Hyderabad - TSPCB","20-07-2026 15:00:00",17.460103,78.334361,PM2.5,2,16,9
India,Telangana,Hyderabad,"Central University, Hyderabad - TSPCB","20-07-2026 15:00:00",17.460103,78.334361,PM10,NA,NA,NA
India,Telangana,Hyderabad,"Nacharam_TSIIC IALA, Hyderabad - TSPCB","20-07-2026 15:00:00",17.429398,78.569354,SO2,9,15,11
India,Telangana,Hyderabad,"Nacharam_TSIIC IALA, Hyderabad - TSPCB","20-07-2026 15:00:00",17.429398,78.569354,CO,27,43,35
India,Telangana,Hyderabad,"Kokapet, Hyderabad - TSPCB","20-07-2026 15:00:00",17.393559,78.339194,PM10,40,70,48
India,Telangana,Hyderabad,"Kokapet, Hyderabad - TSPCB","20-07-2026 15:00:00",17.393559,78.339194,SO2,5,11,7
India,Punjab,Patiala,"Model Town, Patiala - PPCB","20-07-2026 15:00:00",30.349388,76.366642,NH3,6,7,6
India,Rajasthan,Ajmer,"Civil Lines,  Ajmer - RSPCB","20-07-2026 15:00:00",26.470859,74.646594,PM10,68,111,87
India,Rajasthan,Ajmer,"Civil Lines,  Ajmer - RSPCB","20-07-2026 15:00:00",26.470859,74.646594,NO2,31,35,33
India,Rajasthan,Ajmer,"Civil Lines,  Ajmer - RSPCB","20-07-2026 15:00:00",26.470859,74.646594,SO2,2,15,8
India,Rajasthan,Banswara,"Rati Talai, Banswara - RSPCB","20-07-2026 15:00:00",23.55519,74.44001,SO2,2,5,2
India,Rajasthan,Baran,"Bamboliya, Baran - RSPCB","20-07-2026 15:00:00",25.106006,76.469948,SO2,1,8,6
India,Rajasthan,Baran,"Bamboliya, Baran - RSPCB","20-07-2026 15:00:00",25.106006,76.469948,OZONE,44,89,59
India,Rajasthan,Barmer,"Railway Colony, Barmer - RSPCB","20-07-2026 15:00:00",25.747299,71.393989,PM2.5,5,35,15
India,Rajasthan,Barmer,"Railway Colony, Barmer - RSPCB","20-07-2026 15:00:00",25.747299,71.393989,CO,14,18,16
India,Rajasthan,Bharatpur,"Krishna Nagar, Bharatpur - RSPCB","20-07-2026 15:00:00",27.215415,77.50873,PM2.5,6,61,18
India,Rajasthan,Bharatpur,"Krishna Nagar, Bharatpur - RSPCB","20-07-2026 15:00:00",27.215415,77.50873,PM10,11,62,33
India,Rajasthan,Bharatpur,"Krishna Nagar, Bharatpur - RSPCB","20-07-2026 15:00:00",27.215415,77.50873,NO2,10,22,15
India,Rajasthan,Bharatpur,"Krishna Nagar, Bharatpur - RSPCB","20-07-2026 15:00:00",27.215415,77.50873,SO2,0,5,2
India,Rajasthan,Bharatpur,"Krishna Nagar, Bharatpur - RSPCB","20-07-2026 15:00:00",27.215415,77.50873,OZONE,8,30,21
India,"Tamil Nadu",Chennai,"Arumbakkam, Chennai - TNPCB","20-07-2026 15:00:00",13.0664,80.2112,NH3,3,5,4
India,"Tamil Nadu",Chennai,"Arumbakkam, Chennai - TNPCB","20-07-2026 15:00:00",13.0664,80.2112,OZONE,NA,NA,NA
India,"Tamil Nadu",Chennai,"Manali Village, Chennai - TNPCB","20-07-2026 15:00:00",13.1662,80.2584,NH3,1,4,2
India,"Tamil Nadu",Chennai,"Royapuram, Chennai - TNPCB","20-07-2026 15:00:00",13.1036,80.2909,NH3,NA,NA,NA
India,"Tamil Nadu",Chennai,"Perungudi, Chennai - TNPCB","20-07-2026 15:00:00",12.9533,80.2357,NO2,3,10,6
India,"Tamil Nadu",Chennai,"Perungudi, Chennai - TNPCB","20-07-2026 15:00:00",12.9533,80.2357,CO,32,45,39
India,"Tamil Nadu",Chennai,"Perungudi, Chennai - TNPCB","20-07-2026 15:00:00",12.9533,80.2357,OZONE,1,4,2
India,"Tamil Nadu",Coimbatore,"SIDCO Kurichi, Coimbatore - TNPCB","20-07-2026 15:00:00",10.942451,76.978996,PM10,NA,NA,NA
India,"Tamil Nadu",Coimbatore,"SIDCO Kurichi, Coimbatore - TNPCB","20-07-2026 15:00:00",10.942451,76.978996,OZONE,20,20,20
India,"Tamil Nadu",Cuddalore,"Semmandalam, Cuddalore - TNPCB","20-07-2026 15:00:00",11.7637683,79.7499835,PM2.5,NA,NA,NA
India,"Tamil Nadu",Cuddalore,"Semmandalam, Cuddalore - TNPCB","20-07-2026 15:00:00",11.7637683,79.7499835,OZONE,1,2,1
India,Rajasthan,Jalore,"Mudtra Sili, Jalore - RSPCB","20-07-2026 15:00:00",25.344694,72.626208,NH3,2,4,3
India,Rajasthan,Jalore,"Mudtra Sili, Jalore - RSPCB","20-07-2026 15:00:00",25.344694,72.626208,CO,14,19,16
India,Rajasthan,Jalore,"Mudtra Sili, Jalore - RSPCB","20-07-2026 15:00:00",25.344694,72.626208,OZONE,18,40,33
India,Rajasthan,Jhalawar,"Rajlaxmi Nagar, Jhalawar - RSPCB","20-07-2026 15:00:00",24.588397,76.172782,SO2,5,7,6
India,Rajasthan,Jhunjhunu,"Indra Nagar, Jhunjhunu - RSPCB","20-07-2026 15:00:00",28.108988,75.386577,CO,8,18,12
India,Rajasthan,Jodhpur,"Mandor, Jodhpur - RSPCB","20-07-2026 15:00:00",26.358805,73.047444,NH3,1,2,2
India,Rajasthan,Jodhpur,"Mandor, Jodhpur - RSPCB","20-07-2026 15:00:00",26.358805,73.047444,SO2,1,4,2
India,Rajasthan,Jodhpur,"Jhalamand, Jodhpur - RSPCB","20-07-2026 15:00:00",26.215415,73.070156,CO,8,17,11
India,Rajasthan,Jodhpur,"Collectorate, Jodhpur - RSPCB","20-07-2026 15:00:00",26.268249,73.0193853,SO2,2,20,9
India,Rajasthan,Jodhpur,"Collectorate, Jodhpur - RSPCB","20-07-2026 15:00:00",26.268249,73.0193853,CO,13,75,36
India,Rajasthan,Bikaner,"MM Ground, Bikaner - RSPCB","20-07-2026 15:00:00",28.018792,73.292658,CO,9,28,19
India,Rajasthan,Bikaner,"MM Ground, Bikaner - RSPCB","20-07-2026 15:00:00",28.018792,73.292658,OZONE,28,55,41
India,Rajasthan,Chittorgarh,"Shastri Nagar, Chittorgarh - RSPCB","20-07-2026 15:00:00",24.892047,74.623527,PM10,40,102,65
India,Rajasthan,Chittorgarh,"Shastri Nagar, Chittorgarh - RSPCB","20-07-2026 15:00:00",24.892047,74.623527,SO2,2,11,5
India,Rajasthan,Chittorgarh,"Shastri Nagar, Chittorgarh - RSPCB","20-07-2026 15:00:00",24.892047,74.623527,CO,2,10,5
India,Rajasthan,Chittorgarh,"Shastri Nagar, Chittorgarh - RSPCB","20-07-2026 15:00:00",24.892047,74.623527,OZONE,12,63,31
India,Rajasthan,Churu,"Subash Chowk, Churu - RSPCB","20-07-2026 15:00:00",28.296139,74.961696,NO2,2,21,6
India,Rajasthan,Churu,"Subash Chowk, Churu - RSPCB","20-07-2026 15:00:00",28.296139,74.961696,SO2,3,5,4
India,Rajasthan,Dausa,"Khatikan Mohalla, Dausa - RSPCB","20-07-2026 15:00:00",26.895552,76.334753,PM10,42,126,70
India,Rajasthan,Dausa,"Khatikan Mohalla, Dausa - RSPCB","20-07-2026 15:00:00",26.895552,76.334753,NO2,13,47,26
India,Rajasthan,Dausa,"Khatikan Mohalla, Dausa - RSPCB","20-07-2026 15:00:00",26.895552,76.334753,NH3,7,19,10
India,Rajasthan,Dausa,"Khatikan Mohalla, Dausa - RSPCB","20-07-2026 15:00:00",26.895552,76.334753,OZONE,8,30,17
India,Rajasthan,Dholpur,"Raja Ganj, Dholpur - RSPCB","20-07-2026 15:00:00",26.699557,77.898881,PM2.5,10,500,86
India,Rajasthan,Hanumangarh,"Housing Board, Hanumangarh - RSPCB","20-07-2026 15:00:00",29.61075,74.283608,PM2.5,10,50,28
India,Rajasthan,Jaipur,"Sector-2 Murlipura, Jaipur - RSPCB","20-07-2026 15:00:00",26.960669,75.771817,PM10,84,157,114
India,Rajasthan,Jaipur,"Sector-2 Murlipura, Jaipur - RSPCB","20-07-2026 15:00:00",26.960669,75.771817,SO2,2,9,3
India,Rajasthan,Jaipur,"Police Commissionerate, Jaipur - RSPCB","20-07-2026 15:00:00",26.9164092,75.7994901,PM10,44,102,76
India,Rajasthan,Jaipur,"Mansarovar Sector-12, Jaipur - RSPCB","20-07-2026 15:00:00",26.843698,75.766894,PM10,58,123,93
India,Rajasthan,Jaipur,"Mansarovar Sector-12, Jaipur - RSPCB","20-07-2026 15:00:00",26.843698,75.766894,NH3,7,12,9
India,Rajasthan,Jodhpur,"Digari Kalan, Jodhpur - RSPCB","20-07-2026 15:00:00",26.29581,73.082283,PM10,36,90,55
India,Rajasthan,Jodhpur,"Digari Kalan, Jodhpur - RSPCB","20-07-2026 15:00:00",26.29581,73.082283,NO2,10,24,16
India,Rajasthan,Jodhpur,"Digari Kalan, Jodhpur - RSPCB","20-07-2026 15:00:00",26.29581,73.082283,SO2,3,5,3
India,Rajasthan,Karauli,"Satyawati Vihar, Karauli - RSPCB","20-07-2026 15:00:00",26.506177,77.025989,NO2,21,51,39
India,Rajasthan,Khairthal,"New Anaj Mandi, Khairthal - RSPCB","20-07-2026 15:00:00",27.8015617,76.6365217,NO2,3,18,7
India,Rajasthan,Kota,"Shrinath Puram, Kota - RSPCB","20-07-2026 15:00:00",25.14389,75.821256,NO2,13,22,19
India,Rajasthan,Kota,"Shrinath Puram, Kota - RSPCB","20-07-2026 15:00:00",25.14389,75.821256,CO,18,41,31
India,Rajasthan,Nagaur,"Karni Colony, Nagaur - RSPCB","20-07-2026 15:00:00",27.213494,73.734444,SO2,5,7,6
India,Rajasthan,Nagaur,"Karni Colony, Nagaur - RSPCB","20-07-2026 15:00:00",27.213494,73.734444,OZONE,24,51,33
India,Telangana,Hyderabad,"Kompally Municipal Office, Hyderabad - TSPCB","20-07-2026 15:00:00",17.544899,78.486949,NH3,NA,NA,NA
India,Telangana,Hyderabad,"Kompally Municipal Office, Hyderabad - TSPCB","20-07-2026 15:00:00",17.544899,78.486949,CO,9,11,10
India,Telangana,Hyderabad,"Sanathnagar, Hyderabad - TSPCB","20-07-2026 15:00:00",17.4559458,78.4332152,NH3,NA,NA,NA
India,Telangana,Hyderabad,"New Malakpet, Hyderabad - TSPCB","20-07-2026 15:00:00",17.37206,78.50864,PM10,49,55,51
India,Telangana,Hyderabad,"IDA Pashamylaram, Hyderabad - TSPCB","20-07-2026 15:00:00",17.5316895,78.218939,CO,4,12,9
India,Telangana,Hyderabad,"ICRISAT Patancheru, Hyderabad - TSPCB","20-07-2026 15:00:00",17.5184,78.278777,OZONE,11,29,20
India,"Uttar Pradesh",Meerut,"MIET College, Meerut - UPPCB","20-07-2026 15:00:00",28.972677,77.641018,PM2.5,95,219,151
India,"Uttar Pradesh",Meerut,"MIET College, Meerut - UPPCB","20-07-2026 15:00:00",28.972677,77.641018,SO2,7,7,7
India,"Uttar Pradesh",Meerut,"Pallavpuram Phase 2, Meerut - UPPCB","20-07-2026 15:00:00",29.06351,77.709723,PM10,66,125,92
India,"Uttar Pradesh",Meerut,"Jai Bhim Nagar, Meerut - UPPCB","20-07-2026 15:00:00",28.9535882,77.7622941,OZONE,9,20,13
India,"Uttar Pradesh",Modinagar,"SRM University, Modinagar - UPPCB","20-07-2026 15:00:00",28.798171,77.540243,SO2,9,113,18
India,"Uttar Pradesh",Modinagar,"SRM University, Modinagar - UPPCB","20-07-2026 15:00:00",28.798171,77.540243,OZONE,9,25,16
India,"Uttar Pradesh",Moradabad,"Jigar Colony, Moradabad - UPPCB","20-07-2026 15:00:00",28.856664,78.772638,PM10,18,75,42
India,"Uttar Pradesh",Moradabad,"Jigar Colony, Moradabad - UPPCB","20-07-2026 15:00:00",28.856664,78.772638,NO2,25,25,25
India,"Uttar Pradesh",Moradabad,"Eco Herbal Park, Moradabad - UPPCB","20-07-2026 15:00:00",28.840739,78.697531,PM2.5,2,37,18
India,"Uttar Pradesh",Moradabad,"Eco Herbal Park, Moradabad - UPPCB","20-07-2026 15:00:00",28.840739,78.697531,NH3,6,22,11
India,"Uttar Pradesh",Moradabad,"Employment Office, Moradabad - UPPCB","20-07-2026 15:00:00",28.88528,78.7388,NH3,3,3,3
India,"Uttar Pradesh",Moradabad,"Employment Office, Moradabad - UPPCB","20-07-2026 15:00:00",28.88528,78.7388,SO2,28,29,28
India,"Uttar Pradesh",Moradabad,"Transport Nagar, Moradabad - UPPCB","20-07-2026 15:00:00",28.802625,78.753728,OZONE,32,36,34
India,"Uttar Pradesh",Moradabad,"Buddhi Vihar, Moradabad - UPPCB","20-07-2026 15:00:00",28.83526,78.7446,PM2.5,10,54,27
India,"Uttar Pradesh",Khurja,"Kalindi Kunj, Khurja - UPPCB","20-07-2026 15:00:00",28.2348927,77.8683002,CO,4,65,27
India,"Uttar Pradesh",Lucknow,"Kendriya Vidyalaya, Lucknow - CPCB","20-07-2026 15:00:00",26.906111,80.948222,PM2.5,32,68,43
India,"Uttar Pradesh",Lucknow,"Kendriya Vidyalaya, Lucknow - CPCB","20-07-2026 15:00:00",26.906111,80.948222,SO2,2,14,10
India,"Uttar Pradesh",Lucknow,"Gomti Nagar, Lucknow - UPPCB","20-07-2026 15:00:00",26.86812,81.005119,NO2,9,9,9
India,"Uttar Pradesh",Lucknow,"Talkatora District Industries Center, Lucknow - CPCB","20-07-2026 15:00:00",26.83399722,80.8917361,PM2.5,10,70,33
India,"Uttar Pradesh",Lucknow,"Talkatora District Industries Center, Lucknow - CPCB","20-07-2026 15:00:00",26.83399722,80.8917361,NO2,16,23,18
India,"Uttar Pradesh",Lucknow,"Talkatora District Industries Center, Lucknow - CPCB","20-07-2026 15:00:00",26.83399722,80.8917361,OZONE,13,52,33
India,"Uttar Pradesh",Lucknow,"Lalbagh, Lucknow - CPCB","20-07-2026 15:00:00",26.8458805,80.9365541,SO2,4,8,6
India,"Uttar Pradesh",Lucknow,"Lalbagh, Lucknow - CPCB","20-07-2026 15:00:00",26.8458805,80.9365541,CO,17,82,55
India,"Uttar Pradesh",Lucknow,"Kukrail Picnic Spot-1, Lucknow - UPPCB","20-07-2026 15:00:00",26.90723,80.98579,PM10,11,50,30
India,"Uttar Pradesh",Lucknow,"Kukrail Picnic Spot-1, Lucknow - UPPCB","20-07-2026 15:00:00",26.90723,80.98579,NH3,6,6,6
India,"Uttar Pradesh",Lucknow,"Kukrail Picnic Spot-1, Lucknow - UPPCB","20-07-2026 15:00:00",26.90723,80.98579,SO2,9,43,28
India,"Uttar Pradesh",Lucknow,"B R Ambedkar University, Lucknow - UPPCB","20-07-2026 15:00:00",26.766433,80.927299,OZONE,40,83,66
India,"Uttar Pradesh",Mathura,"Pali Dungra, Mathura - UPPCB","20-07-2026 15:00:00",27.410954,77.550619,NO2,2,4,3
India,"Uttar Pradesh",Raebareli," Indira Nagar, Raebareli - NTPC Unchahar","20-07-2026 15:00:00",26.207781,81.245571,NO2,15,23,19
India,"Uttar Pradesh",Raebareli," Indira Nagar, Raebareli - NTPC Unchahar","20-07-2026 15:00:00",26.207781,81.245571,SO2,NA,NA,NA
India,"Uttar Pradesh",Raebareli," Indira Nagar, Raebareli - NTPC Unchahar","20-07-2026 15:00:00",26.207781,81.245571,OZONE,NA,NA,NA
India,"Uttar Pradesh",Varanasi,"Maldahiya, Varanasi - UPPCB","20-07-2026 15:00:00",25.32393,82.99687,CO,14,26,21
India,"Uttar Pradesh",Varanasi,"IESD Banaras Hindu University, Varanasi - UPPCB","20-07-2026 15:00:00",25.262326,82.995408,PM2.5,4,17,12
India,"Uttar Pradesh",Varanasi,"IESD Banaras Hindu University, Varanasi - UPPCB","20-07-2026 15:00:00",25.262326,82.995408,NH3,7,9,8
India,"Uttar Pradesh",Varanasi,"Bhelupur, Varanasi - UPPCB","20-07-2026 15:00:00",25.301778,82.996789,CO,8,37,22
India,"Uttar Pradesh",Varanasi,"Ardhali Bazar, Varanasi - UPPCB","20-07-2026 15:00:00",25.3505986,82.9083074,NO2,37,43,41
India,"Uttar Pradesh",Varanasi,"Ardhali Bazar, Varanasi - UPPCB","20-07-2026 15:00:00",25.3505986,82.9083074,CO,17,17,17
India,"Uttar Pradesh",Vrindavan,"Omex Eternity, Vrindavan - UPPCB","20-07-2026 15:00:00",27.571409,77.655757,PM2.5,25,84,57
India,"Uttar Pradesh",Vrindavan,"Omex Eternity, Vrindavan - UPPCB","20-07-2026 15:00:00",27.571409,77.655757,PM10,24,104,60
India,Uttarakhand,Dehradun,"Doon University, Dehradun - UKPCB","20-07-2026 15:00:00",30.269444,78.044167,PM2.5,NA,NA,NA
India,Uttarakhand,Dehradun,"Doon University, Dehradun - UKPCB","20-07-2026 15:00:00",30.269444,78.044167,NH3,NA,NA,NA
India,Uttarakhand,Kashipur,"Govt. Girls Inter College, Kashipur - UKPCB","20-07-2026 15:00:00",29.2124114,78.9611753,NO2,3,18,8
India,Uttarakhand,Rishikesh,"Shivaji Nagar, Rishikesh - UKPCB","20-07-2026 15:00:00",30.075911,78.2859547,PM2.5,2,2,2
India,Uttarakhand,Rishikesh,"Shivaji Nagar, Rishikesh - UKPCB","20-07-2026 15:00:00",30.075911,78.2859547,NH3,4,4,4
India,Uttarakhand,Rishikesh,"Shivaji Nagar, Rishikesh - UKPCB","20-07-2026 15:00:00",30.075911,78.2859547,CO,37,37,37
India,Uttarakhand,Rishikesh,"Shivaji Nagar, Rishikesh - UKPCB","20-07-2026 15:00:00",30.075911,78.2859547,OZONE,25,25,25
India,"West Bengal",Asansol,"Asansol Court Area, Asansol - WBPCB","20-07-2026 15:00:00",23.685297,86.945968,PM10,27,58,41
India,"West Bengal",Asansol,"Asansol Court Area, Asansol - WBPCB","20-07-2026 15:00:00",23.685297,86.945968,OZONE,19,25,22
India,"West Bengal",Asansol,"Trivenidevi Bhalotia College, Asansol - WBPCB","20-07-2026 15:00:00",23.616515,87.119133,NO2,6,14,8
India,"West Bengal",Asansol,"Evelyn Lodge, Asansol - WBPCB","20-07-2026 15:00:00",23.697936,86.944395,CO,35,72,49
India,"West Bengal",Barrackpore,"SVSPA Campus, Barrackpore - WBPCB","20-07-2026 15:00:00",22.7605581,88.3617589,CO,38,42,40
India,"West Bengal",Durgapur,"Mahishkapur Road_B-Zone, Durgapur - WBPCB","20-07-2026 15:00:00",23.567923,87.306843,NH3,1,2,2
India,"West Bengal",Durgapur,"Mahishkapur Road_B-Zone, Durgapur - WBPCB","20-07-2026 15:00:00",23.567923,87.306843,OZONE,22,28,24
India,"Uttar Pradesh","Greater Noida","Knowledge Park - V, Greater Noida - UPPCB","20-07-2026 15:00:00",28.557054,77.453663,PM10,106,193,139
India,"Uttar Pradesh","Greater Noida","Knowledge Park - III, Greater Noida - UPPCB","20-07-2026 15:00:00",28.47272,77.482,PM10,63,181,116
India,"Uttar Pradesh",Hapur,"Anand Vihar, Hapur - UPPCB","20-07-2026 15:00:00",28.725645,77.749675,PM2.5,28,69,40
India,"Uttar Pradesh",Hapur,"Anand Vihar, Hapur - UPPCB","20-07-2026 15:00:00",28.725645,77.749675,SO2,12,16,14
India,"Uttar Pradesh",Jhansi,"Shivaji Nagar, Jhansi - UPPCB","20-07-2026 15:00:00",25.4547,78.6039,SO2,18,28,21
India,"Uttar Pradesh",Kanpur,"Nehru Nagar, Kanpur - UPPCB","20-07-2026 15:00:00",26.4703136,80.3229863,OZONE,2,6,3
India,"Uttar Pradesh",Kanpur,"NSI Kalyanpur, Kanpur - UPPCB","20-07-2026 15:00:00",26.509954,80.249612,NH3,2,2,2
India,"Uttar Pradesh",Kanpur,"NSI Kalyanpur, Kanpur - UPPCB","20-07-2026 15:00:00",26.509954,80.249612,CO,20,31,23
India,"Uttar Pradesh",Khora,"Prashant Garden, Khora - UPPCB","20-07-2026 15:00:00",28.61119,77.34206,SO2,11,11,11
India,"Uttar Pradesh",Khora,"Prashant Garden, Khora - UPPCB","20-07-2026 15:00:00",28.61119,77.34206,OZONE,4,5,5
India,"Uttar Pradesh",Khurja,"Kalindi Kunj, Khurja - UPPCB","20-07-2026 15:00:00",28.2348927,77.8683002,PM2.5,31,59,41
India,"Uttar Pradesh",Moradabad,"Kashiram Nagar, Moradabad - UPPCB","20-07-2026 15:00:00",28.849399,78.742362,PM2.5,5,37,20
India,"Uttar Pradesh",Moradabad,"Kashiram Nagar, Moradabad - UPPCB","20-07-2026 15:00:00",28.849399,78.742362,PM10,24,88,49
India,"Uttar Pradesh",Noida,"Sector-116, Noida - UPPCB","20-07-2026 15:00:00",28.56923,77.393848,PM2.5,41,175,105
India,"Uttar Pradesh",Noida,"Sector-116, Noida - UPPCB","20-07-2026 15:00:00",28.56923,77.393848,NH3,16,41,25
India,"Uttar Pradesh",Noida,"Sector-1, Noida - UPPCB","20-07-2026 15:00:00",28.5898,77.3101,SO2,8,12,9
India,"Uttar Pradesh",Noida,"Sector-1, Noida - UPPCB","20-07-2026 15:00:00",28.5898,77.3101,CO,26,35,30
India,"Uttar Pradesh",Noida,"Sector - 125, Noida - UPPCB","20-07-2026 15:00:00",28.5447608,77.3231257,NO2,5,86,17
India,"Uttar Pradesh",Noida,"Sector - 125, Noida - UPPCB","20-07-2026 15:00:00",28.5447608,77.3231257,SO2,4,9,7
India,"Uttar Pradesh",Noida,"Sector - 125, Noida - UPPCB","20-07-2026 15:00:00",28.5447608,77.3231257,CO,50,59,56
India,"Uttar Pradesh",Noida,"Sector - 62, Noida - IITM","20-07-2026 15:00:00",28.6245479,77.3577104,PM2.5,56,139,91
India,"Uttar Pradesh",Noida,"Sector - 62, Noida - IITM","20-07-2026 15:00:00",28.6245479,77.3577104,OZONE,20,36,27
India,"Uttar Pradesh",Prayagraj,"Jhunsi, Prayagraj - UPPCB","20-07-2026 15:00:00",25.425602,81.917152,NH3,4,6,6
India,"Uttar Pradesh",Prayagraj,"Jhunsi, Prayagraj - UPPCB","20-07-2026 15:00:00",25.425602,81.917152,OZONE,24,31,28
India,"Uttar Pradesh",Agra,"Sector-3B Avas Vikas Colony, Agra - UPPCB","20-07-2026 15:00:00",27.19412,77.96237,NH3,9,10,9
India,"Uttar Pradesh",Agra,"Shastripuram, Agra - UPPCB","20-07-2026 15:00:00",27.19862,77.92066,SO2,11,11,11
India,"Uttar Pradesh",Agra,"Manoharpur, Agra - UPPCB","20-07-2026 15:00:00",27.23711,78.01936,SO2,10,33,19
India,"Uttar Pradesh",Agra,"Manoharpur, Agra - UPPCB","20-07-2026 15:00:00",27.23711,78.01936,OZONE,5,5,5
India,"Uttar Pradesh",Baghpat,"Sardar Patel Inter College, Baghpat - UPPCB","20-07-2026 15:00:00",28.964949,77.278761,PM10,90,225,132
India,"Uttar Pradesh",Baghpat,"Sardar Patel Inter College, Baghpat - UPPCB","20-07-2026 15:00:00",28.964949,77.278761,CO,16,22,20
India,"Uttar Pradesh",Bareilly,"Rajendra Nagar, Bareilly - UPPCB","20-07-2026 15:00:00",28.38910936,79.42963708,PM2.5,7,17,13
India,"Uttar Pradesh",Bareilly,"Rajendra Nagar, Bareilly - UPPCB","20-07-2026 15:00:00",28.38910936,79.42963708,CO,10,15,12
India,"Uttar Pradesh",Bareilly,"Rajendra Nagar, Bareilly - UPPCB","20-07-2026 15:00:00",28.38910936,79.42963708,OZONE,3,32,18
India,"Uttar Pradesh",Bareilly,"Civil Lines, Bareilly - UPPCB","20-07-2026 15:00:00",28.359581,79.414455,PM2.5,29,45,37
India,"Uttar Pradesh",Firozabad,"Vibhab Nagar, Firozabad - UPPCB","20-07-2026 15:00:00",27.1594,78.3953,NO2,15,15,15
India,"Uttar Pradesh",Firozabad,"Vibhab Nagar, Firozabad - UPPCB","20-07-2026 15:00:00",27.1594,78.3953,SO2,3,8,7
India,"Uttar Pradesh",Ghaziabad,"Sanjay Nagar, Ghaziabad - UPPCB","20-07-2026 15:00:00",28.685382,77.453839,PM10,72,200,119
India,"Uttar Pradesh",Ghaziabad,"Sanjay Nagar, Ghaziabad - UPPCB","20-07-2026 15:00:00",28.685382,77.453839,SO2,3,7,5
India,"Uttar Pradesh",Ghaziabad,"Vasundhara, Ghaziabad - UPPCB","20-07-2026 15:00:00",28.6603346,77.3572563,SO2,9,74,14
India,"Uttar Pradesh",Ghaziabad,"Indirapuram, Ghaziabad - UPPCB","20-07-2026 15:00:00",28.646233,77.358075,PM10,104,172,136
India,"Uttar Pradesh",Ghaziabad,"Govindpuram, Ghaziabad - UPPCB","20-07-2026 15:00:00",28.694528,77.494705,SO2,2,5,3
India,"Uttar Pradesh",Ghaziabad,"Govindpuram, Ghaziabad - UPPCB","20-07-2026 15:00:00",28.694528,77.494705,CO,30,37,34
India,"Uttar Pradesh",Gorakhpur,"Madan Mohan Malaviya University of Technology, Gorakhpur - UPPCB","20-07-2026 15:00:00",26.730136,83.433859,NO2,NA,NA,NA
India,"Uttar Pradesh",Gorakhpur,"Madan Mohan Malaviya University of Technology, Gorakhpur - UPPCB","20-07-2026 15:00:00",26.730136,83.433859,SO2,NA,NA,NA
India,"West Bengal",Durgapur,"Womens College_City Center, Durgapur - WBPCB","20-07-2026 15:00:00",23.549395,87.300496,NH3,2,3,3
India,"West Bengal",Durgapur,"Womens College_City Center, Durgapur - WBPCB","20-07-2026 15:00:00",23.549395,87.300496,SO2,12,12,12
India,"West Bengal",Howrah,"Botanical Garden, Howrah - WBPCB","20-07-2026 15:00:00",22.554954,88.292568,OZONE,7,9,8
India,"West Bengal",Howrah,"Dasnagar, Howrah - WBPCB","20-07-2026 15:00:00",22.6025571,88.3105664,PM2.5,11,98,59
India,"West Bengal",Howrah,"Dasnagar, Howrah - WBPCB","20-07-2026 15:00:00",22.6025571,88.3105664,NO2,3,10,5
India,"West Bengal",Howrah,"Padmapukur, Howrah - WBPCB","20-07-2026 15:00:00",22.5687319,88.2797276,PM10,36,59,49
India,"West Bengal",Howrah,"Padmapukur, Howrah - WBPCB","20-07-2026 15:00:00",22.5687319,88.2797276,NH3,3,11,7
India,"West Bengal",Howrah,"Padmapukur, Howrah - WBPCB","20-07-2026 15:00:00",22.5687319,88.2797276,CO,50,89,65
India,"West Bengal",Howrah,"Padmapukur, Howrah - WBPCB","20-07-2026 15:00:00",22.5687319,88.2797276,OZONE,22,27,25
India,"West Bengal",Howrah,"Ghusuri, Howrah - WBPCB","20-07-2026 15:00:00",22.611968,88.347422,PM2.5,54,98,71
India,"West Bengal",Kolkata,"Bidhannagar, Kolkata - WBPCB","20-07-2026 15:00:00",22.58157048,88.41002457,OZONE,26,54,37
India,"West Bengal",Kolkata,"Victoria, Kolkata - WBPCB","20-07-2026 15:00:00",22.5448082,88.3403691,SO2,10,22,17
India,"West Bengal",Kolkata,"Rabindra Bharati University, Kolkata - WBPCB","20-07-2026 15:00:00",22.627847,88.380669,PM10,35,66,46
India,"West Bengal",Kolkata,"Rabindra Bharati University, Kolkata - WBPCB","20-07-2026 15:00:00",22.627847,88.380669,NO2,25,50,37
India,"West Bengal",Kolkata,"Jadavpur, Kolkata - WBPCB","20-07-2026 15:00:00",22.49929,88.36917,NO2,12,37,20
India,"West Bengal",Kolkata,"Jadavpur, Kolkata - WBPCB","20-07-2026 15:00:00",22.49929,88.36917,SO2,4,5,5
India,"West Bengal",Kolkata,"Jadavpur, Kolkata - WBPCB","20-07-2026 15:00:00",22.49929,88.36917,CO,28,30,30
India,"West Bengal",Kolkata,"Rabindra Sarobar, Kolkata - WBPCB","20-07-2026 15:00:00",22.51106,88.35142,PM10,21,44,30
India,"West Bengal",Kolkata,"Rabindra Sarobar, Kolkata - WBPCB","20-07-2026 15:00:00",22.51106,88.35142,NH3,6,8,6
India,"West Bengal",Kolkata,"Fort William, Kolkata - WBPCB","20-07-2026 15:00:00",22.55664,88.342674,NO2,18,32,20
India,"West Bengal",Kolkata,"Fort William, Kolkata - WBPCB","20-07-2026 15:00:00",22.55664,88.342674,CO,16,24,21
India,"West Bengal",Kolkata,"Ballygunge, Kolkata - WBPCB","20-07-2026 15:00:00",22.5367507,88.3638022,PM10,24,42,32
India,"West Bengal",Kolkata,"Ballygunge, Kolkata - WBPCB","20-07-2026 15:00:00",22.5367507,88.3638022,CO,14,28,20
India,Bihar,Motihari,"Gandak Colony, Motihari - BSPCB","20-07-2026 15:00:00",26.63086,84.90051,OZONE,57,61,59
India,Bihar,Munger,"Town Hall, Munger - BSPCB","20-07-2026 15:00:00",25.376776,86.471523,PM10,NA,NA,NA
India,Bihar,Munger,"Town Hall, Munger - BSPCB","20-07-2026 15:00:00",25.376776,86.471523,SO2,8,22,12
India,Bihar,Munger,"Town Hall, Munger - BSPCB","20-07-2026 15:00:00",25.376776,86.471523,CO,3,11,7
India,Bihar,Munger,"Town Hall, Munger - BSPCB","20-07-2026 15:00:00",25.376776,86.471523,OZONE,2,4,3
India,Bihar,Muzaffarpur,"Buddha Colony, Muzaffarpur - BSPCB","20-07-2026 15:00:00",26.11442,85.39813,PM10,27,71,50
India,Bihar,Muzaffarpur,"Muzaffarpur Collectorate, Muzaffarpur - BSPCB","20-07-2026 15:00:00",26.1209,85.3647,PM2.5,30,48,38
India,Bihar,Muzaffarpur,"Muzaffarpur Collectorate, Muzaffarpur - BSPCB","20-07-2026 15:00:00",26.1209,85.3647,SO2,4,6,5
India,Bihar,Muzaffarpur,"Muzaffarpur Collectorate, Muzaffarpur - BSPCB","20-07-2026 15:00:00",26.1209,85.3647,OZONE,7,16,11
India,Bihar,Muzaffarpur,"MIT-Daudpur Kothi, Muzaffarpur - BSPCB","20-07-2026 15:00:00",26.1403345,85.3650192,PM2.5,22,48,39
India,Bihar,Muzaffarpur,"MIT-Daudpur Kothi, Muzaffarpur - BSPCB","20-07-2026 15:00:00",26.1403345,85.3650192,PM10,29,49,43
India,Bihar,Muzaffarpur,"MIT-Daudpur Kothi, Muzaffarpur - BSPCB","20-07-2026 15:00:00",26.1403345,85.3650192,NO2,1,6,3
India,Bihar,Muzaffarpur,"MIT-Daudpur Kothi, Muzaffarpur - BSPCB","20-07-2026 15:00:00",26.1403345,85.3650192,OZONE,17,48,31
India,Bihar,Patna,"Govt. High School Shikarpur, Patna - BSPCB","20-07-2026 15:00:00",25.592539,85.227158,NO2,5,7,6
India,Bihar,Patna,"Govt. High School Shikarpur, Patna - BSPCB","20-07-2026 15:00:00",25.592539,85.227158,CO,43,51,46
India,Bihar,Patna,"Muradpur, Patna - BSPCB","20-07-2026 15:00:00",25.619651,85.147382,PM10,40,91,70
India,Bihar,Patna,"Muradpur, Patna - BSPCB","20-07-2026 15:00:00",25.619651,85.147382,NO2,4,5,4
India,Bihar,Samastipur,"DM Office_Kasipur, Samastipur - BSPCB","20-07-2026 15:00:00",25.859655,85.77944,CO,NA,NA,NA
India,Bihar,Sasaram,"Dada Peer, Sasaram - BSPCB","20-07-2026 15:00:00",24.952822,84.002396,NH3,0,4,3
India,Chandigarh,Chandigarh,"Sector-25, Chandigarh - CPCC","20-07-2026 15:00:00",30.751462,76.762879,PM10,20,103,72
India,Chandigarh,Chandigarh,"Sector 22, Chandigarh - CPCC","20-07-2026 15:00:00",30.735567,76.775714,PM10,7,71,44
India,Chandigarh,Chandigarh,"Sector 22, Chandigarh - CPCC","20-07-2026 15:00:00",30.735567,76.775714,NO2,NA,NA,NA
India,Chandigarh,Chandigarh,"Sector-53, Chandigarh - CPCC","20-07-2026 15:00:00",30.719859,76.738637,PM2.5,10,57,35
India,Chhattisgarh,Bhilai,"Hathkhoj, Bhilai - CECB","20-07-2026 15:00:00",21.224231,81.40835,SO2,5,21,10
India,Chhattisgarh,Bhilai,"Hathkhoj, Bhilai - CECB","20-07-2026 15:00:00",21.224231,81.40835,OZONE,9,18,13
India,Chhattisgarh,Bhilai,"Civic Center, Bhilai - Bhilai Steel Plant","20-07-2026 15:00:00",21.185571,81.343175,NO2,15,16,15
India,Chhattisgarh,Bilaspur,"Mangala, Bilaspur - NTPC","20-07-2026 15:00:00",22.08815,82.13737,PM10,9,47,23
India,Chhattisgarh,Bilaspur,"Mangala, Bilaspur - NTPC","20-07-2026 15:00:00",22.08815,82.13737,NO2,12,14,14
India,"Andhra Pradesh",Eluru,"District Court, Eluru - APPCB","20-07-2026 15:00:00",16.711754,81.092095,NH3,2,6,3
India,"Andhra Pradesh",Eluru,"District Court, Eluru - APPCB","20-07-2026 15:00:00",16.711754,81.092095,SO2,10,20,13
India,"Andhra Pradesh",Guntur,"Rajendra Nagar North, Guntur - APPCB","20-07-2026 15:00:00",16.316553,80.413302,CO,23,38,30
India,"Andhra Pradesh",Kadapa,"Yerramukkapalli, Kadapa - APPCB","20-07-2026 15:00:00",14.465052,78.824187,PM10,43,60,47
India,"Andhra Pradesh",Kurnool,"Sita Rama Nagar, Kurnool - APPCB","20-07-2026 15:00:00",15.83411,78.028546,PM10,21,48,31
India,"Andhra Pradesh",Kurnool,"Sita Rama Nagar, Kurnool - APPCB","20-07-2026 15:00:00",15.83411,78.028546,SO2,10,11,10
India,"Andhra Pradesh",Machilipatnam,"Srinivas Nagar Colony, Machilipatnam - APPCB","20-07-2026 15:00:00",16.186555,81.13219,PM2.5,46,103,56
India,"Andhra Pradesh",Machilipatnam,"Srinivas Nagar Colony, Machilipatnam - APPCB","20-07-2026 15:00:00",16.186555,81.13219,NO2,17,31,22
India,"Andhra Pradesh",Machilipatnam,"Srinivas Nagar Colony, Machilipatnam - APPCB","20-07-2026 15:00:00",16.186555,81.13219,SO2,10,21,14
India,"Andhra Pradesh",Nellore,"Ambedkar Nagar, Nellore - APPCB ","20-07-2026 15:00:00",14.438164,79.966814,PM2.5,44,58,46
India,"Andhra Pradesh",Nellore,"Ambedkar Nagar, Nellore - APPCB ","20-07-2026 15:00:00",14.438164,79.966814,NH3,4,6,5
India,"Andhra Pradesh",Nellore,"Ambedkar Nagar, Nellore - APPCB ","20-07-2026 15:00:00",14.438164,79.966814,OZONE,20,27,24
India,"Andhra Pradesh",Visakhapatnam,"GVM Corporation, Visakhapatnam - APPCB","20-07-2026 15:00:00",17.72,83.3,OZONE,13,46,35
India,Assam,Byrnihat,"Central Academy for SFS, Byrnihat - PCBA","20-07-2026 15:00:00",26.071318,91.87488,SO2,1,33,29
India,Assam,Guwahati,"IITG, Guwahati - PCBA","20-07-2026 15:00:00",26.2028636,91.70046436,PM2.5,3,46,18
India,Assam,Guwahati,"IITG, Guwahati - PCBA","20-07-2026 15:00:00",26.2028636,91.70046436,CO,2,9,5
India,Assam,Guwahati,"Railway Colony, Guwahati - PCBA","20-07-2026 15:00:00",26.181742,91.78063,PM2.5,2,73,28
India,Assam,Guwahati,"Railway Colony, Guwahati - PCBA","20-07-2026 15:00:00",26.181742,91.78063,PM10,7,53,21
India,Assam,Guwahati,"Railway Colony, Guwahati - PCBA","20-07-2026 15:00:00",26.181742,91.78063,CO,1,6,3
India,Assam,Guwahati,"Pan Bazaar, Guwahati - PCBA","20-07-2026 15:00:00",26.1875,91.744194,PM2.5,13,500,233
India,Assam,Guwahati,"Pan Bazaar, Guwahati - PCBA","20-07-2026 15:00:00",26.1875,91.744194,NO2,NA,NA,NA
India,Assam,Guwahati,"LGBI Airport, Guwahati - PCBA","20-07-2026 15:00:00",26.10887,91.589544,PM2.5,28,73,59
India,Assam,Guwahati,"LGBI Airport, Guwahati - PCBA","20-07-2026 15:00:00",26.10887,91.589544,NO2,14,170,21
India,Bihar,Bettiah,"Kamalnath Nagar, Bettiah - BSPCB","20-07-2026 15:00:00",26.80365,84.51954,PM10,NA,NA,NA
India,Bihar,Bhagalpur,"Mayaganj, Bhagalpur - BSPCB","20-07-2026 15:00:00",25.265194,87.012947,NO2,4,10,7
India,Bihar,Bhagalpur,"DM Office_Kachari Chowk, Bhagalpur - BSPCB","20-07-2026 15:00:00",25.251013,86.989001,PM10,22,425,92
India,Bihar,Bhagalpur,"DM Office_Kachari Chowk, Bhagalpur - BSPCB","20-07-2026 15:00:00",25.251013,86.989001,NO2,9,13,12
India,Bihar,Bhagalpur,"DM Office_Kachari Chowk, Bhagalpur - BSPCB","20-07-2026 15:00:00",25.251013,86.989001,CO,12,38,26
India,Bihar,"Bihar Sharif","D M Colony, Bihar Sharif - BSPCB","20-07-2026 15:00:00",25.204762,85.51496,PM2.5,NA,NA,NA
India,Bihar,"Bihar Sharif","D M Colony, Bihar Sharif - BSPCB","20-07-2026 15:00:00",25.204762,85.51496,NO2,NA,NA,NA
India,Bihar,"Bihar Sharif","D M Colony, Bihar Sharif - BSPCB","20-07-2026 15:00:00",25.204762,85.51496,CO,NA,NA,NA
India,Bihar,Chhapra,"Darshan Nagar, Chhapra - BSPCB","20-07-2026 15:00:00",25.7808257,84.7446768,PM10,112,112,112
India,Bihar,Chhapra,"Darshan Nagar, Chhapra - BSPCB","20-07-2026 15:00:00",25.7808257,84.7446768,CO,94,104,101
India,Bihar,Gaya,"SFTI Kusdihra, Gaya - BSPCB","20-07-2026 15:00:00",24.762518,84.982348,PM2.5,12,34,22
India,Assam,Nalbari,"Bata Chowk, Nalbari - PCBA","20-07-2026 15:00:00",26.446912,91.439057,NH3,6,7,6
India,Assam,Nalbari,"Bata Chowk, Nalbari - PCBA","20-07-2026 15:00:00",26.446912,91.439057,SO2,8,8,8
India,Assam,Silchar,"Tarapur, Silchar - PCBA","20-07-2026 15:00:00",24.82827,92.79525,PM10,45,65,53
India,Assam,Silchar,"Tarapur, Silchar - PCBA","20-07-2026 15:00:00",24.82827,92.79525,NO2,16,18,16
India,Assam,Sivasagar,"Girls College, Sivasagar - PCBA","20-07-2026 15:00:00",26.987634,94.636574,NO2,9,20,11
India,Bihar,Arrah,"New DM Office, Arrah - BSPCB","20-07-2026 15:00:00",25.5626095,84.663264,SO2,3,7,6
India,Bihar,Arrah,"New DM Office, Arrah - BSPCB","20-07-2026 15:00:00",25.5626095,84.663264,CO,45,78,60
India,Bihar,Aurangabad,"Gurdeo Nagar, Aurangabad - BSPCB","20-07-2026 15:00:00",24.75746,84.366208,PM2.5,NA,NA,NA
India,Bihar,Aurangabad,"Gurdeo Nagar, Aurangabad - BSPCB","20-07-2026 15:00:00",24.75746,84.366208,PM10,NA,NA,NA
India,Bihar,Aurangabad,"Gurdeo Nagar, Aurangabad - BSPCB","20-07-2026 15:00:00",24.75746,84.366208,OZONE,6,7,6
India,"Andhra Pradesh",Rajamahendravaram,"Anand Kala Kshetram, Rajamahendravaram - APPCB","20-07-2026 15:00:00",16.9872867,81.7363176,NO2,NA,NA,NA
India,"Andhra Pradesh",Vijayawada,"Rajiv Gandhi Park, Vijayawada - APPCB","20-07-2026 15:00:00",16.509717,80.612222,PM2.5,13,353,92
India,"Andhra Pradesh",Vijayawada,"Rajiv Nagar, Vijayawada - APPCB","20-07-2026 15:00:00",16.554731,80.64911,NO2,15,25,17
India,"Andhra Pradesh",Vijayawada,"Kanuru, Vijayawada - APPCB","20-07-2026 15:00:00",16.486692,80.699436,NH3,6,7,7
India,"Andhra Pradesh",Vijayawada,"Kanuru, Vijayawada - APPCB","20-07-2026 15:00:00",16.486692,80.699436,SO2,12,21,15
India,"Andhra Pradesh",Vijayawada,"Kanuru, Vijayawada - APPCB","20-07-2026 15:00:00",16.486692,80.699436,CO,29,40,33
India,"Andhra Pradesh",Vijayawada,"Kanuru, Vijayawada - APPCB","20-07-2026 15:00:00",16.486692,80.699436,OZONE,35,49,40
India,"Andhra Pradesh",Vijayawada,"HB Colony, Vijayawada - APPCB","20-07-2026 15:00:00",16.536107,80.594233,PM10,56,108,66
India,"Andhra Pradesh",Vijayawada,"HB Colony, Vijayawada - APPCB","20-07-2026 15:00:00",16.536107,80.594233,NO2,17,22,20
India,Bihar,Patna,"Muradpur, Patna - BSPCB","20-07-2026 15:00:00",25.619651,85.147382,CO,43,53,48
India,Bihar,Patna,"Samanpura, Patna - BSPCB","20-07-2026 15:00:00",25.596727,85.085624,PM10,49,135,83
India,Bihar,Patna,"IGSC Planetarium Complex, Patna - BSPCB","20-07-2026 15:00:00",25.610369,85.132568,PM2.5,32,97,64
India,Bihar,Patna,"DRM Office Danapur, Patna - BSPCB","20-07-2026 15:00:00",25.586562,85.043586,PM10,22,44,31
India,Bihar,Patna,"DRM Office Danapur, Patna - BSPCB","20-07-2026 15:00:00",25.586562,85.043586,NO2,20,25,23
India,Bihar,Rajgir,"Dangi Tola, Rajgir - BSPCB","20-07-2026 15:00:00",25.0328,85.41948,PM2.5,NA,NA,NA
India,Bihar,Rajgir,"Dangi Tola, Rajgir - BSPCB","20-07-2026 15:00:00",25.0328,85.41948,PM10,NA,NA,NA
India,Bihar,Rajgir,"Dangi Tola, Rajgir - BSPCB","20-07-2026 15:00:00",25.0328,85.41948,CO,34,47,42
India,Bihar,Samastipur,"DM Office_Kasipur, Samastipur - BSPCB","20-07-2026 15:00:00",25.859655,85.77944,PM2.5,NA,NA,NA
India,"Andhra Pradesh",Amaravati,"Secretariat, Amaravati - APPCB","20-07-2026 15:00:00",16.5150833,80.5181667,NO2,12,33,16
India,"Andhra Pradesh",Anantapur,"Gulzarpet, Anantapur - APPCB","20-07-2026 15:00:00",14.675886,77.593027,PM10,55,218,77
India,"Andhra Pradesh",Anantapur,"Gulzarpet, Anantapur - APPCB","20-07-2026 15:00:00",14.675886,77.593027,NO2,18,21,19
India,"Andhra Pradesh",Anantapur,"Gulzarpet, Anantapur - APPCB","20-07-2026 15:00:00",14.675886,77.593027,SO2,11,16,12
India,"Andhra Pradesh",Chittoor,"Gangineni Cheruvu, Chittoor - APPCB","20-07-2026 15:00:00",13.20488,79.097889,CO,13,23,16
India,"Andhra Pradesh",Eluru,"District Court, Eluru - APPCB","20-07-2026 15:00:00",16.711754,81.092095,PM2.5,52,75,58
India,"Andhra Pradesh",Eluru,"District Court, Eluru - APPCB","20-07-2026 15:00:00",16.711754,81.092095,PM10,48,78,55
India,Bihar,Gaya,"Kareemganj, Gaya - BSPCB","20-07-2026 15:00:00",24.792403,84.992416,NO2,11,15,12
India,Bihar,Gaya,"Kareemganj, Gaya - BSPCB","20-07-2026 15:00:00",24.792403,84.992416,NH3,0,2,1
India,Bihar,Hajipur,"Industrial Area, Hajipur - BSPCB","20-07-2026 15:00:00",25.697189,85.2459,NH3,8,15,11
India,Bihar,Hajipur,"Industrial Area, Hajipur - BSPCB","20-07-2026 15:00:00",25.697189,85.2459,SO2,2,4,3
India,Bihar,Katihar,"Mirchaibari, Katihar - BSPCB","20-07-2026 15:00:00",25.560083,87.553265,PM10,4,17,11
India,Bihar,Kishanganj,"SDM Office_Khagra, Kishanganj - BSPCB","20-07-2026 15:00:00",26.0881305,87.93840336,PM2.5,13,73,25
India,Delhi,Delhi,"Punjabi Bagh, Delhi - DPCC","20-07-2026 15:00:00",28.674045,77.131023,PM10,91,211,131
India,Delhi,Delhi,"Punjabi Bagh, Delhi - DPCC","20-07-2026 15:00:00",28.674045,77.131023,NO2,15,37,24
India,Delhi,Delhi,"Punjabi Bagh, Delhi - DPCC","20-07-2026 15:00:00",28.674045,77.131023,OZONE,6,29,17
India,Delhi,Delhi,"Shadipur, Delhi - CPCB","20-07-2026 15:00:00",28.6514781,77.1473105,OZONE,50,56,54
India,Delhi,Delhi,"Nehru Nagar, Delhi - DPCC","20-07-2026 15:00:00",28.56789,77.250515,PM2.5,3,180,95
India,Delhi,Delhi,"Nehru Nagar, Delhi - DPCC","20-07-2026 15:00:00",28.56789,77.250515,CO,1,16,9
India,Delhi,Delhi,"Talkatora Garden, Delhi - DPCC","20-07-2026 15:00:00",28.62181,77.1944633,NO2,16,48,27
India,Delhi,Delhi,"IGNOU_Maidan Garhi, Delhi - DPCC","20-07-2026 15:00:00",28.493624,77.201159,PM2.5,25,61,36
India,Delhi,Delhi,"IGNOU_Maidan Garhi, Delhi - DPCC","20-07-2026 15:00:00",28.493624,77.201159,PM10,76,140,106
India,Gujarat,Ahmedabad,"SVPI Airport Hansol, Ahmedabad - IITM","20-07-2026 15:00:00",23.076793,72.627874,PM10,NA,NA,NA
India,Gujarat,Ahmedabad,"SVPI Airport Hansol, Ahmedabad - IITM","20-07-2026 15:00:00",23.076793,72.627874,OZONE,5,9,7
India,Gujarat,Ahmedabad,"SAC ISRO Bopal, Ahmedabad - IITM","20-07-2026 15:00:00",23.041137,72.456691,NO2,2,7,4
India,Gujarat,Ahmedabad,"SAC ISRO Bopal, Ahmedabad - IITM","20-07-2026 15:00:00",23.041137,72.456691,SO2,0,1,1
India,Gujarat,Ahmedabad,"SAC ISRO Bopal, Ahmedabad - IITM","20-07-2026 15:00:00",23.041137,72.456691,CO,2,12,7
India,Gujarat,Ahmedabad,"Maninagar, Ahmedabad - GPCB","20-07-2026 15:00:00",23.002657,72.591912,SO2,8,55,35
India,Gujarat,Ahmedabad,"Maninagar, Ahmedabad - GPCB","20-07-2026 15:00:00",23.002657,72.591912,OZONE,17,42,28
India,Gujarat,Ahmedabad,"Gyaspur, Ahmedabad - IITM","20-07-2026 15:00:00",22.977134,72.553024,PM2.5,6,35,15
India,Chhattisgarh,Tumidih,"OP Jindal Industrial Park, Tumidih - CECB","20-07-2026 15:00:00",22.06631475,83.33820077,CO,15,26,17
India,Chhattisgarh,Tumidih,"OP Jindal Industrial Park, Tumidih - CECB","20-07-2026 15:00:00",22.06631475,83.33820077,OZONE,27,27,27
India,Delhi,Delhi,"Commonwealth Sports Complex, Delhi - DPCC","20-07-2026 15:00:00",28.615828,77.271992,CO,35,54,46
India,Delhi,Delhi,"ITO, Delhi - CPCB","20-07-2026 15:00:00",28.628624,77.24106,NH3,2,6,4
India,Delhi,Delhi,"Sirifort, Delhi - CPCB","20-07-2026 15:00:00",28.5504249,77.2159377,PM2.5,74,170,114
India,Delhi,Delhi,"Sirifort, Delhi - CPCB","20-07-2026 15:00:00",28.5504249,77.2159377,NO2,31,40,35
India,Delhi,Delhi,"IIT Delhi, Delhi - IITM","20-07-2026 15:00:00",28.54246,77.191651,PM2.5,54,107,82
India,Delhi,Delhi,"IIT Delhi, Delhi - IITM","20-07-2026 15:00:00",28.54246,77.191651,SO2,NA,NA,NA
India,Delhi,Delhi,"Narela, Delhi - DPCC","20-07-2026 15:00:00",28.822836,77.101981,PM10,103,201,142
India,Delhi,Delhi,"Narela, Delhi - DPCC","20-07-2026 15:00:00",28.822836,77.101981,NH3,5,13,9
India,Delhi,Delhi,"Narela, Delhi - DPCC","20-07-2026 15:00:00",28.822836,77.101981,OZONE,5,28,13
India,Delhi,Delhi,"DTU, Delhi - CPCB","20-07-2026 15:00:00",28.7500499,77.1112615,CO,16,29,24
India,Delhi,Delhi,"NSIT Dwarka, Delhi - CPCB","20-07-2026 15:00:00",28.60909,77.0325413,PM10,66,107,87
India,Delhi,Delhi,"NSIT Dwarka, Delhi - CPCB","20-07-2026 15:00:00",28.60909,77.0325413,NO2,25,107,52
India,Delhi,Delhi,"Pusa, Delhi - IITM","20-07-2026 15:00:00",28.63611,77.173332,NO2,46,109,68
India,Gujarat,Ahmedabad,"Gyaspur, Ahmedabad - IITM","20-07-2026 15:00:00",22.977134,72.553024,OZONE,7,9,8
India,Gujarat,Ahmedabad,"Chandkheda, Ahmedabad - IITM","20-07-2026 15:00:00",23.107969,72.574648,PM2.5,25,69,44
India,Gujarat,Ahmedabad,"Chandkheda, Ahmedabad - IITM","20-07-2026 15:00:00",23.107969,72.574648,NH3,4,7,5
India,Gujarat,Ahmedabad,"SAC ISRO Satellite, Ahmedabad - IITM","20-07-2026 15:00:00",23.023389,72.515201,CO,16,32,28
India,Gujarat,Ahmedabad,"Raikhad, Ahmedabad - IITM","20-07-2026 15:00:00",23.020509,72.579261,PM2.5,19,41,31
India,Gujarat,Ahmedabad,"Raikhad, Ahmedabad - IITM","20-07-2026 15:00:00",23.020509,72.579261,NH3,1,6,2
India,Gujarat,Ahmedabad,"Rakhial, Ahmedabad - IITM","20-07-2026 15:00:00",23.016834,72.625775,CO,35,62,46
India,Gujarat,Ankleshwar,"GIDC, Ankleshwar - GPCB","20-07-2026 15:00:00",21.613267,73.010555,NO2,15,25,17
India,Gujarat,Ankleshwar,"GIDC, Ankleshwar - GPCB","20-07-2026 15:00:00",21.613267,73.010555,NH3,5,6,5
India,Gujarat,Ankleshwar,"GIDC, Ankleshwar - GPCB","20-07-2026 15:00:00",21.613267,73.010555,CO,46,87,64
India,Gujarat,Bhavnagar,"Vidhyanagar, Bhavnagar - Nexteng Enviro","20-07-2026 15:00:00",21.755417,72.139056,SO2,7,7,7
India,Gujarat,Gandhinagar,"Sector-10, Gandhinagar - GPCB","20-07-2026 15:00:00",23.221714,72.654328,PM2.5,26,49,37
India,Gujarat,Gandhinagar,"Sector-10, Gandhinagar - GPCB","20-07-2026 15:00:00",23.221714,72.654328,NO2,5,7,6
India,Gujarat,Gandhinagar,"IIPHG Lekawada, Gandhinagar - IITM","20-07-2026 15:00:00",23.243639,72.68994,PM2.5,12,59,32
India,Gujarat,Gandhinagar,"IIPHG Lekawada, Gandhinagar - IITM","20-07-2026 15:00:00",23.243639,72.68994,OZONE,2,5,3
India,Delhi,Delhi,"JNU, Delhi - DPCC","20-07-2026 15:00:00",28.540721,77.168544,PM2.5,25,113,78
India,Delhi,Delhi,"JNU, Delhi - DPCC","20-07-2026 15:00:00",28.540721,77.168544,NO2,10,22,17
India,Delhi,Delhi,"JNU, Delhi - DPCC","20-07-2026 15:00:00",28.540721,77.168544,NH3,1,15,6
India,Delhi,Delhi,"Chandni Chowk, Delhi - IITM","20-07-2026 15:00:00",28.656756,77.227234,NH3,6,8,6
India,Delhi,Delhi,"Chandni Chowk, Delhi - IITM","20-07-2026 15:00:00",28.656756,77.227234,OZONE,7,67,32
India,Delhi,Delhi,"Sri Aurobindo Marg, Delhi - DPCC","20-07-2026 15:00:00",28.531346,77.190156,CO,41,62,51
India,Delhi,Delhi,"IHBAS, Dilshad Garden, Delhi - CPCB","20-07-2026 15:00:00",28.6811736,77.3025234,PM2.5,66,141,92
India,Delhi,Delhi,"Major Dhyan Chand National Stadium, Delhi - DPCC","20-07-2026 15:00:00",28.611281,77.237738,PM10,63,161,107
India,Delhi,Delhi,"Major Dhyan Chand National Stadium, Delhi - DPCC","20-07-2026 15:00:00",28.611281,77.237738,NO2,20,39,27
India,Delhi,Delhi,"IGI Airport (T3), Delhi - IITM","20-07-2026 15:00:00",28.5627763,77.1180053,CO,69,80,74
India,Delhi,Delhi,"Jawaharlal Nehru Stadium, Delhi - DPCC","20-07-2026 15:00:00",28.58028,77.233829,SO2,10,32,12
India,Delhi,Delhi,"Jawaharlal Nehru Stadium, Delhi - DPCC","20-07-2026 15:00:00",28.58028,77.233829,OZONE,22,28,25
India,Delhi,Delhi,"Patparganj, Delhi - DPCC","20-07-2026 15:00:00",28.623763,77.287209,NH3,9,15,12
India,Delhi,Delhi,"Patparganj, Delhi - DPCC","20-07-2026 15:00:00",28.623763,77.287209,CO,36,52,44
India,Delhi,Delhi,"Patparganj, Delhi - DPCC","20-07-2026 15:00:00",28.623763,77.287209,OZONE,3,3,3
India,Delhi,Delhi,"Dwarka-Sector 8, Delhi - DPCC ","20-07-2026 15:00:00",28.5710274,77.0719006,PM2.5,30,123,67
India,Delhi,Delhi,"Ashok Vihar, Delhi - DPCC","20-07-2026 15:00:00",28.695381,77.181665,PM10,116,244,148
India,Delhi,Delhi,"Ashok Vihar, Delhi - DPCC","20-07-2026 15:00:00",28.695381,77.181665,SO2,2,10,7
India,Delhi,Delhi,"Ashok Vihar, Delhi - DPCC","20-07-2026 15:00:00",28.695381,77.181665,CO,56,66,62
India,Delhi,Delhi,"Anand Vihar, Delhi - DPCC","20-07-2026 15:00:00",28.647622,77.315809,PM10,120,284,178
India,Delhi,Delhi,"Anand Vihar, Delhi - DPCC","20-07-2026 15:00:00",28.647622,77.315809,NO2,25,43,32
India,Delhi,Delhi,"Dr. Karni Singh Shooting Range, Delhi - DPCC","20-07-2026 15:00:00",28.498571,77.26484,PM10,56,157,113
India,Delhi,Delhi,"North Campus, DU, Delhi - IITM","20-07-2026 15:00:00",28.6573814,77.1585447,PM2.5,45,133,81
India,Delhi,Delhi,"North Campus, DU, Delhi - IITM","20-07-2026 15:00:00",28.6573814,77.1585447,CO,85,102,96
India,Delhi,Delhi,"North Campus, DU, Delhi - IITM","20-07-2026 15:00:00",28.6573814,77.1585447,OZONE,21,33,26
India,Delhi,Delhi,"Wazirpur, Delhi - DPCC","20-07-2026 15:00:00",28.699793,77.165453,NO2,22,44,31
India,Delhi,Delhi,"Mundka, Delhi - DPCC","20-07-2026 15:00:00",28.684678,77.076574,NO2,71,89,78
India,Delhi,Delhi,"Mundka, Delhi - DPCC","20-07-2026 15:00:00",28.684678,77.076574,NH3,7,12,9
India,Delhi,Delhi,"Mandir Marg, Delhi - DPCC","20-07-2026 15:00:00",28.636429,77.201067,CO,1,110,59
India,Delhi,Delhi,"Aya Nagar, Delhi - IITM","20-07-2026 15:00:00",28.4706914,77.1099364,PM2.5,30,175,88
India,Delhi,Delhi,"Aya Nagar, Delhi - IITM","20-07-2026 15:00:00",28.4706914,77.1099364,NO2,9,28,23
India,Delhi,Delhi,"Aya Nagar, Delhi - IITM","20-07-2026 15:00:00",28.4706914,77.1099364,CO,28,45,39
India,Delhi,Delhi,"IMD Lodhi Road, Delhi - IITM","20-07-2026 15:00:00",28.5918245,77.2273074,NH3,NA,NA,NA
India,Delhi,Delhi,"IMD Lodhi Road, Delhi - IITM","20-07-2026 15:00:00",28.5918245,77.2273074,SO2,NA,NA,NA
India,Delhi,Delhi,"Burari Crossing, Delhi - IITM","20-07-2026 15:00:00",28.7256504,77.2011573,SO2,NA,NA,NA
India,Delhi,Delhi,"CRRI Mathura Road, Delhi - IITM","20-07-2026 15:00:00",28.5512005,77.2735737,PM10,73,211,127
India,Delhi,Delhi,"CRRI Mathura Road, Delhi - IITM","20-07-2026 15:00:00",28.5512005,77.2735737,NO2,22,48,29
India,Delhi,Delhi,"CRRI Mathura Road, Delhi - IITM","20-07-2026 15:00:00",28.5512005,77.2735737,OZONE,10,14,12
India,Delhi,Delhi,"Okhla Phase-2, Delhi - DPCC","20-07-2026 15:00:00",28.530785,77.271255,NO2,16,32,21
India,Chhattisgarh,Chhal,"Nawapara SECL Colony, Chhal - CECB","20-07-2026 15:00:00",22.118125,83.140608,CO,23,32,26
India,Chhattisgarh,Korba,"Urja Nagar, Korba - CECB","20-07-2026 15:00:00",22.348441,82.549611,NH3,1,1,1
India,Chhattisgarh,Korba,"Urja Nagar, Korba - CECB","20-07-2026 15:00:00",22.348441,82.549611,SO2,2,13,9
India,Chhattisgarh,Kunjemura,"OP Jindal School, Kunjemura - CECB","20-07-2026 15:00:00",22.12665,83.483212,PM10,21,42,33
India,Chhattisgarh,Milupara,"Govt. Higher Secondary School, Milupara - CECB","20-07-2026 15:00:00",22.1910172,83.5197009,OZONE,2,5,3
India,Chhattisgarh,Raipur,"Siltara Phase-II, Raipur - CECB","20-07-2026 15:00:00",21.371751,81.664929,NO2,NA,NA,NA
India,Chhattisgarh,Raipur,"Bhatagaon New ISBT, Raipur - CECB","20-07-2026 15:00:00",21.219665,81.630094,CO,12,24,18
India,Chhattisgarh,Raipur,"Krishak Nagar, Raipur - CECB","20-07-2026 15:00:00",21.237755,81.705301,PM10,10,31,18
India,Gujarat,Gandhinagar,"GIFT City, Gandhinagar - IITM","20-07-2026 15:00:00",23.163798,72.677768,SO2,1,14,7
India,Gujarat,Mehsana,"Sadanand Nagar, Mehsana - Nexteng Enviro","20-07-2026 15:00:00",23.59315,72.372792,SO2,13,14,13
India,Gujarat,Nandesari,"GIDC, Nandesari - Nandesari Ind. Association","20-07-2026 15:00:00",22.410802,73.097923,PM10,NA,NA,NA
India,Gujarat,Nandesari,"GIDC, Nandesari - Nandesari Ind. Association","20-07-2026 15:00:00",22.410802,73.097923,OZONE,NA,NA,NA
India,Gujarat,Surat,"Science Center, Surat - SMC","20-07-2026 15:00:00",21.170046,72.795405,NH3,NA,NA,NA
India,Gujarat,Surat,"Science Center, Surat - SMC","20-07-2026 15:00:00",21.170046,72.795405,SO2,NA,NA,NA
India,Gujarat,Surat,"Katargam, Surat - Nexteng Enviro","20-07-2026 15:00:00",21.217779,72.834787,NO2,4,60,27
India,Gujarat,Surat,"Katargam, Surat - Nexteng Enviro","20-07-2026 15:00:00",21.217779,72.834787,NH3,1,1,1
India,Gujarat,Surat,"Katargam, Surat - Nexteng Enviro","20-07-2026 15:00:00",21.217779,72.834787,CO,44,53,47
India,Delhi,Delhi,"Jahangirpuri, Delhi - DPCC","20-07-2026 15:00:00",28.73282,77.170633,OZONE,2,14,8
India,Delhi,Delhi,"Vivek Vihar, Delhi - DPCC","20-07-2026 15:00:00",28.672342,77.31526,NH3,11,13,12
India,Delhi,Delhi,"Rohini, Delhi - DPCC","20-07-2026 15:00:00",28.732528,77.11992,PM2.5,27,230,84
India,Delhi,Delhi,"Pusa, Delhi - DPCC","20-07-2026 15:00:00",28.639652,77.146275,PM10,NA,NA,NA
India,Delhi,Delhi,"Pusa, Delhi - DPCC","20-07-2026 15:00:00",28.639652,77.146275,CO,52,102,64
India,Delhi,Delhi,"Pusa, Delhi - DPCC","20-07-2026 15:00:00",28.639652,77.146275,OZONE,4,5,4
India,Delhi,Delhi,"Mandir Marg, Delhi - DPCC","20-07-2026 15:00:00",28.636429,77.201067,NH3,11,13,12
India,Haryana,Panchgaon,"Amity University, Panchgaon - IITM","20-07-2026 15:00:00",28.3153,76.9143,SO2,10,17,13
India,Haryana,Panchkula,"Sector-6, Panchkula - HSPCB ","20-07-2026 15:00:00",30.7057778,76.8531805555555,PM2.5,21,94,58
India,Haryana,Panchkula,"Sector-6, Panchkula - HSPCB ","20-07-2026 15:00:00",30.7057778,76.8531805555555,NO2,NA,NA,NA
India,Haryana,Panchkula,"Sector-6, Panchkula - HSPCB ","20-07-2026 15:00:00",30.7057778,76.8531805555555,NH3,NA,NA,NA
India,Haryana,Rohtak,"MD University, Rohtak - HSPCB","20-07-2026 15:00:00",28.52123,76.37138,PM2.5,62,100,79
India,Haryana,Sirsa,"F-Block, Sirsa - HSPCB","20-07-2026 15:00:00",29.5364,75.0158,NH3,13,15,14
India,Haryana,Sonipat,"Murthal, Sonipat - HSPCB","20-07-2026 15:00:00",29.0272,77.0621,NH3,8,9,9
India,Haryana,Sonipat,"Murthal, Sonipat - HSPCB","20-07-2026 15:00:00",29.0272,77.0621,SO2,50,59,56
India,Haryana,Sonipat,"Murthal, Sonipat - HSPCB","20-07-2026 15:00:00",29.0272,77.0621,CO,35,43,41
India,"Himachal Pradesh",Baddi,"HIMUDA Complex Phase-1, Baddi - HPPCB","20-07-2026 15:00:00",30.943887,76.801991,NO2,5,33,15
India,"Himachal Pradesh",Baddi,"HIMUDA Complex Phase-1, Baddi - HPPCB","20-07-2026 15:00:00",30.943887,76.801991,SO2,11,17,13
India,"Himachal Pradesh",Baddi,"HIMUDA Complex Phase-1, Baddi - HPPCB","20-07-2026 15:00:00",30.943887,76.801991,OZONE,7,14,11
India,"Jammu and Kashmir",Pampore,"Khrew, Pampore - JKPCC","20-07-2026 15:00:00",34.031606,75.009712,PM2.5,6,231,48
India,"Jammu and Kashmir",Pampore,"Khrew, Pampore - JKPCC","20-07-2026 15:00:00",34.031606,75.009712,PM10,9,189,58
India,Gujarat,Vadodara,"Bapunagar, Vadodara - Nexteng Enviro","20-07-2026 15:00:00",22.320153,73.216285,SO2,6,6,6
India,Gujarat,Vadodara,"Bapunagar, Vadodara - Nexteng Enviro","20-07-2026 15:00:00",22.320153,73.216285,CO,97,100,99
India,Gujarat,Vapi,"Phase-1 GIDC, Vapi - GPCB","20-07-2026 15:00:00",20.362421,72.918013,SO2,NA,NA,NA
India,Gujarat,Vatva,"Phase-4 GIDC, Vatva - GPCB","20-07-2026 15:00:00",22.969611,72.6435,PM2.5,33,173,77
India,Gujarat,Vatva,"Phase-4 GIDC, Vatva - GPCB","20-07-2026 15:00:00",22.969611,72.6435,PM10,91,119,105
India,Gujarat,Vatva,"Phase-4 GIDC, Vatva - GPCB","20-07-2026 15:00:00",22.969611,72.6435,NO2,26,53,40
India,Gujarat,Vatva,"Phase-4 GIDC, Vatva - GPCB","20-07-2026 15:00:00",22.969611,72.6435,CO,24,40,30
India,Haryana,Ambala,"Patti Mehar, Ambala - HSPCB","20-07-2026 15:00:00",30.379589,76.778328,PM2.5,8,121,75
India,Haryana,Ambala,"Patti Mehar, Ambala - HSPCB","20-07-2026 15:00:00",30.379589,76.778328,NH3,7,8,8
India,Haryana,Bahadurgarh,"Arya Nagar, Bahadurgarh - HSPCB","20-07-2026 15:00:00",28.6701,76.9254,PM10,73,141,102
India,Haryana,Bahadurgarh,"Arya Nagar, Bahadurgarh - HSPCB","20-07-2026 15:00:00",28.6701,76.9254,SO2,5,7,6
India,Haryana,Ballabgarh,"Nathu Colony, Ballabgarh - HSPCB","20-07-2026 15:00:00",28.3419248,77.319699,PM10,50,219,141
India,Haryana,Ballabgarh,"Nathu Colony, Ballabgarh - HSPCB","20-07-2026 15:00:00",28.3419248,77.319699,NH3,4,5,5
India,Haryana,Ballabgarh,"Nathu Colony, Ballabgarh - HSPCB","20-07-2026 15:00:00",28.3419248,77.319699,SO2,2,4,3
India,Karnataka,Bengaluru,"Bapuji Nagar, Bengaluru - KSPCB","20-07-2026 15:00:00",12.951913,77.539784,NO2,24,29,26
India,Karnataka,Bengaluru,"Jayanagar 5th Block, Bengaluru - KSPCB","20-07-2026 15:00:00",12.920984,77.584908,SO2,12,25,19
India,Karnataka,Bengaluru,"Jayanagar 5th Block, Bengaluru - KSPCB","20-07-2026 15:00:00",12.920984,77.584908,CO,4,14,10
India,Karnataka,Chikkamagaluru,"Kalyana Nagara, Chikkamagaluru - KSPCB","20-07-2026 15:00:00",13.328028,75.797056,NO2,21,21,21
India,Karnataka,Chikkamagaluru,"Kalyana Nagara, Chikkamagaluru - KSPCB","20-07-2026 15:00:00",13.328028,75.797056,OZONE,NA,NA,NA
India,Karnataka,Dharwad,"Kalabhavan, Dharwad - KSPCB","20-07-2026 15:00:00",15.459706,75.008381,PM2.5,48,81,58
India,Karnataka,Dharwad,"Kalabhavan, Dharwad - KSPCB","20-07-2026 15:00:00",15.459706,75.008381,NO2,23,26,25
India,Karnataka,Dharwad,"Kalabhavan, Dharwad - KSPCB","20-07-2026 15:00:00",15.459706,75.008381,SO2,7,8,8
India,Karnataka,Dharwad,"Kalabhavan, Dharwad - KSPCB","20-07-2026 15:00:00",15.459706,75.008381,CO,16,23,19
India,Karnataka,Hubballi,"Lingaraj Nagar, Hubballi - KSPCB","20-07-2026 15:00:00",15.3714823,75.1160168,PM2.5,33,43,40
India,Karnataka,Hubballi,"Lingaraj Nagar, Hubballi - KSPCB","20-07-2026 15:00:00",15.3714823,75.1160168,PM10,47,62,57
India,Karnataka,Karwar,"KHB Colony, Karwar - KSPCB","20-07-2026 15:00:00",14.816666,74.141003,PM10,38,95,57
India,Haryana,Jind,"Police Lines, Jind - HSPCB","20-07-2026 15:00:00",29.307814,76.337619,CO,4,7,5
India,Haryana,Kaithal,"Rishi Nagar, Kaithal - HSPCB","20-07-2026 15:00:00",29.8006,76.4155,PM2.5,67,182,120
India,Haryana,Kaithal,"Rishi Nagar, Kaithal - HSPCB","20-07-2026 15:00:00",29.8006,76.4155,PM10,82,148,119
India,Haryana,Kaithal,"Rishi Nagar, Kaithal - HSPCB","20-07-2026 15:00:00",29.8006,76.4155,NO2,19,25,23
India,Haryana,Kaithal,"Rishi Nagar, Kaithal - HSPCB","20-07-2026 15:00:00",29.8006,76.4155,SO2,14,105,30
India,Haryana,Kaithal,"Rishi Nagar, Kaithal - HSPCB","20-07-2026 15:00:00",29.8006,76.4155,OZONE,6,26,16
India,Haryana,Karnal,"Sector-12, Karnal - HSPCB","20-07-2026 15:00:00",29.6953,77.0027,OZONE,6,12,8
India,Haryana,Manesar,"Sector-2 IMT, Manesar - HSPCB","20-07-2026 15:00:00",28.360699,76.93609,NO2,15,70,29
India,Haryana,Palwal,"Shyam Nagar, Palwal - HSPCB","20-07-2026 15:00:00",28.1485564,77.3320667,PM10,70,117,84
India,Haryana,Palwal,"Shyam Nagar, Palwal - HSPCB","20-07-2026 15:00:00",28.1485564,77.3320667,NO2,23,24,24
India,Haryana,Palwal,"Shyam Nagar, Palwal - HSPCB","20-07-2026 15:00:00",28.1485564,77.3320667,OZONE,5,12,8
India,Haryana,"Charkhi Dadri","Mini Secretariat, Charkhi Dadri - HSPCB","20-07-2026 15:00:00",28.593883,76.270653,NH3,5,8,6
India,Haryana,Faridabad,"Sector 11, Faridabad - HSPCB","20-07-2026 15:00:00",28.376058,77.315741,PM2.5,17,393,205
India,Haryana,Faridabad,"Sector 11, Faridabad - HSPCB","20-07-2026 15:00:00",28.376058,77.315741,OZONE,16,17,16
India,Haryana,Faridabad,"Sector 30, Faridabad - HSPCB","20-07-2026 15:00:00",28.4417,77.3217,PM10,77,100,81
India,Haryana,Faridabad,"Sector 30, Faridabad - HSPCB","20-07-2026 15:00:00",28.4417,77.3217,SO2,2,2,2
India,Haryana,Fatehabad,"Huda Sector, Fatehabad - HSPCB","20-07-2026 15:00:00",29.503664,75.467934,PM10,NA,NA,NA
India,Haryana,Fatehabad,"Huda Sector, Fatehabad - HSPCB","20-07-2026 15:00:00",29.503664,75.467934,CO,45,108,59
India,Haryana,Gurugram,"Sector-51, Gurugram - HSPCB","20-07-2026 15:00:00",28.4227,77.0667,NO2,26,76,46
India,Haryana,Gurugram,"Sector-51, Gurugram - HSPCB","20-07-2026 15:00:00",28.4227,77.0667,OZONE,21,109,61
India,Karnataka,Karwar,"KHB Colony, Karwar - KSPCB","20-07-2026 15:00:00",14.816666,74.141003,SO2,17,24,21
India,Karnataka,Madikeri,"Stuart Hill, Madikeri - KSPCB","20-07-2026 15:00:00",12.415911,75.73505,NO2,2,2,2
India,Karnataka,Madikeri,"Stuart Hill, Madikeri - KSPCB","20-07-2026 15:00:00",12.415911,75.73505,SO2,7,8,7
India,Karnataka,Mangalore,"Kadri, Mangalore - KSPCB","20-07-2026 15:00:00",12.88925,74.853,CO,NA,NA,NA
India,Karnataka,Ramanagara,"Vijay Nagar, Ramanagara - KSPCB","20-07-2026 15:00:00",12.733409,77.298051,NH3,NA,NA,NA
India,Karnataka,Shivamogga,"Vinoba Nagara, Shivamogga - KSPCB","20-07-2026 15:00:00",13.94,75.555917,PM2.5,21,22,21
India,Karnataka,Tumakuru,"Thimmalapura, Tumakuru - KSPCB","20-07-2026 15:00:00",13.377516,77.099072,PM10,NA,NA,NA
India,Karnataka,Tumakuru,"Thimmalapura, Tumakuru - KSPCB","20-07-2026 15:00:00",13.377516,77.099072,NH3,3,3,3
India,"Jammu and Kashmir",Srinagar,"Khunmoh, Srinagar - JKPCC","20-07-2026 15:00:00",34.06313,74.96017,SO2,4,6,5
India,Jharkhand,Dhanbad,"Sardar Patel Nagar, Dhanbad - JSPCB","20-07-2026 15:00:00",23.80569,86.44268,PM10,20,149,73
India,Jharkhand,Jorapokhar,"Tata Stadium, Jorapokhar - JSPCB","20-07-2026 15:00:00",23.707909,86.41467,SO2,4,4,4
India,Karnataka,Bagalkot,"Vidayagiri, Bagalkot - KSPCB","20-07-2026 15:00:00",16.172806,75.659694,NO2,10,11,10
India,Karnataka,Bagalkot,"Vidayagiri, Bagalkot - KSPCB","20-07-2026 15:00:00",16.172806,75.659694,SO2,10,10,10
India,Karnataka,Bengaluru,"Jigani, Bengaluru - KSPCB","20-07-2026 15:00:00",12.7816279,77.6299145,NH3,3,3,3
India,Haryana,Gurugram,"Teri Gram, Gurugram - HSPCB","20-07-2026 15:00:00",28.4275,77.1465,NH3,NA,NA,NA
India,Haryana,Gurugram,"Teri Gram, Gurugram - HSPCB","20-07-2026 15:00:00",28.4275,77.1465,OZONE,15,15,15
India,Haryana,Gurugram,"Vikas Sadan, Gurugram - HSPCB","20-07-2026 15:00:00",28.4501238,77.0263051,NH3,NA,NA,NA
India,Haryana,Gurugram,"Vikas Sadan, Gurugram - HSPCB","20-07-2026 15:00:00",28.4501238,77.0263051,SO2,0,5,1
India,Haryana,Gurugram,"Vikas Sadan, Gurugram - HSPCB","20-07-2026 15:00:00",28.4501238,77.0263051,CO,13,43,26
India,Haryana,Jind,"Police Lines, Jind - HSPCB","20-07-2026 15:00:00",29.307814,76.337619,NO2,12,14,13
India,Karnataka,Bengaluru,"Jigani, Bengaluru - KSPCB","20-07-2026 15:00:00",12.7816279,77.6299145,SO2,16,17,16
India,Karnataka,Bengaluru,"BWSSB Kadabesanahalli, Bengaluru - CPCB","20-07-2026 15:00:00",12.9352049,77.6814488,NO2,2,5,3
India,Karnataka,Bengaluru,"Hombegowda Nagar, Bengaluru - KSPCB","20-07-2026 15:00:00",12.938539,77.5901,PM2.5,16,43,25
India,Karnataka,Bengaluru,"Hombegowda Nagar, Bengaluru - KSPCB","20-07-2026 15:00:00",12.938539,77.5901,PM10,27,72,43
India,Maharashtra,Aurangabad,"More Chowk Waluj, Aurangabad - MPCB","20-07-2026 15:00:00",19.8389439,75.244448,NO2,8,11,10
India,Maharashtra,Aurangabad,"More Chowk Waluj, Aurangabad - MPCB","20-07-2026 15:00:00",19.8389439,75.244448,NH3,7,7,7
India,Maharashtra,Aurangabad,"MIDC Chilkalthana, Aurangabad - MPCB","20-07-2026 15:00:00",19.87562,75.38731,PM2.5,NA,NA,NA
India,Maharashtra,Aurangabad,"MIDC Chilkalthana, Aurangabad - MPCB","20-07-2026 15:00:00",19.87562,75.38731,NH3,1,2,2
India,Maharashtra,Badlapur,"Katrap, Badlapur - MPCB","20-07-2026 15:00:00",19.16485,73.23409,PM2.5,41,45,43
India,Maharashtra,Badlapur,"Katrap, Badlapur - MPCB","20-07-2026 15:00:00",19.16485,73.23409,PM10,46,50,48
India,Maharashtra,Badlapur,"Katrap, Badlapur - MPCB","20-07-2026 15:00:00",19.16485,73.23409,CO,17,22,19
India,Maharashtra,Beed,"Bir, Beed - MPCB","20-07-2026 15:00:00",18.988474,75.753873,PM2.5,12,28,21
India,Maharashtra,Beed,"Bir, Beed - MPCB","20-07-2026 15:00:00",18.988474,75.753873,NH3,3,4,3
India,Maharashtra,Beed,"Bir, Beed - MPCB","20-07-2026 15:00:00",18.988474,75.753873,SO2,2,4,3
India,Maharashtra,Bhiwandi,"Gokul Nagar, Bhiwandi - MPCB","20-07-2026 15:00:00",19.309073,73.057223,PM2.5,NA,NA,NA
India,Maharashtra,Bhiwandi,"Gokul Nagar, Bhiwandi - MPCB","20-07-2026 15:00:00",19.309073,73.057223,NO2,NA,NA,NA
India,Maharashtra,Bhiwandi,"Gokul Nagar, Bhiwandi - MPCB","20-07-2026 15:00:00",19.309073,73.057223,CO,2,16,7
India,Maharashtra,Boisar,"Khaira, Boisar - MPCB","20-07-2026 15:00:00",19.786089,72.757971,NO2,NA,NA,NA
India,Maharashtra,Boisar,"Khaira, Boisar - MPCB","20-07-2026 15:00:00",19.786089,72.757971,NH3,NA,NA,NA
India,Maharashtra,Chandrapur,"Chauhan Colony, Chandrapur - MPCB","20-07-2026 15:00:00",19.9629,79.298714,NO2,11,13,12
India,Maharashtra,Mumbai,"Chembur, Mumbai - MPCB","20-07-2026 15:00:00",19.0364585,72.8954371,SO2,0,8,2
India,Maharashtra,Mumbai,"Sewri, Mumbai - BMC","20-07-2026 15:00:00",19.000084,72.85673,NO2,7,27,13
India,Maharashtra,Mumbai,"Sewri, Mumbai - BMC","20-07-2026 15:00:00",19.000084,72.85673,NH3,1,7,3
India,Maharashtra,Mumbai,"Mindspace-Malad West, Mumbai - MPCB","20-07-2026 15:00:00",19.1878657,72.8304069,PM2.5,11,12,12
India,Maharashtra,Mumbai,"Mindspace-Malad West, Mumbai - MPCB","20-07-2026 15:00:00",19.1878657,72.8304069,NH3,9,10,9
India,Maharashtra,Mumbai,"Mazgaon, Mumbai - IITM","20-07-2026 15:00:00",18.96702,72.84214,NH3,3,4,3
India,Maharashtra,Mumbai,"Khindipada-Bhandup West, Mumbai - IITM","20-07-2026 15:00:00",19.1653323,72.922099,PM2.5,5,56,15
India,Maharashtra,Mumbai,"Khindipada-Bhandup West, Mumbai - IITM","20-07-2026 15:00:00",19.1653323,72.922099,NH3,0,1,0
India,Maharashtra,Mumbai,"Khindipada-Bhandup West, Mumbai - IITM","20-07-2026 15:00:00",19.1653323,72.922099,OZONE,15,24,21
India,Maharashtra,Mumbai,"Borivali East, Mumbai - IITM","20-07-2026 15:00:00",19.23241,72.86895,PM2.5,20,39,28
India,Maharashtra,Mumbai,"Borivali East, Mumbai - IITM","20-07-2026 15:00:00",19.23241,72.86895,PM10,23,50,36
India,Maharashtra,Mumbai,"Borivali East, Mumbai - IITM","20-07-2026 15:00:00",19.23241,72.86895,OZONE,10,25,18
India,Maharashtra,Mumbai,"Sion, Mumbai - MPCB","20-07-2026 15:00:00",19.047,72.8746,PM10,NA,NA,NA
India,Maharashtra,Mumbai,"Kurla, Mumbai - MPCB","20-07-2026 15:00:00",19.0863,72.8888,PM2.5,8,185,43
India,"Madhya Pradesh",Katni,"Gole Bazar, Katni - MPPCB","20-07-2026 15:00:00",23.50016,80.23284,PM10,17,85,55
India,"Madhya Pradesh",Katni,"Gole Bazar, Katni - MPPCB","20-07-2026 15:00:00",23.50016,80.23284,NO2,6,16,11
India,"Madhya Pradesh",Katni,"Gole Bazar, Katni - MPPCB","20-07-2026 15:00:00",23.50016,80.23284,SO2,5,65,42
India,"Madhya Pradesh",Katni,"Gole Bazar, Katni - MPPCB","20-07-2026 15:00:00",23.50016,80.23284,OZONE,18,36,28
India,"Madhya Pradesh",Mandideep,"Sector-D Industrial Area, Mandideep - MPPCB","20-07-2026 15:00:00",23.10844,77.511428,PM2.5,4,130,38
India,"Madhya Pradesh",Pithampur,"Sector-2 Industrial Area, Pithampur - MPPCB","20-07-2026 15:00:00",22.624758,75.675238,CO,28,35,31
India,"Madhya Pradesh",Ratlam,"Shasthri Nagar, Ratlam - IPCA Lab","20-07-2026 15:00:00",23.331731,75.045981,NH3,NA,NA,NA
India,"Madhya Pradesh",Sagar,"Civil Lines, Sagar - MPPCB","20-07-2026 15:00:00",23.838586,78.759431,NO2,3,17,6
India,"Madhya Pradesh",Satna,"Bandhavgar Colony, Satna - Birla Cement","20-07-2026 15:00:00",24.58434363,80.8549414,PM2.5,48,51,50
India,"Madhya Pradesh",Satna,"Bandhavgar Colony, Satna - Birla Cement","20-07-2026 15:00:00",24.58434363,80.8549414,PM10,70,71,71
India,"Madhya Pradesh",Satna,"Bandhavgar Colony, Satna - Birla Cement","20-07-2026 15:00:00",24.58434363,80.8549414,NO2,12,13,13
India,"Madhya Pradesh",Satna,"Bandhavgar Colony, Satna - Birla Cement","20-07-2026 15:00:00",24.58434363,80.8549414,CO,11,24,16
India,Maharashtra,Chandrapur,"MIDC Khutala, Chandrapur - MPCB","20-07-2026 15:00:00",19.9775302,79.2337086,OZONE,11,36,26
India,Maharashtra,Dombivli,"Kalu Nagar, Dombivli - MPCB","20-07-2026 15:00:00",19.2268427,73.0788456,OZONE,9,21,14
India,Maharashtra,Hingoli,"Ashta Vinayak Nagar, Hingoli - MPCB","20-07-2026 15:00:00",19.710842,77.151824,PM2.5,7,26,15
India,Maharashtra,Hingoli,"Ashta Vinayak Nagar, Hingoli - MPCB","20-07-2026 15:00:00",19.710842,77.151824,PM10,9,30,19
India,Maharashtra,Hingoli,"Ashta Vinayak Nagar, Hingoli - MPCB","20-07-2026 15:00:00",19.710842,77.151824,SO2,4,6,5
India,Maharashtra,Jalgaon,"Prabhat Colony, Jalgaon - MPCB","20-07-2026 15:00:00",21.001264,75.565602,OZONE,16,38,29
India,Maharashtra,Kalyan,"Khadakpada, Kalyan - MPCB","20-07-2026 15:00:00",19.25292,73.142019,PM2.5,9,44,26
India,Maharashtra,Kalyan,"Pimpleshwar Mandir, Kalyan - MPCB","20-07-2026 15:00:00",19.192056,72.9585188,PM10,46,68,52
India,Maharashtra,Kalyan,"Pimpleshwar Mandir, Kalyan - MPCB","20-07-2026 15:00:00",19.192056,72.9585188,NH3,6,6,6
India,Maharashtra,Kolhapur,"Sinchan Bhavan, Kolhapur - MPCB","20-07-2026 15:00:00",16.7143745,74.2426398,PM2.5,NA,NA,NA
India,Maharashtra,Kolhapur,"Shivaji University, Kolhapur - MPCB","20-07-2026 15:00:00",16.6870449,74.2505872,NO2,4,21,12
India,Karnataka,Tumakuru,"Thimmalapura, Tumakuru - KSPCB","20-07-2026 15:00:00",13.377516,77.099072,OZONE,NA,NA,NA
India,Karnataka,Vijayapura,"Ibrahimpur, Vijayapura - KSPCB","20-07-2026 15:00:00",16.802639,75.722694,PM2.5,26,28,27
India,Karnataka,Vijayapura,"Ibrahimpur, Vijayapura - KSPCB","20-07-2026 15:00:00",16.802639,75.722694,SO2,3,6,3
India,Karnataka,Yadgir,"Collector Office, Yadgir - KSPCB","20-07-2026 15:00:00",16.7602,77.1428,NH3,0,1,1
India,Kerala,Kannur,"Thavakkara, Kannur - Kerala PCB","20-07-2026 15:00:00",11.875,75.3732,CO,14,15,14
India,Kerala,Kollam,"Polayathode, Kollam - Kerala PCB","20-07-2026 15:00:00",8.8787,76.6073,PM2.5,NA,NA,NA
India,Kerala,Kollam,"Polayathode, Kollam - Kerala PCB","20-07-2026 15:00:00",8.8787,76.6073,NH3,NA,NA,NA
India,Kerala,Kollam,"Polayathode, Kollam - Kerala PCB","20-07-2026 15:00:00",8.8787,76.6073,SO2,NA,NA,NA
India,Kerala,Thiruvananthapuram,"Plammoodu, Thiruvananthapuram - Kerala PCB","20-07-2026 15:00:00",8.5149093,76.9435879,PM10,2,37,20
India,Kerala,Thiruvananthapuram,"Plammoodu, Thiruvananthapuram - Kerala PCB","20-07-2026 15:00:00",8.5149093,76.9435879,NH3,0,0,0
India,"Madhya Pradesh",Bhopal,"Idgah Hills, Bhopal - MPPCB","20-07-2026 15:00:00",23.264759,77.381568,PM10,48,85,65
India,"Madhya Pradesh",Bhopal,"Idgah Hills, Bhopal - MPPCB","20-07-2026 15:00:00",23.264759,77.381568,NH3,0,4,1
India,"Madhya Pradesh",Bhopal,"Paryavaran Parisar, Bhopal - MPPCB","20-07-2026 15:00:00",23.210494,77.425409,PM2.5,2,40,20
India,"Madhya Pradesh",Bhopal,"Paryavaran Parisar, Bhopal - MPPCB","20-07-2026 15:00:00",23.210494,77.425409,NH3,4,6,5
India,"Madhya Pradesh",Damoh,"Shrivastav Colony, Damoh - MPPCB","20-07-2026 15:00:00",23.81748678,79.446246,OZONE,NA,NA,NA
India,"Madhya Pradesh",Gwalior,"City Center, Gwalior - MPPCB","20-07-2026 15:00:00",26.203442,78.193251,PM10,36,64,46
India,"Madhya Pradesh",Gwalior,"Deen Dayal Nagar, Gwalior - MPPCB","20-07-2026 15:00:00",26.259242,78.216432,PM10,27,105,55
India,"Madhya Pradesh",Gwalior,"Deen Dayal Nagar, Gwalior - MPPCB","20-07-2026 15:00:00",26.259242,78.216432,NO2,17,40,29
India,"Madhya Pradesh",Gwalior,"Deen Dayal Nagar, Gwalior - MPPCB","20-07-2026 15:00:00",26.259242,78.216432,CO,37,61,46
India,"Madhya Pradesh",Gwalior,"Maharaj Bada, Gwalior - MPPCB","20-07-2026 15:00:00",26.200388,78.147714,PM2.5,38,90,64
India,"Madhya Pradesh",Gwalior,"Maharaj Bada, Gwalior - MPPCB","20-07-2026 15:00:00",26.200388,78.147714,OZONE,16,43,31
India,"Madhya Pradesh",Indore,"Airport Area, Indore - IMC","20-07-2026 15:00:00",22.7289,75.8076,PM10,25,67,43
India,"Madhya Pradesh",Indore,"Airport Area, Indore - IMC","20-07-2026 15:00:00",22.7289,75.8076,SO2,7,9,8
India,"Madhya Pradesh",Singrauli,"Suryakiran Bhawan NCL, Singrauli - MPPCB","20-07-2026 15:00:00",24.10897,82.64558,PM2.5,2,130,54
India,"Madhya Pradesh",Ujjain,"Mahashweta Nagar, Ujjain - MPPCB","20-07-2026 15:00:00",23.1633321,75.800225,PM2.5,5,57,31
India,"Madhya Pradesh",Ujjain,"Mahashweta Nagar, Ujjain - MPPCB","20-07-2026 15:00:00",23.1633321,75.800225,SO2,2,6,3
India,"Madhya Pradesh",Ujjain,"Mahashweta Nagar, Ujjain - MPPCB","20-07-2026 15:00:00",23.1633321,75.800225,CO,23,26,24
India,Maharashtra,Ahmednagar,"Tarakpur, Ahmednagar - MPCB","20-07-2026 15:00:00",19.10122,74.73339,PM10,15,76,43
India,Maharashtra,Ahmednagar,"Tarakpur, Ahmednagar - MPCB","20-07-2026 15:00:00",19.10122,74.73339,CO,12,48,21
India,Maharashtra,Ambernath,"Chinchpada, Ambernath - MPCB","20-07-2026 15:00:00",19.215784,73.199781,PM2.5,NA,NA,NA
India,Maharashtra,Amravati,"Shri Shivaji Science College, Amravati - MPCB","20-07-2026 15:00:00",20.939198,77.765701,PM2.5,12,62,23
India,Maharashtra,Amravati,"Shri Shivaji Science College, Amravati - MPCB","20-07-2026 15:00:00",20.939198,77.765701,CO,17,19,18
India,Maharashtra,Amravati,"Shivneri Colony, Amravati - MPCB","20-07-2026 15:00:00",20.9402359,77.7895248,NO2,2,21,6
India,Maharashtra,Mahad,"Kamble Tarf Birwadi, Mahad - MPCB","20-07-2026 15:00:00",18.1023399,73.4783687,PM2.5,11,39,22
India,Maharashtra,Malegaon,"Mahesh Nagar, Malegaon - MPCB","20-07-2026 15:00:00",20.555712,74.529236,NO2,17,21,18
India,Maharashtra,Mira-Bhayandar,"Bhayandar West, Mira-Bhayandar - MPCB","20-07-2026 15:00:00",19.296481,72.840923,PM10,12,24,17
India,Maharashtra,Mira-Bhayandar,"Bhayandar West, Mira-Bhayandar - MPCB","20-07-2026 15:00:00",19.296481,72.840923,NO2,1,31,8
India,Maharashtra,Mira-Bhayandar,"Bhayandar West, Mira-Bhayandar - MPCB","20-07-2026 15:00:00",19.296481,72.840923,NH3,3,4,4
India,Maharashtra,Mumbai,"Kherwadi_Bandra East, Mumbai - MPCB","20-07-2026 15:00:00",19.0632143,72.8456324,NO2,2,8,5
India,Maharashtra,Mumbai,"Kherwadi_Bandra East, Mumbai - MPCB","20-07-2026 15:00:00",19.0632143,72.8456324,OZONE,15,16,15
India,Maharashtra,Mumbai,"Ghatkopar, Mumbai - BMC","20-07-2026 15:00:00",19.083694,72.920967,CO,23,27,25
India,Maharashtra,Mumbai,"Byculla, Mumbai - BMC","20-07-2026 15:00:00",18.9767,72.838,CO,24,31,26
India,"Madhya Pradesh",Indore,"Airport Area, Indore - IMC","20-07-2026 15:00:00",22.7289,75.8076,OZONE,4,6,4
India,"Madhya Pradesh",Indore,"Chhoti Gwaltoli, Indore - MPPCB","20-07-2026 15:00:00",22.431,75.5213,NH3,0,6,5
India,"Madhya Pradesh",Indore,"Maguda Nagar, Indore - IMC","20-07-2026 15:00:00",22.7524,75.8872,PM10,13,37,25
India,"Madhya Pradesh",Indore,"Residency Area, Indore - IMC","20-07-2026 15:00:00",22.7084,75.8815,PM2.5,22,52,30
India,"Madhya Pradesh",Jabalpur,"Gupteshwar, Jabalpur - JMC","20-07-2026 15:00:00",23.142888,79.916147,NO2,56,58,57
India,"Madhya Pradesh",Jabalpur,"Gupteshwar, Jabalpur - JMC","20-07-2026 15:00:00",23.142888,79.916147,NH3,4,4,4
India,"Madhya Pradesh",Jabalpur,"Suhagi, Jabalpur - JMC","20-07-2026 15:00:00",23.218135,79.95777,PM2.5,32,397,68
India,"Madhya Pradesh",Jabalpur,"Suhagi, Jabalpur - JMC","20-07-2026 15:00:00",23.218135,79.95777,OZONE,20,35,27
India,"Madhya Pradesh",Jabalpur,"Govindh Bhavan Colony, Jabalpur - JMC","20-07-2026 15:00:00",23.163174,79.973061,PM2.5,18,37,27
India,Odisha,Rourkela,"Sector-2, Rourkela - OSPCB","20-07-2026 15:00:00",22.245,84.88111111,PM10,57,57,57
India,Odisha,Rourkela,"Sector-2, Rourkela - OSPCB","20-07-2026 15:00:00",22.245,84.88111111,CO,18,18,18
India,Odisha,Rourkela,"Fertilizer Township, Rourkela - OSPCB","20-07-2026 15:00:00",22.18972222,84.86277778,OZONE,NA,NA,NA
India,Odisha,Talcher,"Talcher Coalfields,Talcher - OSPCB","20-07-2026 15:00:00",20.9360711,85.1707021,PM10,16,174,78
India,Odisha,Talcher,"Talcher Coalfields,Talcher - OSPCB","20-07-2026 15:00:00",20.9360711,85.1707021,NO2,25,80,57
India,Puducherry,Puducherry,"Jawahar Nagar, Puducherry - PPCC","20-07-2026 15:00:00",11.9309,79.8027,PM2.5,13,77,25
India,Puducherry,Puducherry,"Jawahar Nagar, Puducherry - PPCC","20-07-2026 15:00:00",11.9309,79.8027,CO,18,29,24
India,Punjab,Amritsar,"Golden Temple, Amritsar - PPCB","20-07-2026 15:00:00",31.62,74.876512,PM2.5,52,87,61
India,Punjab,Amritsar,"Golden Temple, Amritsar - PPCB","20-07-2026 15:00:00",31.62,74.876512,NO2,17,66,46
India,Punjab,Bathinda,"Hardev Nagar, Bathinda - PPCB","20-07-2026 15:00:00",30.233011,74.907758,NH3,NA,NA,NA
India,Punjab,Ludhiana,"Punjab Agricultural University, Ludhiana - PPCB","20-07-2026 15:00:00",30.9028,75.8086,PM10,80,101,90
India,Punjab,Ludhiana,"Punjab Agricultural University, Ludhiana - PPCB","20-07-2026 15:00:00",30.9028,75.8086,NH3,6,9,8
India,Punjab,Ludhiana,"Punjab Agricultural University, Ludhiana - PPCB","20-07-2026 15:00:00",30.9028,75.8086,SO2,7,18,11
India,Maharashtra,"Navi Mumbai","Kopripada-Vashi, Navi Mumbai - MPCB","20-07-2026 15:00:00",19.090337,73.014232,NH3,7,11,8
India,Maharashtra,"Navi Mumbai","Nerul, Navi Mumbai - MPCB","20-07-2026 15:00:00",19.008751,73.01662,PM2.5,3,23,13
India,Maharashtra,"Navi Mumbai","Sector-2E Kalamboli, Navi Mumbai - MPCB","20-07-2026 15:00:00",19.02579,73.10297,PM10,21,38,28
India,Maharashtra,Parbhani,"Masoom Colony, Parbhani - MPCB","20-07-2026 15:00:00",19.265594,76.761463,PM10,32,53,39
India,Maharashtra,Parbhani,"Masoom Colony, Parbhani - MPCB","20-07-2026 15:00:00",19.265594,76.761463,NH3,3,5,4
India,Maharashtra,Parbhani,"Masoom Colony, Parbhani - MPCB","20-07-2026 15:00:00",19.265594,76.761463,CO,8,14,12
India,Maharashtra,Parbhani,"Masoom Colony, Parbhani - MPCB","20-07-2026 15:00:00",19.265594,76.761463,OZONE,6,8,7
India,Maharashtra,Pimpri-Chinchwad,"Park Street Wakad, Pimpri Chinchwad - MPCB","20-07-2026 15:00:00",18.59051,73.77946,PM10,7,125,47
India,Maharashtra,Pimpri-Chinchwad,"Park Street Wakad, Pimpri Chinchwad - MPCB","20-07-2026 15:00:00",18.59051,73.77946,NH3,NA,NA,NA
India,Maharashtra,Pimpri-Chinchwad,"Bhosari, Pune - IITM","20-07-2026 15:00:00",18.640051,73.848956,PM2.5,12,38,26
India,Maharashtra,Pimpri-Chinchwad,"Bhosari, Pune - IITM","20-07-2026 15:00:00",18.640051,73.848956,PM10,35,78,56
India,Maharashtra,Pimpri-Chinchwad,"Bhosari, Pune - IITM","20-07-2026 15:00:00",18.640051,73.848956,NO2,18,36,28
India,Maharashtra,Pimpri-Chinchwad,"Thergaon, Pimpri Chinchwad - MPCB","20-07-2026 15:00:00",18.616318,73.765797,SO2,0,2,1
India,Maharashtra,Mumbai,"Deonar, Mumbai - IITM","20-07-2026 15:00:00",19.04946,72.923,PM2.5,3,36,17
India,Maharashtra,Mumbai,"Deonar, Mumbai - IITM","20-07-2026 15:00:00",19.04946,72.923,NO2,3,14,9
India,Maharashtra,Mumbai,"Deonar, Mumbai - IITM","20-07-2026 15:00:00",19.04946,72.923,SO2,5,7,6
India,Maharashtra,Mumbai,"Shivaji Nagar, Mumbai - BMC","20-07-2026 15:00:00",19.060498,72.923356,PM10,13,31,22
India,Maharashtra,Mumbai,"Powai, Mumbai - MPCB","20-07-2026 15:00:00",19.1375,72.915056,SO2,14,17,15
India,Maharashtra,Mumbai,"Powai, Mumbai - MPCB","20-07-2026 15:00:00",19.1375,72.915056,CO,NA,NA,NA
India,Maharashtra,Mumbai,"Powai, Mumbai - MPCB","20-07-2026 15:00:00",19.1375,72.915056,OZONE,NA,NA,NA
India,Maharashtra,Nagpur,"Ram Nagar, Nagpur - MPCB","20-07-2026 15:00:00",21.143383,79.048912,CO,12,16,14
India,Maharashtra,Nagpur,"Opp GPO Civil Lines, Nagpur - MPCB","20-07-2026 15:00:00",21.152875,79.0517531,CO,21,54,38
India,Maharashtra,Nagpur,"Ambazari, Nagpur - MPCB","20-07-2026 15:00:00",21.121801,79.04952,PM2.5,24,47,36
India,Maharashtra,Nagpur,"Ambazari, Nagpur - MPCB","20-07-2026 15:00:00",21.121801,79.04952,PM10,33,54,44
India,Maharashtra,Nagpur,"Mahal, Nagpur - MPCB","20-07-2026 15:00:00",21.14472,79.107595,PM10,39,63,50
India,Maharashtra,Nagpur,"Mahal, Nagpur - MPCB","20-07-2026 15:00:00",21.14472,79.107595,CO,19,36,26
India,Maharashtra,Nagpur,"Mahal, Nagpur - MPCB","20-07-2026 15:00:00",21.14472,79.107595,OZONE,11,22,14
India,Maharashtra,Pune,"Panchawati_Pashan, Pune - IITM","20-07-2026 15:00:00",18.536457,73.805454,OZONE,0,4,3
India,Maharashtra,Pune,"Katraj Dairy, Pune - MPCB","20-07-2026 15:00:00",18.45445,73.854155,NH3,1,1,1
India,Maharashtra,Pune,"Katraj Dairy, Pune - MPCB","20-07-2026 15:00:00",18.45445,73.854155,CO,22,40,33
India,Maharashtra,Pune,"Dhankawadi, Pune - IITM","20-07-2026 15:00:00",18.459883,73.852193,CO,75,102,93
India,Maharashtra,Pune,"Revenue Colony-Shivajinagar, Pune - IITM","20-07-2026 15:00:00",18.530085,73.849598,PM2.5,10,31,19
India,Maharashtra,Pune,"Mhada Colony, Pune - IITM","20-07-2026 15:00:00",18.57304,73.927715,OZONE,8,17,14
India,Maharashtra,Pune,"Savitribai Phule Pune University, Pune - MPCB","20-07-2026 15:00:00",18.547056,73.826908,OZONE,4,15,12
India,Maharashtra,Solapur,"Dnyaneshwar Nagar, Solapur - MPCB","20-07-2026 15:00:00",17.6336264,75.9132495,PM10,9,45,19
India,Maharashtra,Solapur,"Dnyaneshwar Nagar, Solapur - MPCB","20-07-2026 15:00:00",17.6336264,75.9132495,SO2,2,5,3
India,Maharashtra,Solapur,"Dnyaneshwar Nagar, Solapur - MPCB","20-07-2026 15:00:00",17.6336264,75.9132495,CO,10,14,12
India,Maharashtra,Solapur,"Ratandeep Housing Society, Solapur - MPCB","20-07-2026 15:00:00",17.65439,75.90649,NO2,7,27,17
India,Maharashtra,Mumbai,"Kurla, Mumbai - MPCB","20-07-2026 15:00:00",19.0863,72.8888,CO,25,25,25
India,Maharashtra,Mumbai,"Kurla, Mumbai - MPCB","20-07-2026 15:00:00",19.0863,72.8888,OZONE,28,29,28
India,Maharashtra,Mumbai,"Siddharth Nagar-Worli, Mumbai - IITM","20-07-2026 15:00:00",19.000083,72.813993,NO2,13,36,17
India,Maharashtra,Mumbai,"Siddharth Nagar-Worli, Mumbai - IITM","20-07-2026 15:00:00",19.000083,72.813993,SO2,NA,NA,NA
India,Maharashtra,Mumbai,"Kandivali West, Mumbai - BMC","20-07-2026 15:00:00",19.215859,72.831718,PM2.5,12,25,17
India,Maharashtra,Mumbai,"Kandivali West, Mumbai - BMC","20-07-2026 15:00:00",19.215859,72.831718,PM10,20,358,44
India,Maharashtra,Mumbai,"Mulund West, Mumbai - MPCB","20-07-2026 15:00:00",19.175,72.9419,PM10,NA,NA,NA
India,Maharashtra,Mumbai,"Mulund West, Mumbai - MPCB","20-07-2026 15:00:00",19.175,72.9419,OZONE,NA,NA,NA
India,Maharashtra,Mumbai,"Navy Nagar-Colaba, Mumbai - IITM","20-07-2026 15:00:00",18.897756,72.81332,PM2.5,12,46,21
India,Maharashtra,Mumbai,"Navy Nagar-Colaba, Mumbai - IITM","20-07-2026 15:00:00",18.897756,72.81332,PM10,23,78,48
India,Maharashtra,Mumbai,"Navy Nagar-Colaba, Mumbai - IITM","20-07-2026 15:00:00",18.897756,72.81332,NO2,75,95,86
India,Maharashtra,Mumbai,"Navy Nagar-Colaba, Mumbai - IITM","20-07-2026 15:00:00",18.897756,72.81332,SO2,2,13,7
India,Maharashtra,Mumbai,"Worli, Mumbai - MPCB","20-07-2026 15:00:00",18.9936162,72.8128113,PM2.5,11,58,33
India,Maharashtra,Mumbai,"Malad West, Mumbai - IITM","20-07-2026 15:00:00",19.19709,72.82204,PM10,NA,NA,NA
India,Maharashtra,Thane,"Kasarvadavali, Thane - MPCB","20-07-2026 15:00:00",19.26777,72.97182,NO2,8,23,15
India,Maharashtra,Ulhasnagar,"Sidhi Vinayak Nagar, Ulhasnagar - MPCB","20-07-2026 15:00:00",19.235581,73.159121,CO,10,17,14
India,Maharashtra,Ulhasnagar,"Vithalwadi, Ulhasnagar - MPCB","20-07-2026 15:00:00",19.2307571,73.155192,PM2.5,NA,NA,NA
India,Maharashtra,Ulhasnagar,"Vithalwadi, Ulhasnagar - MPCB","20-07-2026 15:00:00",19.2307571,73.155192,SO2,NA,NA,NA
India,Maharashtra,Ulhasnagar,"Vithalwadi, Ulhasnagar - MPCB","20-07-2026 15:00:00",19.2307571,73.155192,CO,17,22,19
India,Maharashtra,Virar,"Bolinj, Virar - MPCB","20-07-2026 15:00:00",19.445821,72.7988231,NO2,10,21,17
India,Maharashtra,Virar,"Bolinj, Virar - MPCB","20-07-2026 15:00:00",19.445821,72.7988231,NH3,9,9,9
India,Mizoram,Aizawl,"Sikulpuikawn, Aizawl - Mizoram PCB","20-07-2026 15:00:00",23.7176342,92.7192841,NO2,1,1,1
India,Mizoram,Aizawl,"Sikulpuikawn, Aizawl - Mizoram PCB","20-07-2026 15:00:00",23.7176342,92.7192841,NH3,0,0,0
India,Mizoram,Aizawl,"Sikulpuikawn, Aizawl - Mizoram PCB","20-07-2026 15:00:00",23.7176342,92.7192841,SO2,14,15,14
India,Mizoram,Aizawl,"Sikulpuikawn, Aizawl - Mizoram PCB","20-07-2026 15:00:00",23.7176342,92.7192841,OZONE,4,5,5
India,Nagaland,Kohima,"PWD Junction, Kohima - NPCB","20-07-2026 15:00:00",25.6635413,94.0989878,SO2,42,53,47
India,Maharashtra,Nanded,"Sneh Nagar, Nanded - MPCB","20-07-2026 15:00:00",19.173852,77.296291,NO2,9,35,15
India,Maharashtra,Nashik,"MIDC Ambad, Nashik - MPCB","20-07-2026 15:00:00",19.95022,73.73148,OZONE,16,18,17
India,Maharashtra,Nashik,"Hirawadi, Nashik - MPCB","20-07-2026 15:00:00",20.021503,73.813844,PM2.5,8,49,25
India,Maharashtra,Nashik,"Hirawadi, Nashik - MPCB","20-07-2026 15:00:00",20.021503,73.813844,NO2,0,4,2
India,Maharashtra,Nashik,"Hirawadi, Nashik - MPCB","20-07-2026 15:00:00",20.021503,73.813844,SO2,4,8,6
India,Maharashtra,Nashik,"Pandav Nagari, Nashik - MPCB","20-07-2026 15:00:00",19.9591346,73.7788008,PM2.5,5,23,12
India,Maharashtra,Nashik,"Pandav Nagari, Nashik - MPCB","20-07-2026 15:00:00",19.9591346,73.7788008,NO2,2,6,4
India,Maharashtra,Nashik,"Pandav Nagari, Nashik - MPCB","20-07-2026 15:00:00",19.9591346,73.7788008,SO2,0,5,4
India,Maharashtra,"Navi Mumbai","Mahape, Navi Mumbai - MPCB","20-07-2026 15:00:00",19.1135051,73.008978,PM2.5,NA,NA,NA
India,Maharashtra,"Navi Mumbai","Mahape, Navi Mumbai - MPCB","20-07-2026 15:00:00",19.1135051,73.008978,NO2,NA,NA,NA
India,Maharashtra,"Navi Mumbai","Sanpada, Navi Mumbai - MPCB","20-07-2026 15:00:00",19.0575752,73.0151367,PM2.5,23,25,24
India,Maharashtra,"Navi Mumbai","Sanpada, Navi Mumbai - MPCB","20-07-2026 15:00:00",19.0575752,73.0151367,NO2,3,11,7
India,Maharashtra,"Navi Mumbai","Sanpada, Navi Mumbai - MPCB","20-07-2026 15:00:00",19.0575752,73.0151367,CO,11,26,16
India,Odisha,Balasore,"Kalidaspur, Balasore - OSPCB","20-07-2026 15:00:00",21.51161,86.89088,NH3,3,5,3
India,Odisha,Barbil,"Forest Office, Barbil - OSPCB","20-07-2026 15:00:00",22.1166054,85.3945546,PM2.5,3,80,31
India,Odisha,Barbil,"Forest Office, Barbil - OSPCB","20-07-2026 15:00:00",22.1166054,85.3945546,SO2,5,12,8
India,Odisha,Baripada,"Meher Colony, Baripada - OSPCB","20-07-2026 15:00:00",21.941841,86.728318,NO2,0,27,9
India,Odisha,Baripada,"Meher Colony, Baripada - OSPCB","20-07-2026 15:00:00",21.941841,86.728318,SO2,6,10,8
India,Odisha,Bhubaneswar,"Lingraj Mandir, Bhubaneswar - OSPCB","20-07-2026 15:00:00",20.24079,85.836784,NH3,1,29,6
India,Odisha,Bhubaneswar,"Lingraj Mandir, Bhubaneswar - OSPCB","20-07-2026 15:00:00",20.24079,85.836784,CO,41,53,48
India,Odisha,Bileipada,"Tata Township, Bileipada - OSPCB","20-07-2026 15:00:00",22.06156703,85.47409613,PM2.5,40,90,67
India,Odisha,Bileipada,"Tata Township, Bileipada - OSPCB","20-07-2026 15:00:00",22.06156703,85.47409613,NH3,5,5,5
India,Odisha,Bileipada,"Tata Township, Bileipada - OSPCB","20-07-2026 15:00:00",22.06156703,85.47409613,SO2,7,8,7
India,Odisha,Bileipada,"Tata Township, Bileipada - OSPCB","20-07-2026 15:00:00",22.06156703,85.47409613,OZONE,14,15,15
India,Odisha,Byasanagar,"Ferro Chrome Colony, Byasanagar - OSPCB","20-07-2026 15:00:00",20.94185,86.1151,SO2,3,8,6
India,Odisha,Cuttack,"CDA Area, Cuttack - OSPCB","20-07-2026 15:00:00",20.48891,85.84768,CO,33,34,34
India,Odisha,Keonjhar,"Jagamohanpur, Keonjhar - OSPCB","20-07-2026 15:00:00",21.6439,85.599355,PM2.5,19,34,26
India,Odisha,Keonjhar,"Jagamohanpur, Keonjhar - OSPCB","20-07-2026 15:00:00",21.6439,85.599355,OZONE,12,19,16
India,Odisha,Rairangpur,"Divisional Forest Office, Rairangpur - OSPCB","20-07-2026 15:00:00",22.265816,86.174829,NH3,3,4,3
India,Odisha,Rourkela,"Raghunathpali, Rourkela - OSPCB","20-07-2026 15:00:00",22.220833,84.809444,NH3,1,2,2
India,Rajasthan,Rajsamand,"Dhoinda, Rajsamand - RSPCB","20-07-2026 15:00:00",25.03636,73.883502,NO2,4,13,7
India,Rajasthan,Rajsamand,"Dhoinda, Rajsamand - RSPCB","20-07-2026 15:00:00",25.03636,73.883502,NH3,7,10,9
India,Rajasthan,Sikar,"Radhakishan Pura, Sikar - RSPCB","20-07-2026 15:00:00",27.608912,75.153302,SO2,1,2,2
India,Rajasthan,Sikar,"Radhakishan Pura, Sikar - RSPCB","20-07-2026 15:00:00",27.608912,75.153302,CO,17,24,20
India,Rajasthan,Sikar,"Radhakishan Pura, Sikar - RSPCB","20-07-2026 15:00:00",27.608912,75.153302,OZONE,5,39,23
India,Rajasthan,Sirohi,"Vedhaynath Colony, Sirohi - RSPCB","20-07-2026 15:00:00",24.885261,72.857549,SO2,2,7,3
India,Rajasthan,"Sri Ganganagar","Old City, Sri Ganganagar - RSPCB","20-07-2026 15:00:00",29.931624,73.864511,NO2,22,61,34
India,Rajasthan,"Sri Ganganagar","Old City, Sri Ganganagar - RSPCB","20-07-2026 15:00:00",29.931624,73.864511,NH3,5,9,6
India,Rajasthan,Tonk,"Shastri Nagar, Tonk - RSPCB","20-07-2026 15:00:00",26.159933,75.780517,PM10,89,166,116
India,Rajasthan,Tonk,"Shastri Nagar, Tonk - RSPCB","20-07-2026 15:00:00",26.159933,75.780517,NO2,1,3,2
India,Sikkim,Gangtok,"Zero Point GICI, Gangtok - SSPCB","20-07-2026 15:00:00",27.33853,88.614099,NH3,1,11,1
India,"Tamil Nadu",Chennai,"Velachery Res. Area, Chennai - CPCB","20-07-2026 15:00:00",13.0052189,80.2398125,NO2,11,13,12
India,"Tamil Nadu",Chennai,"Velachery Res. Area, Chennai - CPCB","20-07-2026 15:00:00",13.0052189,80.2398125,SO2,5,6,5
India,"Tamil Nadu",Chennai,"Velachery Res. Area, Chennai - CPCB","20-07-2026 15:00:00",13.0052189,80.2398125,CO,NA,NA,NA
India,Telangana,Hyderabad,"Ramachandrapuram, Hyderabad - TSPCB","20-07-2026 15:00:00",17.528544,78.286195,NH3,2,3,3
India,Telangana,Hyderabad,"Ramachandrapuram, Hyderabad - TSPCB","20-07-2026 15:00:00",17.528544,78.286195,SO2,5,12,7
India,Telangana,Hyderabad,"Zoo Park, Hyderabad - TSPCB","20-07-2026 15:00:00",17.349694,78.451437,PM2.5,NA,NA,NA
India,Telangana,Hyderabad,"Zoo Park, Hyderabad - TSPCB","20-07-2026 15:00:00",17.349694,78.451437,PM10,NA,NA,NA
India,Telangana,Hyderabad,"Zoo Park, Hyderabad - TSPCB","20-07-2026 15:00:00",17.349694,78.451437,SO2,NA,NA,NA
India,Telangana,Hyderabad,"Zoo Park, Hyderabad - TSPCB","20-07-2026 15:00:00",17.349694,78.451437,CO,35,50,45
India,Telangana,Hyderabad,"ECIL Kapra, Hyderabad - TSPCB","20-07-2026 15:00:00",17.470431,78.566959,SO2,4,35,17
India,Telangana,Hyderabad,"ECIL Kapra, Hyderabad - TSPCB","20-07-2026 15:00:00",17.470431,78.566959,CO,11,20,15
India,Telangana,Hyderabad,"New Malakpet, Hyderabad - TSPCB","20-07-2026 15:00:00",17.37206,78.50864,CO,19,30,25
India,Telangana,Hyderabad,"IDA Pashamylaram, Hyderabad - TSPCB","20-07-2026 15:00:00",17.5316895,78.218939,OZONE,21,23,22
India,Telangana,Hyderabad,"ICRISAT Patancheru, Hyderabad - TSPCB","20-07-2026 15:00:00",17.5184,78.278777,SO2,1,11,4
India,Telangana,Hyderabad,"ICRISAT Patancheru, Hyderabad - TSPCB","20-07-2026 15:00:00",17.5184,78.278777,CO,11,43,26
India,Tripura,Agartala,"Bardowali, Agartala - Tripura SPCB","20-07-2026 15:00:00",23.8175497,91.2726974,CO,7,26,17
India,Rajasthan,Dungarpur,"Bhoiwada, Dungarpur - RSPCB","20-07-2026 15:00:00",23.837789,73.714926,PM2.5,20,70,42
India,Rajasthan,Hanumangarh,"Housing Board, Hanumangarh - RSPCB","20-07-2026 15:00:00",29.61075,74.283608,SO2,0,8,4
India,Rajasthan,Jaipur,"Sector-2 Murlipura, Jaipur - RSPCB","20-07-2026 15:00:00",26.960669,75.771817,OZONE,24,59,37
India,Rajasthan,Jaipur,"Police Commissionerate, Jaipur - RSPCB","20-07-2026 15:00:00",26.9164092,75.7994901,PM2.5,69,159,111
India,Rajasthan,Jaipur,"Police Commissionerate, Jaipur - RSPCB","20-07-2026 15:00:00",26.9164092,75.7994901,CO,23,87,52
India,Rajasthan,Jaipur,"Mansarovar Sector-12, Jaipur - RSPCB","20-07-2026 15:00:00",26.843698,75.766894,PM2.5,27,53,39
India,Rajasthan,Jaipur,"Mansarovar Sector-12, Jaipur - RSPCB","20-07-2026 15:00:00",26.843698,75.766894,SO2,2,4,3
India,Rajasthan,Jaipur,"Adarsh Nagar, Jaipur - RSPCB","20-07-2026 15:00:00",26.902909,75.836858,NO2,13,28,20
India,Rajasthan,Jaipur,"Adarsh Nagar, Jaipur - RSPCB","20-07-2026 15:00:00",26.902909,75.836858,SO2,9,34,24
India,Rajasthan,Jaipur,"Shastri Nagar, Jaipur - RSPCB","20-07-2026 15:00:00",26.9502929,75.730943,OZONE,28,40,34
India,Rajasthan,Jaisalmer,"Sadar Bazar, Jaisalmer - RSPCB","20-07-2026 15:00:00",26.912329,70.909168,PM10,29,105,61
India,Punjab,"Mandi Gobindgarh","RIMT University, Mandi Gobindgarh - PPCB","20-07-2026 15:00:00",30.649961,76.331442,PM10,102,160,129
India,Punjab,Patiala,"Model Town, Patiala - PPCB","20-07-2026 15:00:00",30.349388,76.366642,PM2.5,30,60,44
India,Rajasthan,Ajmer,"Civil Lines,  Ajmer - RSPCB","20-07-2026 15:00:00",26.470859,74.646594,NH3,5,7,6
India,Rajasthan,Ajmer,"Civil Lines,  Ajmer - RSPCB","20-07-2026 15:00:00",26.470859,74.646594,CO,27,31,29
India,Rajasthan,Alwar,"Moti Doongri, Alwar - RSPCB","20-07-2026 15:00:00",27.554793,76.611536,PM2.5,73,142,96
India,Rajasthan,Alwar,"Moti Doongri, Alwar - RSPCB","20-07-2026 15:00:00",27.554793,76.611536,NO2,37,80,60
India,Rajasthan,Baran,"Bamboliya, Baran - RSPCB","20-07-2026 15:00:00",25.106006,76.469948,NO2,17,34,25
India,Rajasthan,Baran,"Bamboliya, Baran - RSPCB","20-07-2026 15:00:00",25.106006,76.469948,CO,39,46,43
India,Rajasthan,Barmer,"Railway Colony, Barmer - RSPCB","20-07-2026 15:00:00",25.747299,71.393989,PM10,53,101,78
India,Rajasthan,Barmer,"Railway Colony, Barmer - RSPCB","20-07-2026 15:00:00",25.747299,71.393989,NH3,2,6,3
India,Rajasthan,Bhilwara,"Pratap Nagar, Bhilwara - RSPCB","20-07-2026 15:00:00",25.339605,74.618883,PM2.5,12,62,46
India,Rajasthan,Jaisalmer,"Sadar Bazar, Jaisalmer - RSPCB","20-07-2026 15:00:00",26.912329,70.909168,NH3,6,33,20
India,Rajasthan,Jaisalmer,"Sadar Bazar, Jaisalmer - RSPCB","20-07-2026 15:00:00",26.912329,70.909168,OZONE,9,19,14
India,Rajasthan,Jhalawar,"Rajlaxmi Nagar, Jhalawar - RSPCB","20-07-2026 15:00:00",24.588397,76.172782,PM10,38,102,58
India,Rajasthan,Jhalawar,"Rajlaxmi Nagar, Jhalawar - RSPCB","20-07-2026 15:00:00",24.588397,76.172782,CO,6,35,29
India,Rajasthan,Jhunjhunu,"Indra Nagar, Jhunjhunu - RSPCB","20-07-2026 15:00:00",28.108988,75.386577,SO2,3,4,4
India,Rajasthan,Jhunjhunu,"Indra Nagar, Jhunjhunu - RSPCB","20-07-2026 15:00:00",28.108988,75.386577,OZONE,23,54,33
India,Rajasthan,Jodhpur,"Mandor, Jodhpur - RSPCB","20-07-2026 15:00:00",26.358805,73.047444,PM2.5,22,47,29
India,Rajasthan,Jodhpur,"Mandor, Jodhpur - RSPCB","20-07-2026 15:00:00",26.358805,73.047444,OZONE,25,80,51
India,Rajasthan,Jodhpur,"Jhalamand, Jodhpur - RSPCB","20-07-2026 15:00:00",26.215415,73.070156,PM2.5,23,37,30
India,Rajasthan,Jodhpur,"Jhalamand, Jodhpur - RSPCB","20-07-2026 15:00:00",26.215415,73.070156,PM10,66,115,84
India,Rajasthan,Jodhpur,"Jhalamand, Jodhpur - RSPCB","20-07-2026 15:00:00",26.215415,73.070156,OZONE,7,49,23
India,Rajasthan,Jodhpur,"Collectorate, Jodhpur - RSPCB","20-07-2026 15:00:00",26.268249,73.0193853,OZONE,45,62,55
India,Rajasthan,Karauli,"Satyawati Vihar, Karauli - RSPCB","20-07-2026 15:00:00",26.506177,77.025989,OZONE,11,26,16
India,Rajasthan,Khairthal,"New Anaj Mandi, Khairthal - RSPCB","20-07-2026 15:00:00",27.8015617,76.6365217,CO,11,14,12
India,Rajasthan,Kota,"Shrinath Puram, Kota - RSPCB","20-07-2026 15:00:00",25.14389,75.821256,PM2.5,49,85,61
India,Rajasthan,Kota,"Shrinath Puram, Kota - RSPCB","20-07-2026 15:00:00",25.14389,75.821256,PM10,50,76,58
India,Rajasthan,Kota,"Nayapura, Kota - RSPCB","20-07-2026 15:00:00",25.196024,75.855668,OZONE,16,45,33
India,Rajasthan,Kota,"Dhanmandi, Kota - RSPCB","20-07-2026 15:00:00",25.16409,75.858137,PM2.5,8,32,19
India,Rajasthan,Kota,"Dhanmandi, Kota - RSPCB","20-07-2026 15:00:00",25.16409,75.858137,SO2,6,8,7
India,Rajasthan,Nagaur,"Karni Colony, Nagaur - RSPCB","20-07-2026 15:00:00",27.213494,73.734444,PM10,47,97,66
India,Rajasthan,Nagaur,"Karni Colony, Nagaur - RSPCB","20-07-2026 15:00:00",27.213494,73.734444,NH3,3,5,4
India,Rajasthan,Pali,"Indira Colony Vistar, Pali - RSPCB","20-07-2026 15:00:00",25.771061,73.340227,PM2.5,66,172,99
India,"Tamil Nadu",Chennai,"Arumbakkam, Chennai - TNPCB","20-07-2026 15:00:00",13.0664,80.2112,CO,NA,NA,NA
India,"Tamil Nadu",Chennai,"Manali Village, Chennai - TNPCB","20-07-2026 15:00:00",13.1662,80.2584,SO2,12,15,13
India,"Tamil Nadu",Chennai,"Manali Village, Chennai - TNPCB","20-07-2026 15:00:00",13.1662,80.2584,OZONE,29,305,98
India,"Tamil Nadu",Chennai,"Manali, Chennai - CPCB","20-07-2026 15:00:00",13.164544,80.26285,PM2.5,28,62,37
India,"Tamil Nadu",Chennai,"Manali, Chennai - CPCB","20-07-2026 15:00:00",13.164544,80.26285,OZONE,8,9,8
India,"Tamil Nadu",Chennai,"Royapuram, Chennai - TNPCB","20-07-2026 15:00:00",13.1036,80.2909,OZONE,28,33,31
India,"Tamil Nadu",Chennai,"Perungudi, Chennai - TNPCB","20-07-2026 15:00:00",12.9533,80.2357,NH3,0,1,0
India,"Tamil Nadu",Chennai,"Kodungaiyur, Chennai - TNPCB","20-07-2026 15:00:00",13.1278,80.2642,PM2.5,22,92,45
India,"Tamil Nadu",Cuddalore,"Semmandalam, Cuddalore - TNPCB","20-07-2026 15:00:00",11.7637683,79.7499835,PM10,NA,NA,NA
India,"Tamil Nadu",Cuddalore,"Semmandalam, Cuddalore - TNPCB","20-07-2026 15:00:00",11.7637683,79.7499835,SO2,NA,NA,NA
India,Rajasthan,Bhiwadi,"RIICO Ind. Area III, Bhiwadi - RSPCB","20-07-2026 15:00:00",28.194909,76.862296,PM2.5,58,120,82
India,Rajasthan,Bhiwadi,"RIICO Ind. Area III, Bhiwadi - RSPCB","20-07-2026 15:00:00",28.194909,76.862296,PM10,67,131,99
India,Rajasthan,Bhiwadi,"RIICO Ind. Area III, Bhiwadi - RSPCB","20-07-2026 15:00:00",28.194909,76.862296,NO2,33,85,51
India,Rajasthan,Bikaner,"MM Ground, Bikaner - RSPCB","20-07-2026 15:00:00",28.018792,73.292658,SO2,1,8,5
India,Rajasthan,Bundi,"New Colony, Bundi - RSPCB","20-07-2026 15:00:00",25.435774,75.644272,SO2,1,5,3
India,Rajasthan,Chittorgarh,"Shastri Nagar, Chittorgarh - RSPCB","20-07-2026 15:00:00",24.892047,74.623527,PM2.5,7,140,54
India,Rajasthan,Chittorgarh,"Shastri Nagar, Chittorgarh - RSPCB","20-07-2026 15:00:00",24.892047,74.623527,NO2,50,65,58
India,Rajasthan,Chittorgarh,"Shastri Nagar, Chittorgarh - RSPCB","20-07-2026 15:00:00",24.892047,74.623527,NH3,5,7,6
India,Rajasthan,Dholpur,"Raja Ganj, Dholpur - RSPCB","20-07-2026 15:00:00",26.699557,77.898881,PM10,15,135,48
India,"Tamil Nadu",Ramanathapuram,"Chalai Bazaar, Ramanathapuram - TNPCB","20-07-2026 15:00:00",9.36399,78.831977,PM2.5,NA,NA,NA
India,"Tamil Nadu",Ramanathapuram,"Chalai Bazaar, Ramanathapuram - TNPCB","20-07-2026 15:00:00",9.36399,78.831977,CO,NA,NA,NA
India,"Tamil Nadu",Ramanathapuram,"Chalai Bazaar, Ramanathapuram - TNPCB","20-07-2026 15:00:00",9.36399,78.831977,OZONE,5,6,6
India,Telangana,Hyderabad,"Somajiguda, Hyderabad - TSPCB","20-07-2026 15:00:00",17.417094,78.457437,PM2.5,NA,NA,NA
India,Telangana,Hyderabad,"Somajiguda, Hyderabad - TSPCB","20-07-2026 15:00:00",17.417094,78.457437,NO2,14,18,15
India,Telangana,Hyderabad,"Nacharam_TSIIC IALA, Hyderabad - TSPCB","20-07-2026 15:00:00",17.429398,78.569354,NO2,8,19,11
India,Telangana,Hyderabad,"Nacharam_TSIIC IALA, Hyderabad - TSPCB","20-07-2026 15:00:00",17.429398,78.569354,NH3,4,7,5
India,Telangana,Hyderabad,"Kompally Municipal Office, Hyderabad - TSPCB","20-07-2026 15:00:00",17.544899,78.486949,PM10,NA,NA,NA
India,Telangana,Hyderabad,"Kompally Municipal Office, Hyderabad - TSPCB","20-07-2026 15:00:00",17.544899,78.486949,SO2,NA,NA,NA
India,"Uttar Pradesh",Prayagraj,"Nagar Nigam, Prayagraj - UPPCB","20-07-2026 15:00:00",25.44919916,81.82735986,PM2.5,2,19,12
India,"Uttar Pradesh",Prayagraj,"Nagar Nigam, Prayagraj - UPPCB","20-07-2026 15:00:00",25.44919916,81.82735986,NO2,5,6,5
India,"Uttar Pradesh",Prayagraj,"Nagar Nigam, Prayagraj - UPPCB","20-07-2026 15:00:00",25.44919916,81.82735986,NH3,7,10,8
India,"Uttar Pradesh",Prayagraj,"Nagar Nigam, Prayagraj - UPPCB","20-07-2026 15:00:00",25.44919916,81.82735986,SO2,31,42,32
India,"Uttar Pradesh",Raebareli,"Anand Nagar, Raebareli - UPPCB","20-07-2026 15:00:00",26.219512,81.237648,PM10,24,163,91
India,"Uttar Pradesh",Raebareli,"Anand Nagar, Raebareli - UPPCB","20-07-2026 15:00:00",26.219512,81.237648,CO,49,84,70
India,"Uttar Pradesh",Raebareli," Indira Nagar, Raebareli - NTPC Unchahar","20-07-2026 15:00:00",26.207781,81.245571,PM10,NA,NA,NA
India,"Uttar Pradesh",Raebareli," Indira Nagar, Raebareli - NTPC Unchahar","20-07-2026 15:00:00",26.207781,81.245571,NH3,8,12,10
India,"Uttar Pradesh",Varanasi,"Maldahiya, Varanasi - UPPCB","20-07-2026 15:00:00",25.32393,82.99687,PM2.5,NA,NA,NA
India,"Uttar Pradesh",Varanasi,"Maldahiya, Varanasi - UPPCB","20-07-2026 15:00:00",25.32393,82.99687,PM10,15,50,33
India,"Uttar Pradesh",Varanasi,"Maldahiya, Varanasi - UPPCB","20-07-2026 15:00:00",25.32393,82.99687,SO2,29,30,30
India,"Uttar Pradesh",Varanasi,"IESD Banaras Hindu University, Varanasi - UPPCB","20-07-2026 15:00:00",25.262326,82.995408,NO2,2,2,2
India,"Uttar Pradesh",Varanasi,"IESD Banaras Hindu University, Varanasi - UPPCB","20-07-2026 15:00:00",25.262326,82.995408,SO2,4,12,9
India,"Uttar Pradesh",Varanasi,"IESD Banaras Hindu University, Varanasi - UPPCB","20-07-2026 15:00:00",25.262326,82.995408,OZONE,5,6,6
India,"Uttar Pradesh",Varanasi,"Bhelupur, Varanasi - UPPCB","20-07-2026 15:00:00",25.301778,82.996789,PM10,13,58,37
India,"Uttar Pradesh",Varanasi,"Ardhali Bazar, Varanasi - UPPCB","20-07-2026 15:00:00",25.3505986,82.9083074,SO2,12,18,15
India,"Uttar Pradesh",Vrindavan,"Omex Eternity, Vrindavan - UPPCB","20-07-2026 15:00:00",27.571409,77.655757,NH3,8,9,8
India,Uttarakhand,Dehradun,"Doon University, Dehradun - UKPCB","20-07-2026 15:00:00",30.269444,78.044167,NO2,NA,NA,NA
India,Uttarakhand,Dehradun,"Doon University, Dehradun - UKPCB","20-07-2026 15:00:00",30.269444,78.044167,CO,1,46,13
India,"Uttar Pradesh",Agra,"Rohta, Agra - UPPCB","20-07-2026 15:00:00",27.106972,78.000111,NH3,5,6,5
India,"Uttar Pradesh",Agra,"Sector-3B Avas Vikas Colony, Agra - UPPCB","20-07-2026 15:00:00",27.19412,77.96237,PM2.5,39,81,58
India,"Uttar Pradesh",Agra,"Sector-3B Avas Vikas Colony, Agra - UPPCB","20-07-2026 15:00:00",27.19412,77.96237,PM10,54,110,81
India,"Uttar Pradesh",Agra,"Sector-3B Avas Vikas Colony, Agra - UPPCB","20-07-2026 15:00:00",27.19412,77.96237,SO2,21,21,21
India,"Uttar Pradesh",Agra,"Shastripuram, Agra - UPPCB","20-07-2026 15:00:00",27.19862,77.92066,PM2.5,19,68,47
India,"Uttar Pradesh",Agra,"Shahjahan Garden, Agra - UPPCB","20-07-2026 15:00:00",27.169338,78.03582,SO2,34,38,36
India,"Uttar Pradesh",Agra,"Shahjahan Garden, Agra - UPPCB","20-07-2026 15:00:00",27.169338,78.03582,CO,20,20,20
India,"Uttar Pradesh",Agra,"Manoharpur, Agra - UPPCB","20-07-2026 15:00:00",27.23711,78.01936,PM2.5,93,165,117
India,"Uttar Pradesh",Agra,"Manoharpur, Agra - UPPCB","20-07-2026 15:00:00",27.23711,78.01936,PM10,71,102,85
India,"Uttar Pradesh",Baghpat,"Sardar Patel Inter College, Baghpat - UPPCB","20-07-2026 15:00:00",28.964949,77.278761,SO2,3,14,9
India,"Uttar Pradesh",Baghpat,"Sardar Patel Inter College, Baghpat - UPPCB","20-07-2026 15:00:00",28.964949,77.278761,OZONE,15,39,27
India,"Uttar Pradesh",Bareilly,"Rajendra Nagar, Bareilly - UPPCB","20-07-2026 15:00:00",28.38910936,79.42963708,NO2,8,10,9
India,"Uttar Pradesh",Bareilly,"Civil Lines, Bareilly - UPPCB","20-07-2026 15:00:00",28.359581,79.414455,NO2,8,9,9
India,"Uttar Pradesh",Bulandshahr,"Yamunapuram, Bulandshahr - UPPCB","20-07-2026 15:00:00",28.406963,77.849831,PM10,41,118,76
India,"Uttar Pradesh","Greater Noida","Knowledge Park - V, Greater Noida - UPPCB","20-07-2026 15:00:00",28.557054,77.453663,NO2,14,25,18
India,"Uttar Pradesh","Greater Noida","Knowledge Park - V, Greater Noida - UPPCB","20-07-2026 15:00:00",28.557054,77.453663,SO2,7,12,9
India,"Uttar Pradesh",Hapur,"Anand Vihar, Hapur - UPPCB","20-07-2026 15:00:00",28.725645,77.749675,NO2,9,12,10
India,"Uttar Pradesh",Jhansi,"Shivaji Nagar, Jhansi - UPPCB","20-07-2026 15:00:00",25.4547,78.6039,PM10,NA,NA,NA
India,"Uttar Pradesh",Kanpur,"FTI Kidwai Nagar, Kanpur - UPPCB","20-07-2026 15:00:00",26.428282,80.327067,PM10,4,141,28
India,"Uttar Pradesh",Kanpur,"FTI Kidwai Nagar, Kanpur - UPPCB","20-07-2026 15:00:00",26.428282,80.327067,NH3,3,3,3
India,"Uttar Pradesh",Kanpur,"FTI Kidwai Nagar, Kanpur - UPPCB","20-07-2026 15:00:00",26.428282,80.327067,SO2,23,26,25
India,"Uttar Pradesh",Kanpur,"Nehru Nagar, Kanpur - UPPCB","20-07-2026 15:00:00",26.4703136,80.3229863,NH3,NA,NA,NA
India,"Uttar Pradesh",Kanpur,"Nehru Nagar, Kanpur - UPPCB","20-07-2026 15:00:00",26.4703136,80.3229863,SO2,10,12,12
India,"Uttar Pradesh",Kanpur,"Nehru Nagar, Kanpur - UPPCB","20-07-2026 15:00:00",26.4703136,80.3229863,CO,45,53,49
India,"Uttar Pradesh",Kanpur,"NSI Kalyanpur, Kanpur - UPPCB","20-07-2026 15:00:00",26.509954,80.249612,NO2,31,31,31
India,"Uttar Pradesh",Khora,"Prashant Garden, Khora - UPPCB","20-07-2026 15:00:00",28.61119,77.34206,PM10,96,161,124
India,"Uttar Pradesh",Khora,"Prashant Garden, Khora - UPPCB","20-07-2026 15:00:00",28.61119,77.34206,NO2,26,32,27
India,"Uttar Pradesh",Khurja,"Kalindi Kunj, Khurja - UPPCB","20-07-2026 15:00:00",28.2348927,77.8683002,PM10,24,117,52
India,"Uttar Pradesh",Bulandshahr,"Yamunapuram, Bulandshahr - UPPCB","20-07-2026 15:00:00",28.406963,77.849831,SO2,7,13,9
India,"Uttar Pradesh",Bulandshahr,"Yamunapuram, Bulandshahr - UPPCB","20-07-2026 15:00:00",28.406963,77.849831,CO,27,42,33
India,"Uttar Pradesh",Firozabad,"Nagla Bhau, Firozabad - UPPCB","20-07-2026 15:00:00",27.168897,78.37696,NO2,17,17,17
India,"Uttar Pradesh",Firozabad,"Vibhab Nagar, Firozabad - UPPCB","20-07-2026 15:00:00",27.1594,78.3953,PM2.5,12,500,43
India,"Uttar Pradesh",Firozabad,"Vibhab Nagar, Firozabad - UPPCB","20-07-2026 15:00:00",27.1594,78.3953,NH3,6,7,7
India,"Uttar Pradesh",Ghaziabad,"Sanjay Nagar, Ghaziabad - UPPCB","20-07-2026 15:00:00",28.685382,77.453839,OZONE,5,10,7
India,"Uttar Pradesh",Ghaziabad,"Vasundhara, Ghaziabad - UPPCB","20-07-2026 15:00:00",28.6603346,77.3572563,NO2,17,33,25
India,"Uttar Pradesh",Ghaziabad,"Vasundhara, Ghaziabad - UPPCB","20-07-2026 15:00:00",28.6603346,77.3572563,NH3,7,10,8
India,"Uttar Pradesh",Ghaziabad,"Vasundhara, Ghaziabad - UPPCB","20-07-2026 15:00:00",28.6603346,77.3572563,OZONE,13,27,19
India,"Uttar Pradesh",Ghaziabad,"Indirapuram, Ghaziabad - UPPCB","20-07-2026 15:00:00",28.646233,77.358075,SO2,13,103,19
India,"Uttar Pradesh",Ghaziabad,"Loni, Ghaziabad - UPPCB","20-07-2026 15:00:00",28.757294,77.278792,OZONE,7,26,19
India,"Uttar Pradesh",Ghaziabad,"Govindpuram, Ghaziabad - UPPCB","20-07-2026 15:00:00",28.694528,77.494705,PM2.5,21,68,41
India,"Uttar Pradesh",Ghaziabad,"Govindpuram, Ghaziabad - UPPCB","20-07-2026 15:00:00",28.694528,77.494705,PM10,18,61,38
India,"Uttar Pradesh",Meerut,"Pallavpuram Phase 2, Meerut - UPPCB","20-07-2026 15:00:00",29.06351,77.709723,NO2,14,33,22
India,"Uttar Pradesh",Meerut,"Pallavpuram Phase 2, Meerut - UPPCB","20-07-2026 15:00:00",29.06351,77.709723,OZONE,5,33,19
India,"Uttar Pradesh",Meerut,"Jai Bhim Nagar, Meerut - UPPCB","20-07-2026 15:00:00",28.9535882,77.7622941,PM2.5,19,73,41
India,"Uttar Pradesh",Meerut,"Jai Bhim Nagar, Meerut - UPPCB","20-07-2026 15:00:00",28.9535882,77.7622941,PM10,47,106,70
India,"Uttar Pradesh",Meerut,"Jai Bhim Nagar, Meerut - UPPCB","20-07-2026 15:00:00",28.9535882,77.7622941,NH3,10,59,19
India,"Uttar Pradesh",Modinagar,"SRM University, Modinagar - UPPCB","20-07-2026 15:00:00",28.798171,77.540243,PM10,9,124,79
India,"Uttar Pradesh",Moradabad,"Jigar Colony, Moradabad - UPPCB","20-07-2026 15:00:00",28.856664,78.772638,OZONE,18,33,23
India,"Uttar Pradesh",Moradabad,"Eco Herbal Park, Moradabad - UPPCB","20-07-2026 15:00:00",28.840739,78.697531,PM10,5,46,24
India,"Uttar Pradesh",Moradabad,"Employment Office, Moradabad - UPPCB","20-07-2026 15:00:00",28.88528,78.7388,OZONE,5,16,13
India,"Uttar Pradesh",Moradabad,"Transport Nagar, Moradabad - UPPCB","20-07-2026 15:00:00",28.802625,78.753728,NO2,24,24,24
India,"Uttar Pradesh",Moradabad,"Buddhi Vihar, Moradabad - UPPCB","20-07-2026 15:00:00",28.83526,78.7446,PM10,20,57,40
India,"Uttar Pradesh",Moradabad,"Buddhi Vihar, Moradabad - UPPCB","20-07-2026 15:00:00",28.83526,78.7446,CO,26,33,31
India,Uttarakhand,Kashipur,"Govt. Girls Inter College, Kashipur - UKPCB","20-07-2026 15:00:00",29.2124114,78.9611753,PM10,NA,NA,NA
India,Uttarakhand,Kashipur,"Govt. Girls Inter College, Kashipur - UKPCB","20-07-2026 15:00:00",29.2124114,78.9611753,CO,6,11,8
India,Uttarakhand,Kashipur,"Govt. Girls Inter College, Kashipur - UKPCB","20-07-2026 15:00:00",29.2124114,78.9611753,OZONE,6,8,7
India,Uttarakhand,Rishikesh,"Shivaji Nagar, Rishikesh - UKPCB","20-07-2026 15:00:00",30.075911,78.2859547,PM10,15,15,15
India,Uttarakhand,Rishikesh,"Shivaji Nagar, Rishikesh - UKPCB","20-07-2026 15:00:00",30.075911,78.2859547,NO2,7,7,7
India,"West Bengal",Asansol,"Mahabir Colliery, Asansol - WBPCB","20-07-2026 15:00:00",23.618183,87.105718,PM10,6,57,36
India,"West Bengal",Asansol,"Mahabir Colliery, Asansol - WBPCB","20-07-2026 15:00:00",23.618183,87.105718,NH3,0,2,0
India,"West Bengal",Asansol,"Evelyn Lodge, Asansol - WBPCB","20-07-2026 15:00:00",23.697936,86.944395,NO2,10,25,14
India,"West Bengal",Asansol,"Evelyn Lodge, Asansol - WBPCB","20-07-2026 15:00:00",23.697936,86.944395,SO2,75,77,76
India,"West Bengal",Asansol,"Evelyn Lodge, Asansol - WBPCB","20-07-2026 15:00:00",23.697936,86.944395,OZONE,6,12,8
India,"West Bengal",Durgapur,"Mahishkapur Road_B-Zone, Durgapur - WBPCB","20-07-2026 15:00:00",23.567923,87.306843,PM10,8,90,55
India,"West Bengal",Durgapur,"Mahishkapur Road_B-Zone, Durgapur - WBPCB","20-07-2026 15:00:00",23.567923,87.306843,SO2,13,36,16
India,"West Bengal",Durgapur,"PCBL Residential Complex, Durgapur - WBPCB","20-07-2026 15:00:00",23.508764,87.35444,NH3,5,6,6
India,"Uttar Pradesh",Khurja,"Kalindi Kunj, Khurja - UPPCB","20-07-2026 15:00:00",28.2348927,77.8683002,OZONE,22,23,23
India,"Uttar Pradesh",Lucknow,"Gomti Nagar, Lucknow - UPPCB","20-07-2026 15:00:00",26.86812,81.005119,PM10,3,27,16
India,"Uttar Pradesh",Lucknow,"Lalbagh, Lucknow - CPCB","20-07-2026 15:00:00",26.8458805,80.9365541,PM10,10,59,40
India,"Uttar Pradesh",Lucknow,"Lalbagh, Lucknow - CPCB","20-07-2026 15:00:00",26.8458805,80.9365541,NO2,20,28,23
India,"Uttar Pradesh",Lucknow,"Kukrail Picnic Spot-1, Lucknow - UPPCB","20-07-2026 15:00:00",26.90723,80.98579,CO,11,19,16
India,"Uttar Pradesh",Lucknow,"B R Ambedkar University, Lucknow - UPPCB","20-07-2026 15:00:00",26.766433,80.927299,PM2.5,NA,NA,NA
India,"Uttar Pradesh",Lucknow,"B R Ambedkar University, Lucknow - UPPCB","20-07-2026 15:00:00",26.766433,80.927299,SO2,32,37,34
India,"Uttar Pradesh",Mathura,"Pali Dungra, Mathura - UPPCB","20-07-2026 15:00:00",27.410954,77.550619,PM2.5,NA,NA,NA
India,"Uttar Pradesh",Mathura,"Pali Dungra, Mathura - UPPCB","20-07-2026 15:00:00",27.410954,77.550619,OZONE,15,16,15
India,"Uttar Pradesh",Meerut,"Ganga Nagar, Meerut - UPPCB","20-07-2026 15:00:00",28.999264,77.7590354,NO2,20,31,27
India,"Uttar Pradesh",Muzaffarnagar,"New Mandi, Muzaffarnagar - UPPCB","20-07-2026 15:00:00",29.4723508,77.7194031,NO2,15,22,19
India,"Uttar Pradesh",Muzaffarnagar,"New Mandi, Muzaffarnagar - UPPCB","20-07-2026 15:00:00",29.4723508,77.7194031,SO2,5,13,8
India,"Uttar Pradesh",Muzaffarnagar,"New Mandi, Muzaffarnagar - UPPCB","20-07-2026 15:00:00",29.4723508,77.7194031,CO,17,27,21
India,"Uttar Pradesh",Noida,"Sector-116, Noida - UPPCB","20-07-2026 15:00:00",28.56923,77.393848,PM10,87,208,142
India,"Uttar Pradesh",Noida,"Sector - 125, Noida - UPPCB","20-07-2026 15:00:00",28.5447608,77.3231257,PM2.5,53,119,80
India,"Uttar Pradesh",Noida,"Sector - 125, Noida - UPPCB","20-07-2026 15:00:00",28.5447608,77.3231257,OZONE,12,15,14
India,"Uttar Pradesh",Prayagraj,"Jhunsi, Prayagraj - UPPCB","20-07-2026 15:00:00",25.425602,81.917152,NO2,4,6,6
India,"Uttar Pradesh",Prayagraj,"Jhunsi, Prayagraj - UPPCB","20-07-2026 15:00:00",25.425602,81.917152,SO2,15,44,27
India,"Uttar Pradesh",Prayagraj,"Motilal Nehru NIT, Prayagraj - UPPCB","20-07-2026 15:00:00",25.494,81.863,PM10,11,111,33
India,"Uttar Pradesh",Prayagraj,"Motilal Nehru NIT, Prayagraj - UPPCB","20-07-2026 15:00:00",25.494,81.863,NH3,8,8,8
India,"West Bengal",Durgapur,"Womens College_City Center, Durgapur - WBPCB","20-07-2026 15:00:00",23.549395,87.300496,PM2.5,29,63,41
India,"West Bengal",Durgapur,"Womens College_City Center, Durgapur - WBPCB","20-07-2026 15:00:00",23.549395,87.300496,CO,19,30,26
India,"West Bengal",Haldia,"Priyambada Housing Estate, Haldia - WBPCB","20-07-2026 15:00:00",22.06047,88.109737,CO,25,30,27
India,"West Bengal",Howrah,"Botanical Garden, Howrah - WBPCB","20-07-2026 15:00:00",22.554954,88.292568,CO,14,17,15
India,"West Bengal",Howrah,"Belur Math, Howrah - WBPCB","20-07-2026 15:00:00",22.629801,88.352017,PM10,42,68,54
India,"West Bengal",Howrah,"Belur Math, Howrah - WBPCB","20-07-2026 15:00:00",22.629801,88.352017,SO2,6,7,7
India,"West Bengal",Kolkata,"Bidhannagar, Kolkata - WBPCB","20-07-2026 15:00:00",22.58157048,88.41002457,NO2,13,13,13
India,"West Bengal",Kolkata,"Victoria, Kolkata - WBPCB","20-07-2026 15:00:00",22.5448082,88.3403691,PM10,90,104,97
India,"West Bengal",Kolkata,"Rabindra Bharati University, Kolkata - WBPCB","20-07-2026 15:00:00",22.627847,88.380669,CO,40,49,46
India,"West Bengal",Kolkata,"Jadavpur, Kolkata - WBPCB","20-07-2026 15:00:00",22.49929,88.36917,NH3,12,15,13
India,"West Bengal",Kolkata,"Fort William, Kolkata - WBPCB","20-07-2026 15:00:00",22.55664,88.342674,PM10,12,62,42
India,"West Bengal",Siliguri,"Ward-32 Bapupara, Siliguri - WBPCB","20-07-2026 15:00:00",26.6879226,88.4152495,PM2.5,12,29,16
India,"West Bengal",Siliguri,"Ward-32 Bapupara, Siliguri - WBPCB","20-07-2026 15:00:00",26.6879226,88.4152495,NO2,100,126,110
India,"West Bengal",Siliguri,"Ward-32 Bapupara, Siliguri - WBPCB","20-07-2026 15:00:00",26.6879226,88.4152495,CO,16,32,22
